model_id,timing_mode,checkpoint_id,revision_target_id,n_forecasts,RMSE,MAE,bias,relative_RMSFE,DM_test,sign_accuracy,convergence_rate,mean_iterations,mean_llf_relative_last_improvement,median_llf_relative_last_improvement,max_llf_relative_last_improvement,mean_numerical_guard_event_count,max_numerical_guard_event_count,initialization_seed,source_dir
ar,exact,pre_advance,DELTA_SA,12,0.2677032186437722,0.2310021451991581,0.0573980020927568,1.0,1.0,0.5833333333333334,1.0,0.0,,,,0.0,0.0,1,<PROJECT_ROOT>/outputs/full_state_space_release_revision_dfm/initialization_audit_journal_candidate/seed_1
bridge,exact,pre_advance,DELTA_SA,12,0.3196982962604459,0.2778985376898982,0.0677128877834062,1.194226568810376,0.1295630016016453,0.5833333333333334,1.0,0.0,,,,0.0,0.0,1,<PROJECT_ROOT>/outputs/full_state_space_release_revision_dfm/initialization_audit_journal_candidate/seed_1
indicator_revision_only_dfm_kalman_em,exact,pre_advance,DELTA_SA,12,0.2421589698249203,0.2081999999999999,-0.02885,0.9045799712522576,0.2698071321429216,0.0,0.6666666666666666,44.166666666666664,0.0002093920782157,9.341413862628668e-05,0.0005735157193515,0.0,0.0,1,<PROJECT_ROOT>/outputs/full_state_space_release_revision_dfm/initialization_audit_journal_candidate/seed_1
joint_indicator_revision_dfm_full_kalman_em,exact,pre_advance,DELTA_SA,12,0.3995094448951937,0.3079300084709301,0.0379227443716766,1.4923595125944813,0.1202350180473377,0.5833333333333334,0.6666666666666666,44.916666666666664,0.000147244516989,9.74657671995586e-05,0.0004159665138217,0.0,0.0,1,<PROJECT_ROOT>/outputs/full_state_space_release_revision_dfm/initialization_audit_journal_candidate/seed_1
midas_umidas,exact,pre_advance,DELTA_SA,12,1.0115523653580298,0.7181568402672717,0.4929875027885932,3.778633557275544,0.0450888168263253,0.5833333333333334,1.0,0.0,,,,0.0,0.0,1,<PROJECT_ROOT>/outputs/full_state_space_release_revision_dfm/initialization_audit_journal_candidate/seed_1
monthly_mixed_frequency_kalman_em,exact,pre_advance,DELTA_SA,12,0.2385584738595018,0.1930528166682795,0.0814292825002112,0.8911303908413117,0.033048462063901,0.5833333333333334,1.0,28.583333333333332,9.431670360387908e-05,9.448204234813744e-05,9.992598888191642e-05,0.0,0.0,1,<PROJECT_ROOT>/outputs/full_state_space_release_revision_dfm/initialization_audit_journal_candidate/seed_1
no_revision,exact,pre_advance,DELTA_SA,12,0.2421589698249203,0.2081999999999999,-0.02885,0.9045799712522576,0.2698071321429216,0.0,1.0,0.0,,,,0.0,0.0,1,<PROJECT_ROOT>/outputs/full_state_space_release_revision_dfm/initialization_audit_journal_candidate/seed_1
release_dfm,exact,pre_advance,DELTA_SA,12,0.2499810027346831,0.2076016390589358,0.0664932113177948,0.9337990181856136,0.0337129180411145,0.5833333333333334,1.0,0.0,,,,0.0,0.0,1,<PROJECT_ROOT>/outputs/full_state_space_release_revision_dfm/initialization_audit_journal_candidate/seed_1
revision_dfm_kalman_em,exact,pre_advance,DELTA_SA,12,0.2182633621284349,0.1602459071244828,0.1068969428304886,0.8153184083261772,0.0680180249892526,0.6666666666666666,1.0,27.5,9.58731053498176e-05,9.575409124456048e-05,9.905345009956836e-05,0.0,0.0,1,<PROJECT_ROOT>/outputs/full_state_space_release_revision_dfm/initialization_audit_journal_candidate/seed_1
standard_dfm,exact,pre_advance,DELTA_SA,12,0.2499810027346831,0.2076016390589358,0.0664932113177948,0.9337990181856136,0.0337129180411145,0.5833333333333334,1.0,0.0,,,,0.0,0.0,1,<PROJECT_ROOT>/outputs/full_state_space_release_revision_dfm/initialization_audit_journal_candidate/seed_1
ar,exact,pre_second,DELTA_TS,12,0.251959656467342,0.1848646173354902,-0.0376689511299719,1.0,1.0,0.6666666666666666,1.0,0.0,,,,0.0,0.0,1,<PROJECT_ROOT>/outputs/full_state_space_release_revision_dfm/initialization_audit_journal_candidate/seed_1
bridge,exact,pre_second,DELTA_TS,12,0.3561542174133306,0.271933324538907,0.0504661025795201,1.4135366844314372,0.1092960133469001,0.5833333333333334,1.0,0.0,,,,0.0,0.0,1,<PROJECT_ROOT>/outputs/full_state_space_release_revision_dfm/initialization_audit_journal_candidate/seed_1
indicator_revision_only_dfm_kalman_em,exact,pre_second,DELTA_TS,12,0.2681974785489229,0.1863916666666666,-0.1095583333333333,1.064446119308333,0.380038266158234,0.0,0.5,45.333333333333336,0.0002509434516125,0.0001215394193305,0.0006414258843856,0.0,0.0,1,<PROJECT_ROOT>/outputs/full_state_space_release_revision_dfm/initialization_audit_journal_candidate/seed_1
joint_indicator_revision_dfm_full_kalman_em,exact,pre_second,DELTA_TS,12,0.270729537393367,0.1876617425103394,-0.1075027543713534,1.0744955807179308,0.3435494691031969,0.6666666666666666,0.5833333333333334,46.0,0.000161127931331,9.79789240341984e-05,0.0004548369800336,0.0,0.0,1,<PROJECT_ROOT>/outputs/full_state_space_release_revision_dfm/initialization_audit_journal_candidate/seed_1
midas_umidas,exact,pre_second,DELTA_TS,12,0.5678132845203745,0.4333814971073701,0.0072989357337582,2.2535881040700345,0.0232270770637397,0.5833333333333334,1.0,0.0,,,,0.0,0.0,1,<PROJECT_ROOT>/outputs/full_state_space_release_revision_dfm/initialization_audit_journal_candidate/seed_1
monthly_mixed_frequency_kalman_em,exact,pre_second,DELTA_TS,12,0.2587022962584349,0.1959430741208666,-0.0473482731673555,1.026760791333143,0.3763717199027357,0.6666666666666666,1.0,28.583333333333332,9.37581198711988e-05,9.344417099474332e-05,9.848143660208904e-05,0.0,0.0,1,<PROJECT_ROOT>/outputs/full_state_space_release_revision_dfm/initialization_audit_journal_candidate/seed_1
no_revision,exact,pre_second,DELTA_TS,12,0.2681974785489229,0.1863916666666666,-0.1095583333333333,1.064446119308333,0.380038266158234,0.0,1.0,0.0,,,,0.0,0.0,1,<PROJECT_ROOT>/outputs/full_state_space_release_revision_dfm/initialization_audit_journal_candidate/seed_1
release_dfm,exact,pre_second,DELTA_TS,12,0.2535413779557457,0.1780726052292352,-0.0623744546151883,1.0062776775876765,0.7733281819494218,0.6666666666666666,1.0,0.0,,,,0.0,0.0,1,<PROJECT_ROOT>/outputs/full_state_space_release_revision_dfm/initialization_audit_journal_candidate/seed_1
revision_dfm_kalman_em,exact,pre_second,DELTA_TS,12,0.2673797958576786,0.1846265091790825,-0.1063178000422822,1.0612008271742317,0.3856691959834273,0.6666666666666666,1.0,27.166666666666668,9.449180269546412e-05,9.3914415832115e-05,9.937386079022953e-05,0.0,0.0,1,<PROJECT_ROOT>/outputs/full_state_space_release_revision_dfm/initialization_audit_journal_candidate/seed_1
standard_dfm,exact,pre_second,DELTA_TS,12,0.2505310868078688,0.1827167930044863,-0.0418933687109395,0.9943301650768112,0.5776575310770069,0.6666666666666666,1.0,0.0,,,,0.0,0.0,1,<PROJECT_ROOT>/outputs/full_state_space_release_revision_dfm/initialization_audit_journal_candidate/seed_1
ar,exact,pre_third,DELTA_MT,12,3.932973087544104,1.7813117148934503,-1.187940989204239,1.0,1.0,0.4166666666666667,1.0,0.0,,,,0.0,0.0,1,<PROJECT_ROOT>/outputs/full_state_space_release_revision_dfm/initialization_audit_journal_candidate/seed_1
bridge,exact,pre_third,DELTA_MT,12,1.1076213627732276,0.810840186646312,0.2204040255435678,0.2816244449475417,0.3176521810021823,0.5833333333333334,1.0,0.0,,,,0.0,0.0,1,<PROJECT_ROOT>/outputs/full_state_space_release_revision_dfm/initialization_audit_journal_candidate/seed_1
indicator_revision_only_dfm_kalman_em,exact,pre_third,DELTA_MT,12,0.5869673912010218,0.4937166666666668,-0.2176333333333333,0.1492426665872626,0.2852918527964827,0.0,0.5833333333333334,41.833333333333336,0.0002227262921267,9.387371319077431e-05,0.0007131245783815,0.0,0.0,1,<PROJECT_ROOT>/outputs/full_state_space_release_revision_dfm/initialization_audit_journal_candidate/seed_1
joint_indicator_revision_dfm_full_kalman_em,exact,pre_third,DELTA_MT,12,0.5879478154656308,0.4949594150582831,-0.2168517441664185,0.1494919498248505,0.285327008085593,0.4166666666666667,0.6666666666666666,42.916666666666664,0.000146175286763,9.723998083024325e-05,0.0004630183439142,0.0,0.0,1,<PROJECT_ROOT>/outputs/full_state_space_release_revision_dfm/initialization_audit_journal_candidate/seed_1
midas_umidas,exact,pre_third,DELTA_MT,12,4.210275087448997,3.4960652729830035,-0.3470831850952448,1.0705069660362336,0.8916779046585566,0.25,1.0,0.0,,,,0.0,0.0,1,<PROJECT_ROOT>/outputs/full_state_space_release_revision_dfm/initialization_audit_journal_candidate/seed_1
monthly_mixed_frequency_kalman_em,exact,pre_third,DELTA_MT,12,0.5785632400630882,0.501739964123204,-0.1828488643045474,0.1471058222837636,0.2848979767004619,0.5,1.0,28.416666666666668,9.410643926920017e-05,9.384653832010424e-05,9.999501178685108e-05,0.0,0.0,1,<PROJECT_ROOT>/outputs/full_state_space_release_revision_dfm/initialization_audit_journal_candidate/seed_1
no_revision,exact,pre_third,DELTA_MT,12,0.5869673912010218,0.4937166666666668,-0.2176333333333333,0.1492426665872626,0.2852918527964827,0.0,1.0,0.0,,,,0.0,0.0,1,<PROJECT_ROOT>/outputs/full_state_space_release_revision_dfm/initialization_audit_journal_candidate/seed_1
release_dfm,exact,pre_third,DELTA_MT,12,0.5717071089460181,0.4089228909659857,0.1953814718235556,0.1453625784413931,0.2854539022805759,0.75,1.0,0.0,,,,0.0,0.0,1,<PROJECT_ROOT>/outputs/full_state_space_release_revision_dfm/initialization_audit_journal_candidate/seed_1
revision_dfm_kalman_em,exact,pre_third,DELTA_MT,12,0.5874065003018691,0.4949489804727118,-0.2163324205794852,0.1493543147198771,0.2853019939093428,0.5833333333333334,1.0,27.25,9.49665408156504e-05,9.433806559320352e-05,9.913612028647048e-05,0.0,0.0,1,<PROJECT_ROOT>/outputs/full_state_space_release_revision_dfm/initialization_audit_journal_candidate/seed_1
standard_dfm,exact,pre_third,DELTA_MT,12,0.8763988277786433,0.6787905465327362,-0.0587876799569759,0.2228336701703442,0.3011245260710658,0.5,1.0,0.0,,,,0.0,0.0,1,<PROJECT_ROOT>/outputs/full_state_space_release_revision_dfm/initialization_audit_journal_candidate/seed_1
ar,pseudo,pre_advance,DELTA_SA,12,0.2677032186437722,0.2310021451991581,0.0573980020927568,1.0,1.0,0.5833333333333334,1.0,0.0,,,,0.0,0.0,1,<PROJECT_ROOT>/outputs/full_state_space_release_revision_dfm/initialization_audit_journal_candidate/seed_1
bridge,pseudo,pre_advance,DELTA_SA,12,0.3268941685998097,0.2832070708516317,0.0698243763889971,1.2211066055010784,0.1212077297214261,0.5833333333333334,1.0,0.0,,,,0.0,0.0,1,<PROJECT_ROOT>/outputs/full_state_space_release_revision_dfm/initialization_audit_journal_candidate/seed_1
indicator_revision_only_dfm_kalman_em,pseudo,pre_advance,DELTA_SA,12,0.2421589698249203,0.2081999999999999,-0.02885,0.9045799712522576,0.2698071321429216,0.0,0.6666666666666666,43.75,0.0002010781069953,9.2976131651132e-05,0.0005319765689303,0.0,0.0,1,<PROJECT_ROOT>/outputs/full_state_space_release_revision_dfm/initialization_audit_journal_candidate/seed_1
joint_indicator_revision_dfm_full_kalman_em,pseudo,pre_advance,DELTA_SA,12,0.4034224417329829,0.3226149630674312,0.058336335568447,1.5069764337417615,0.1027381369501785,0.5833333333333334,0.5833333333333334,45.25,0.0001511762459271,9.742301446044752e-05,0.000381809209707,0.0,0.0,1,<PROJECT_ROOT>/outputs/full_state_space_release_revision_dfm/initialization_audit_journal_candidate/seed_1
midas_umidas,pseudo,pre_advance,DELTA_SA,12,1.0310813767240443,0.7019709380532945,0.4537466281703131,3.85158378725392,0.0639341948363995,0.5833333333333334,1.0,0.0,,,,0.0,0.0,1,<PROJECT_ROOT>/outputs/full_state_space_release_revision_dfm/initialization_audit_journal_candidate/seed_1
monthly_mixed_frequency_kalman_em,pseudo,pre_advance,DELTA_SA,12,0.2387452345121499,0.1930353522425768,0.0813786081091929,0.8918280315106852,0.0350792999332243,0.5833333333333334,1.0,28.583333333333332,9.438332366821336e-05,9.464055731008136e-05,9.994961427105884e-05,0.0,0.0,1,<PROJECT_ROOT>/outputs/full_state_space_release_revision_dfm/initialization_audit_journal_candidate/seed_1
no_revision,pseudo,pre_advance,DELTA_SA,12,0.2421589698249203,0.2081999999999999,-0.02885,0.9045799712522576,0.2698071321429216,0.0,1.0,0.0,,,,0.0,0.0,1,<PROJECT_ROOT>/outputs/full_state_space_release_revision_dfm/initialization_audit_journal_candidate/seed_1
release_dfm,pseudo,pre_advance,DELTA_SA,12,0.2499958206649264,0.2076195428472318,0.0665108609041345,0.933854370266617,0.0339128467671872,0.5833333333333334,1.0,0.0,,,,0.0,0.0,1,<PROJECT_ROOT>/outputs/full_state_space_release_revision_dfm/initialization_audit_journal_candidate/seed_1
revision_dfm_kalman_em,pseudo,pre_advance,DELTA_SA,12,0.2183817600466487,0.1602908802664706,0.1070282460719269,0.8157606813732237,0.0690559764578211,0.6666666666666666,1.0,27.5,9.603728655897815e-05,9.57421932164726e-05,9.969356604020843e-05,0.0,0.0,1,<PROJECT_ROOT>/outputs/full_state_space_release_revision_dfm/initialization_audit_journal_candidate/seed_1
standard_dfm,pseudo,pre_advance,DELTA_SA,12,0.2499958206649264,0.2076195428472318,0.0665108609041345,0.933854370266617,0.0339128467671872,0.5833333333333334,1.0,0.0,,,,0.0,0.0,1,<PROJECT_ROOT>/outputs/full_state_space_release_revision_dfm/initialization_audit_journal_candidate/seed_1
ar,pseudo,pre_second,DELTA_TS,12,0.251959656467342,0.1848646173354902,-0.0376689511299719,1.0,1.0,0.6666666666666666,1.0,0.0,,,,0.0,0.0,1,<PROJECT_ROOT>/outputs/full_state_space_release_revision_dfm/initialization_audit_journal_candidate/seed_1
bridge,pseudo,pre_second,DELTA_TS,12,0.3619401883326655,0.2762217995411756,0.0483676830537495,1.4365005628572871,0.0871615726826451,0.5,1.0,0.0,,,,0.0,0.0,1,<PROJECT_ROOT>/outputs/full_state_space_release_revision_dfm/initialization_audit_journal_candidate/seed_1
indicator_revision_only_dfm_kalman_em,pseudo,pre_second,DELTA_TS,12,0.2681974785489229,0.1863916666666666,-0.1095583333333333,1.064446119308333,0.380038266158234,0.0,0.5,45.166666666666664,0.0002528808549386,0.0001297668592514,0.0006562213298782,0.0,0.0,1,<PROJECT_ROOT>/outputs/full_state_space_release_revision_dfm/initialization_audit_journal_candidate/seed_1
joint_indicator_revision_dfm_full_kalman_em,pseudo,pre_second,DELTA_TS,12,0.270788457706541,0.1876865975934077,-0.1075248818303099,1.0747294289220446,0.3431486088973802,0.6666666666666666,0.5833333333333334,46.0,0.0001624130039132,9.731452836258271e-05,0.0004606150307707,0.0,0.0,1,<PROJECT_ROOT>/outputs/full_state_space_release_revision_dfm/initialization_audit_journal_candidate/seed_1
midas_umidas,pseudo,pre_second,DELTA_TS,12,0.5772594121427352,0.4437511658083622,0.0148546705600844,2.291078739494778,0.0207803164407266,0.5,1.0,0.0,,,,0.0,0.0,1,<PROJECT_ROOT>/outputs/full_state_space_release_revision_dfm/initialization_audit_journal_candidate/seed_1
monthly_mixed_frequency_kalman_em,pseudo,pre_second,DELTA_TS,12,0.2587148110256348,0.1959550441987003,-0.0473439319777653,1.02681046105954,0.3753808571896914,0.6666666666666666,1.0,28.583333333333332,9.372632370715984e-05,9.333545536690683e-05,9.827650753848644e-05,0.0,0.0,1,<PROJECT_ROOT>/outputs/full_state_space_release_revision_dfm/initialization_audit_journal_candidate/seed_1
no_revision,pseudo,pre_second,DELTA_TS,12,0.2681974785489229,0.1863916666666666,-0.1095583333333333,1.064446119308333,0.380038266158234,0.0,1.0,0.0,,,,0.0,0.0,1,<PROJECT_ROOT>/outputs/full_state_space_release_revision_dfm/initialization_audit_journal_candidate/seed_1
release_dfm,pseudo,pre_second,DELTA_TS,12,0.2534855697240448,0.1780194749991728,-0.0623764767407242,1.0060561808906126,0.7806122941207081,0.6666666666666666,1.0,0.0,,,,0.0,0.0,1,<PROJECT_ROOT>/outputs/full_state_space_release_revision_dfm/initialization_audit_journal_candidate/seed_1
revision_dfm_kalman_em,pseudo,pre_second,DELTA_TS,12,0.2674119768842666,0.1846560336896032,-0.106329046857783,1.0613285501082883,0.385252526216199,0.6666666666666666,1.0,27.166666666666668,9.449506226427052e-05,9.388915538076176e-05,9.938627659082833e-05,0.0,0.0,1,<PROJECT_ROOT>/outputs/full_state_space_release_revision_dfm/initialization_audit_journal_candidate/seed_1
standard_dfm,pseudo,pre_second,DELTA_TS,12,0.2506157098335023,0.1827878756079632,-0.0419166563605817,0.9946660245029588,0.5985350114964143,0.6666666666666666,1.0,0.0,,,,0.0,0.0,1,<PROJECT_ROOT>/outputs/full_state_space_release_revision_dfm/initialization_audit_journal_candidate/seed_1
ar,pseudo,pre_third,DELTA_MT,12,3.932973087544104,1.7813117148934503,-1.187940989204239,1.0,1.0,0.4166666666666667,1.0,0.0,,,,0.0,0.0,1,<PROJECT_ROOT>/outputs/full_state_space_release_revision_dfm/initialization_audit_journal_candidate/seed_1
bridge,pseudo,pre_third,DELTA_MT,12,1.1043136490451386,0.7960913427605586,0.2374665752516012,0.2807834237520078,0.317313920823929,0.5,1.0,0.0,,,,0.0,0.0,1,<PROJECT_ROOT>/outputs/full_state_space_release_revision_dfm/initialization_audit_journal_candidate/seed_1
indicator_revision_only_dfm_kalman_em,pseudo,pre_third,DELTA_MT,12,0.5869673912010218,0.4937166666666668,-0.2176333333333333,0.1492426665872626,0.2852918527964827,0.0,0.5833333333333334,41.916666666666664,0.0002211523697429,9.316152429919482e-05,0.0007128077179073,0.0,0.0,1,<PROJECT_ROOT>/outputs/full_state_space_release_revision_dfm/initialization_audit_journal_candidate/seed_1
joint_indicator_revision_dfm_full_kalman_em,pseudo,pre_third,DELTA_MT,12,0.5877137644761947,0.4946718729326921,-0.2165600856072506,0.1494324398856197,0.285327484991625,0.5,0.6666666666666666,44.916666666666664,0.0001808772944907,9.818040654472346e-05,0.0005150827907741,0.0,0.0,1,<PROJECT_ROOT>/outputs/full_state_space_release_revision_dfm/initialization_audit_journal_candidate/seed_1
midas_umidas,pseudo,pre_third,DELTA_MT,12,4.2094849521279505,3.5206111054209823,-0.224052022048252,1.070306065774915,0.8917589789756226,0.25,1.0,0.0,,,,0.0,0.0,1,<PROJECT_ROOT>/outputs/full_state_space_release_revision_dfm/initialization_audit_journal_candidate/seed_1
monthly_mixed_frequency_kalman_em,pseudo,pre_third,DELTA_MT,12,0.5784598744747702,0.5015474949789395,-0.1832964767284867,0.1470795404898085,0.2848928874871325,0.5,1.0,28.583333333333332,9.28181234038416e-05,9.22090328105168e-05,9.732688187162676e-05,0.0,0.0,1,<PROJECT_ROOT>/outputs/full_state_space_release_revision_dfm/initialization_audit_journal_candidate/seed_1
no_revision,pseudo,pre_third,DELTA_MT,12,0.5869673912010218,0.4937166666666668,-0.2176333333333333,0.1492426665872626,0.2852918527964827,0.0,1.0,0.0,,,,0.0,0.0,1,<PROJECT_ROOT>/outputs/full_state_space_release_revision_dfm/initialization_audit_journal_candidate/seed_1
release_dfm,pseudo,pre_third,DELTA_MT,12,0.5699932175570538,0.4076405162081749,0.1964854263930126,0.1449268034307803,0.2853873905221377,0.75,1.0,0.0,,,,0.0,0.0,1,<PROJECT_ROOT>/outputs/full_state_space_release_revision_dfm/initialization_audit_journal_candidate/seed_1
revision_dfm_kalman_em,pseudo,pre_third,DELTA_MT,12,0.5873974529884395,0.4949391482410636,-0.2163376234221239,0.1493520143447593,0.285301743808585,0.5833333333333334,1.0,27.25,9.544167645592744e-05,9.5848070606581e-05,9.913603648374863e-05,0.0,0.0,1,<PROJECT_ROOT>/outputs/full_state_space_release_revision_dfm/initialization_audit_journal_candidate/seed_1
standard_dfm,pseudo,pre_third,DELTA_MT,12,0.8714588189457128,0.6763859085236993,-0.0568173865842447,0.2215776206823435,0.3008067814974284,0.5,1.0,0.0,,,,0.0,0.0,1,<PROJECT_ROOT>/outputs/full_state_space_release_revision_dfm/initialization_audit_journal_candidate/seed_1
ar,exact,pre_advance,DELTA_SA,12,0.2677032186437722,0.2310021451991581,0.0573980020927568,1.0,1.0,0.5833333333333334,1.0,0.0,,,,0.0,0.0,2,<PROJECT_ROOT>/outputs/full_state_space_release_revision_dfm/initialization_audit_journal_candidate/seed_2
bridge,exact,pre_advance,DELTA_SA,12,0.3196982962604459,0.2778985376898982,0.0677128877834062,1.194226568810376,0.1295630016016453,0.5833333333333334,1.0,0.0,,,,0.0,0.0,2,<PROJECT_ROOT>/outputs/full_state_space_release_revision_dfm/initialization_audit_journal_candidate/seed_2
indicator_revision_only_dfm_kalman_em,exact,pre_advance,DELTA_SA,12,0.2421589698249203,0.2081999999999999,-0.02885,0.9045799712522576,0.2698071321429216,0.0,0.5,44.583333333333336,0.00029157509639,0.0001376965964917,0.0012941329241129,0.0,0.0,2,<PROJECT_ROOT>/outputs/full_state_space_release_revision_dfm/initialization_audit_journal_candidate/seed_2
joint_indicator_revision_dfm_full_kalman_em,exact,pre_advance,DELTA_SA,12,0.3980000050289998,0.3216933275778206,0.0578078145293386,1.486721030271254,0.0995811116066296,0.5,0.6666666666666666,44.416666666666664,0.0001517379469482,9.259887339641748e-05,0.0004309055540313,0.0,0.0,2,<PROJECT_ROOT>/outputs/full_state_space_release_revision_dfm/initialization_audit_journal_candidate/seed_2
midas_umidas,exact,pre_advance,DELTA_SA,12,1.0115523653580298,0.7181568402672717,0.4929875027885932,3.778633557275544,0.0450888168263253,0.5833333333333334,1.0,0.0,,,,0.0,0.0,2,<PROJECT_ROOT>/outputs/full_state_space_release_revision_dfm/initialization_audit_journal_candidate/seed_2
monthly_mixed_frequency_kalman_em,exact,pre_advance,DELTA_SA,12,0.2385584738595018,0.1930528166682795,0.0814292825002112,0.8911303908413117,0.033048462063901,0.5833333333333334,1.0,28.583333333333332,9.431670360387908e-05,9.448204234813744e-05,9.992598888191642e-05,0.0,0.0,2,<PROJECT_ROOT>/outputs/full_state_space_release_revision_dfm/initialization_audit_journal_candidate/seed_2
no_revision,exact,pre_advance,DELTA_SA,12,0.2421589698249203,0.2081999999999999,-0.02885,0.9045799712522576,0.2698071321429216,0.0,1.0,0.0,,,,0.0,0.0,2,<PROJECT_ROOT>/outputs/full_state_space_release_revision_dfm/initialization_audit_journal_candidate/seed_2
release_dfm,exact,pre_advance,DELTA_SA,12,0.2499810027346831,0.2076016390589358,0.0664932113177948,0.9337990181856136,0.0337129180411145,0.5833333333333334,1.0,0.0,,,,0.0,0.0,2,<PROJECT_ROOT>/outputs/full_state_space_release_revision_dfm/initialization_audit_journal_candidate/seed_2
revision_dfm_kalman_em,exact,pre_advance,DELTA_SA,12,0.2182118433100873,0.160052550775589,0.10653336553593,0.815125960814307,0.0679942164685109,0.6666666666666666,1.0,27.75,9.237880292315204e-05,9.23093543147901e-05,9.810417226281796e-05,0.0,0.0,2,<PROJECT_ROOT>/outputs/full_state_space_release_revision_dfm/initialization_audit_journal_candidate/seed_2
standard_dfm,exact,pre_advance,DELTA_SA,12,0.2499810027346831,0.2076016390589358,0.0664932113177948,0.9337990181856136,0.0337129180411145,0.5833333333333334,1.0,0.0,,,,0.0,0.0,2,<PROJECT_ROOT>/outputs/full_state_space_release_revision_dfm/initialization_audit_journal_candidate/seed_2
ar,exact,pre_second,DELTA_TS,12,0.251959656467342,0.1848646173354902,-0.0376689511299719,1.0,1.0,0.6666666666666666,1.0,0.0,,,,0.0,0.0,2,<PROJECT_ROOT>/outputs/full_state_space_release_revision_dfm/initialization_audit_journal_candidate/seed_2
bridge,exact,pre_second,DELTA_TS,12,0.3561542174133306,0.271933324538907,0.0504661025795201,1.4135366844314372,0.1092960133469001,0.5833333333333334,1.0,0.0,,,,0.0,0.0,2,<PROJECT_ROOT>/outputs/full_state_space_release_revision_dfm/initialization_audit_journal_candidate/seed_2
indicator_revision_only_dfm_kalman_em,exact,pre_second,DELTA_TS,12,0.2681974785489229,0.1863916666666666,-0.1095583333333333,1.064446119308333,0.380038266158234,0.0,0.5,45.333333333333336,0.0002166026543291,0.0001283480363794,0.0005788257827337,0.0,0.0,2,<PROJECT_ROOT>/outputs/full_state_space_release_revision_dfm/initialization_audit_journal_candidate/seed_2
joint_indicator_revision_dfm_full_kalman_em,exact,pre_second,DELTA_TS,12,0.2708388208716252,0.1881353064065704,-0.1069315800433116,1.0749293147521426,0.3371188154622825,0.5833333333333334,0.5,46.666666666666664,0.0001761269928705,0.0001152458914005,0.0004641107903586,0.0,0.0,2,<PROJECT_ROOT>/outputs/full_state_space_release_revision_dfm/initialization_audit_journal_candidate/seed_2
midas_umidas,exact,pre_second,DELTA_TS,12,0.5678132845203745,0.4333814971073701,0.0072989357337582,2.2535881040700345,0.0232270770637397,0.5833333333333334,1.0,0.0,,,,0.0,0.0,2,<PROJECT_ROOT>/outputs/full_state_space_release_revision_dfm/initialization_audit_journal_candidate/seed_2
monthly_mixed_frequency_kalman_em,exact,pre_second,DELTA_TS,12,0.2587022962584349,0.1959430741208666,-0.0473482731673555,1.026760791333143,0.3763717199027357,0.6666666666666666,1.0,28.583333333333332,9.37581198711988e-05,9.344417099474332e-05,9.848143660208904e-05,0.0,0.0,2,<PROJECT_ROOT>/outputs/full_state_space_release_revision_dfm/initialization_audit_journal_candidate/seed_2
no_revision,exact,pre_second,DELTA_TS,12,0.2681974785489229,0.1863916666666666,-0.1095583333333333,1.064446119308333,0.380038266158234,0.0,1.0,0.0,,,,0.0,0.0,2,<PROJECT_ROOT>/outputs/full_state_space_release_revision_dfm/initialization_audit_journal_candidate/seed_2
release_dfm,exact,pre_second,DELTA_TS,12,0.2535413779557457,0.1780726052292352,-0.0623744546151883,1.0062776775876765,0.7733281819494218,0.6666666666666666,1.0,0.0,,,,0.0,0.0,2,<PROJECT_ROOT>/outputs/full_state_space_release_revision_dfm/initialization_audit_journal_candidate/seed_2
revision_dfm_kalman_em,exact,pre_second,DELTA_TS,12,0.2673793564547344,0.1846388804121035,-0.106305797475991,1.061199083232561,0.3857335971206502,0.6666666666666666,1.0,27.333333333333332,9.224267505133494e-05,9.222104009953332e-05,9.79780322048742e-05,0.0,0.0,2,<PROJECT_ROOT>/outputs/full_state_space_release_revision_dfm/initialization_audit_journal_candidate/seed_2
standard_dfm,exact,pre_second,DELTA_TS,12,0.2505310868078688,0.1827167930044863,-0.0418933687109395,0.9943301650768112,0.5776575310770069,0.6666666666666666,1.0,0.0,,,,0.0,0.0,2,<PROJECT_ROOT>/outputs/full_state_space_release_revision_dfm/initialization_audit_journal_candidate/seed_2
ar,exact,pre_third,DELTA_MT,12,3.932973087544104,1.7813117148934503,-1.187940989204239,1.0,1.0,0.4166666666666667,1.0,0.0,,,,0.0,0.0,2,<PROJECT_ROOT>/outputs/full_state_space_release_revision_dfm/initialization_audit_journal_candidate/seed_2
bridge,exact,pre_third,DELTA_MT,12,1.1076213627732276,0.810840186646312,0.2204040255435678,0.2816244449475417,0.3176521810021823,0.5833333333333334,1.0,0.0,,,,0.0,0.0,2,<PROJECT_ROOT>/outputs/full_state_space_release_revision_dfm/initialization_audit_journal_candidate/seed_2
indicator_revision_only_dfm_kalman_em,exact,pre_third,DELTA_MT,12,0.5869673912010218,0.4937166666666668,-0.2176333333333333,0.1492426665872626,0.2852918527964827,0.0,0.5833333333333334,41.416666666666664,0.0002050790008448,9.921030111502684e-05,0.0006550403507292,0.0,0.0,2,<PROJECT_ROOT>/outputs/full_state_space_release_revision_dfm/initialization_audit_journal_candidate/seed_2
joint_indicator_revision_dfm_full_kalman_em,exact,pre_third,DELTA_MT,12,0.5878615851900114,0.4949132047806932,-0.2168130628458373,0.1494700248653606,0.285323208849149,0.4166666666666667,0.75,42.166666666666664,0.000149686598984,9.414876263966848e-05,0.0004681882521837,0.0,0.0,2,<PROJECT_ROOT>/outputs/full_state_space_release_revision_dfm/initialization_audit_journal_candidate/seed_2
midas_umidas,exact,pre_third,DELTA_MT,12,4.210275087448997,3.4960652729830035,-0.3470831850952448,1.0705069660362336,0.8916779046585566,0.25,1.0,0.0,,,,0.0,0.0,2,<PROJECT_ROOT>/outputs/full_state_space_release_revision_dfm/initialization_audit_journal_candidate/seed_2
monthly_mixed_frequency_kalman_em,exact,pre_third,DELTA_MT,12,0.5785632400630882,0.501739964123204,-0.1828488643045474,0.1471058222837636,0.2848979767004619,0.5,1.0,28.416666666666668,9.410643926920017e-05,9.384653832010424e-05,9.999501178685108e-05,0.0,0.0,2,<PROJECT_ROOT>/outputs/full_state_space_release_revision_dfm/initialization_audit_journal_candidate/seed_2
no_revision,exact,pre_third,DELTA_MT,12,0.5869673912010218,0.4937166666666668,-0.2176333333333333,0.1492426665872626,0.2852918527964827,0.0,1.0,0.0,,,,0.0,0.0,2,<PROJECT_ROOT>/outputs/full_state_space_release_revision_dfm/initialization_audit_journal_candidate/seed_2
release_dfm,exact,pre_third,DELTA_MT,12,0.5717071089460181,0.4089228909659857,0.1953814718235556,0.1453625784413931,0.2854539022805759,0.75,1.0,0.0,,,,0.0,0.0,2,<PROJECT_ROOT>/outputs/full_state_space_release_revision_dfm/initialization_audit_journal_candidate/seed_2
revision_dfm_kalman_em,exact,pre_third,DELTA_MT,12,0.5874039102556481,0.4949462478279984,-0.2163302078776727,0.1493536561732348,0.2853019279721632,0.5833333333333334,1.0,27.416666666666668,9.279909197277708e-05,9.29212481718382e-05,9.95639159074225e-05,0.0,0.0,2,<PROJECT_ROOT>/outputs/full_state_space_release_revision_dfm/initialization_audit_journal_candidate/seed_2
standard_dfm,exact,pre_third,DELTA_MT,12,0.8763988277786433,0.6787905465327362,-0.0587876799569759,0.2228336701703442,0.3011245260710658,0.5,1.0,0.0,,,,0.0,0.0,2,<PROJECT_ROOT>/outputs/full_state_space_release_revision_dfm/initialization_audit_journal_candidate/seed_2
ar,pseudo,pre_advance,DELTA_SA,12,0.2677032186437722,0.2310021451991581,0.0573980020927568,1.0,1.0,0.5833333333333334,1.0,0.0,,,,0.0,0.0,2,<PROJECT_ROOT>/outputs/full_state_space_release_revision_dfm/initialization_audit_journal_candidate/seed_2
bridge,pseudo,pre_advance,DELTA_SA,12,0.3268941685998097,0.2832070708516317,0.0698243763889971,1.2211066055010784,0.1212077297214261,0.5833333333333334,1.0,0.0,,,,0.0,0.0,2,<PROJECT_ROOT>/outputs/full_state_space_release_revision_dfm/initialization_audit_journal_candidate/seed_2
indicator_revision_only_dfm_kalman_em,pseudo,pre_advance,DELTA_SA,12,0.2421589698249203,0.2081999999999999,-0.02885,0.9045799712522576,0.2698071321429216,0.0,0.5833333333333334,44.083333333333336,0.000178817464615,9.825504565552056e-05,0.0004394967622963,0.0,0.0,2,<PROJECT_ROOT>/outputs/full_state_space_release_revision_dfm/initialization_audit_journal_candidate/seed_2
joint_indicator_revision_dfm_full_kalman_em,pseudo,pre_advance,DELTA_SA,12,0.4016864040679399,0.3239117197672844,0.0637571539111382,1.500491499889124,0.0969511600916409,0.5,0.6666666666666666,44.583333333333336,0.0001424586548574,9.650257369220512e-05,0.0004012995001117,0.0,0.0,2,<PROJECT_ROOT>/outputs/full_state_space_release_revision_dfm/initialization_audit_journal_candidate/seed_2
midas_umidas,pseudo,pre_advance,DELTA_SA,12,1.0310813767240443,0.7019709380532945,0.4537466281703131,3.85158378725392,0.0639341948363995,0.5833333333333334,1.0,0.0,,,,0.0,0.0,2,<PROJECT_ROOT>/outputs/full_state_space_release_revision_dfm/initialization_audit_journal_candidate/seed_2
monthly_mixed_frequency_kalman_em,pseudo,pre_advance,DELTA_SA,12,0.2387452345121499,0.1930353522425768,0.0813786081091929,0.8918280315106852,0.0350792999332243,0.5833333333333334,1.0,28.583333333333332,9.438332366821336e-05,9.464055731008136e-05,9.994961427105884e-05,0.0,0.0,2,<PROJECT_ROOT>/outputs/full_state_space_release_revision_dfm/initialization_audit_journal_candidate/seed_2
no_revision,pseudo,pre_advance,DELTA_SA,12,0.2421589698249203,0.2081999999999999,-0.02885,0.9045799712522576,0.2698071321429216,0.0,1.0,0.0,,,,0.0,0.0,2,<PROJECT_ROOT>/outputs/full_state_space_release_revision_dfm/initialization_audit_journal_candidate/seed_2
release_dfm,pseudo,pre_advance,DELTA_SA,12,0.2499958206649264,0.2076195428472318,0.0665108609041345,0.933854370266617,0.0339128467671872,0.5833333333333334,1.0,0.0,,,,0.0,0.0,2,<PROJECT_ROOT>/outputs/full_state_space_release_revision_dfm/initialization_audit_journal_candidate/seed_2
revision_dfm_kalman_em,pseudo,pre_advance,DELTA_SA,12,0.2183276910674484,0.160090355820833,0.1066573780298268,0.8155587077866743,0.0690160356093658,0.6666666666666666,1.0,27.75,9.250149441553778e-05,9.230397586688592e-05,9.810677046783878e-05,0.0,0.0,2,<PROJECT_ROOT>/outputs/full_state_space_release_revision_dfm/initialization_audit_journal_candidate/seed_2
standard_dfm,pseudo,pre_advance,DELTA_SA,12,0.2499958206649264,0.2076195428472318,0.0665108609041345,0.933854370266617,0.0339128467671872,0.5833333333333334,1.0,0.0,,,,0.0,0.0,2,<PROJECT_ROOT>/outputs/full_state_space_release_revision_dfm/initialization_audit_journal_candidate/seed_2
ar,pseudo,pre_second,DELTA_TS,12,0.251959656467342,0.1848646173354902,-0.0376689511299719,1.0,1.0,0.6666666666666666,1.0,0.0,,,,0.0,0.0,2,<PROJECT_ROOT>/outputs/full_state_space_release_revision_dfm/initialization_audit_journal_candidate/seed_2
bridge,pseudo,pre_second,DELTA_TS,12,0.3619401883326655,0.2762217995411756,0.0483676830537495,1.4365005628572871,0.0871615726826451,0.5,1.0,0.0,,,,0.0,0.0,2,<PROJECT_ROOT>/outputs/full_state_space_release_revision_dfm/initialization_audit_journal_candidate/seed_2
indicator_revision_only_dfm_kalman_em,pseudo,pre_second,DELTA_TS,12,0.2681974785489229,0.1863916666666666,-0.1095583333333333,1.064446119308333,0.380038266158234,0.0,0.5,45.333333333333336,0.0002183859458894,0.0001285421974505,0.000597318460149,0.0,0.0,2,<PROJECT_ROOT>/outputs/full_state_space_release_revision_dfm/initialization_audit_journal_candidate/seed_2
joint_indicator_revision_dfm_full_kalman_em,pseudo,pre_second,DELTA_TS,12,0.2708902696979795,0.1882031240029948,-0.1069059325412139,1.0751335094517054,0.3362769253603246,0.5833333333333334,0.5833333333333334,46.666666666666664,0.0001706767522673,9.310908597748629e-05,0.0004686950840136,0.0,0.0,2,<PROJECT_ROOT>/outputs/full_state_space_release_revision_dfm/initialization_audit_journal_candidate/seed_2
midas_umidas,pseudo,pre_second,DELTA_TS,12,0.5772594121427352,0.4437511658083622,0.0148546705600844,2.291078739494778,0.0207803164407266,0.5,1.0,0.0,,,,0.0,0.0,2,<PROJECT_ROOT>/outputs/full_state_space_release_revision_dfm/initialization_audit_journal_candidate/seed_2
monthly_mixed_frequency_kalman_em,pseudo,pre_second,DELTA_TS,12,0.2587148110256348,0.1959550441987003,-0.0473439319777653,1.02681046105954,0.3753808571896914,0.6666666666666666,1.0,28.583333333333332,9.372632370715984e-05,9.333545536690683e-05,9.827650753848644e-05,0.0,0.0,2,<PROJECT_ROOT>/outputs/full_state_space_release_revision_dfm/initialization_audit_journal_candidate/seed_2
no_revision,pseudo,pre_second,DELTA_TS,12,0.2681974785489229,0.1863916666666666,-0.1095583333333333,1.064446119308333,0.380038266158234,0.0,1.0,0.0,,,,0.0,0.0,2,<PROJECT_ROOT>/outputs/full_state_space_release_revision_dfm/initialization_audit_journal_candidate/seed_2
release_dfm,pseudo,pre_second,DELTA_TS,12,0.2534855697240448,0.1780194749991728,-0.0623764767407242,1.0060561808906126,0.7806122941207081,0.6666666666666666,1.0,0.0,,,,0.0,0.0,2,<PROJECT_ROOT>/outputs/full_state_space_release_revision_dfm/initialization_audit_journal_candidate/seed_2
revision_dfm_kalman_em,pseudo,pre_second,DELTA_TS,12,0.26741161566217,0.1846685186189876,-0.106317058332335,1.0613271164577525,0.3853154822688966,0.6666666666666666,1.0,27.333333333333332,9.22450110568597e-05,9.226780272378056e-05,9.79777960559004e-05,0.0,0.0,2,<PROJECT_ROOT>/outputs/full_state_space_release_revision_dfm/initialization_audit_journal_candidate/seed_2
standard_dfm,pseudo,pre_second,DELTA_TS,12,0.2506157098335023,0.1827878756079632,-0.0419166563605817,0.9946660245029588,0.5985350114964143,0.6666666666666666,1.0,0.0,,,,0.0,0.0,2,<PROJECT_ROOT>/outputs/full_state_space_release_revision_dfm/initialization_audit_journal_candidate/seed_2
ar,pseudo,pre_third,DELTA_MT,12,3.932973087544104,1.7813117148934503,-1.187940989204239,1.0,1.0,0.4166666666666667,1.0,0.0,,,,0.0,0.0,2,<PROJECT_ROOT>/outputs/full_state_space_release_revision_dfm/initialization_audit_journal_candidate/seed_2
bridge,pseudo,pre_third,DELTA_MT,12,1.1043136490451386,0.7960913427605586,0.2374665752516012,0.2807834237520078,0.317313920823929,0.5,1.0,0.0,,,,0.0,0.0,2,<PROJECT_ROOT>/outputs/full_state_space_release_revision_dfm/initialization_audit_journal_candidate/seed_2
indicator_revision_only_dfm_kalman_em,pseudo,pre_third,DELTA_MT,12,0.5869673912010218,0.4937166666666668,-0.2176333333333333,0.1492426665872626,0.2852918527964827,0.0,0.5833333333333334,41.5,0.0002032098199569,9.650332138541194e-05,0.0006546745726798,0.0,0.0,2,<PROJECT_ROOT>/outputs/full_state_space_release_revision_dfm/initialization_audit_journal_candidate/seed_2
joint_indicator_revision_dfm_full_kalman_em,pseudo,pre_third,DELTA_MT,12,0.5878459620358883,0.4948940886147839,-0.216789966495435,0.1494660525132048,0.285323333812573,0.4166666666666667,0.75,42.333333333333336,0.0001478389326828,9.41571955463408e-05,0.0004682881897286,0.0,0.0,2,<PROJECT_ROOT>/outputs/full_state_space_release_revision_dfm/initialization_audit_journal_candidate/seed_2
midas_umidas,pseudo,pre_third,DELTA_MT,12,4.2094849521279505,3.5206111054209823,-0.224052022048252,1.070306065774915,0.8917589789756226,0.25,1.0,0.0,,,,0.0,0.0,2,<PROJECT_ROOT>/outputs/full_state_space_release_revision_dfm/initialization_audit_journal_candidate/seed_2
monthly_mixed_frequency_kalman_em,pseudo,pre_third,DELTA_MT,12,0.5784598744747702,0.5015474949789395,-0.1832964767284867,0.1470795404898085,0.2848928874871325,0.5,1.0,28.583333333333332,9.28181234038416e-05,9.22090328105168e-05,9.732688187162676e-05,0.0,0.0,2,<PROJECT_ROOT>/outputs/full_state_space_release_revision_dfm/initialization_audit_journal_candidate/seed_2
no_revision,pseudo,pre_third,DELTA_MT,12,0.5869673912010218,0.4937166666666668,-0.2176333333333333,0.1492426665872626,0.2852918527964827,0.0,1.0,0.0,,,,0.0,0.0,2,<PROJECT_ROOT>/outputs/full_state_space_release_revision_dfm/initialization_audit_journal_candidate/seed_2
release_dfm,pseudo,pre_third,DELTA_MT,12,0.5699932175570538,0.4076405162081749,0.1964854263930126,0.1449268034307803,0.2853873905221377,0.75,1.0,0.0,,,,0.0,0.0,2,<PROJECT_ROOT>/outputs/full_state_space_release_revision_dfm/initialization_audit_journal_candidate/seed_2
revision_dfm_kalman_em,pseudo,pre_third,DELTA_MT,12,0.5873946481232009,0.4949361931471503,-0.2163355224510179,0.14935130117811,0.2853016706056782,0.5833333333333334,1.0,27.416666666666668,9.314315942296663e-05,9.293223502268726e-05,9.956250512836064e-05,0.0,0.0,2,<PROJECT_ROOT>/outputs/full_state_space_release_revision_dfm/initialization_audit_journal_candidate/seed_2
standard_dfm,pseudo,pre_third,DELTA_MT,12,0.8714588189457128,0.6763859085236993,-0.0568173865842447,0.2215776206823435,0.3008067814974284,0.5,1.0,0.0,,,,0.0,0.0,2,<PROJECT_ROOT>/outputs/full_state_space_release_revision_dfm/initialization_audit_journal_candidate/seed_2
ar,exact,pre_advance,DELTA_SA,12,0.2677032186437722,0.2310021451991581,0.0573980020927568,1.0,1.0,0.5833333333333334,1.0,0.0,,,,0.0,0.0,3,<PROJECT_ROOT>/outputs/full_state_space_release_revision_dfm/initialization_audit_journal_candidate/seed_3
bridge,exact,pre_advance,DELTA_SA,12,0.3196982962604459,0.2778985376898982,0.0677128877834062,1.194226568810376,0.1295630016016453,0.5833333333333334,1.0,0.0,,,,0.0,0.0,3,<PROJECT_ROOT>/outputs/full_state_space_release_revision_dfm/initialization_audit_journal_candidate/seed_3
indicator_revision_only_dfm_kalman_em,exact,pre_advance,DELTA_SA,12,0.2421589698249203,0.2081999999999999,-0.02885,0.9045799712522576,0.2698071321429216,0.0,0.4166666666666667,45.75,0.0002161016979075,0.0001583456740597,0.0004055234288917,0.0,0.0,3,<PROJECT_ROOT>/outputs/full_state_space_release_revision_dfm/initialization_audit_journal_candidate/seed_3
joint_indicator_revision_dfm_full_kalman_em,exact,pre_advance,DELTA_SA,12,0.4023921503485682,0.3107175297415629,0.0354712351844428,1.5031278009549227,0.1153177625014775,0.5833333333333334,0.5833333333333334,46.333333333333336,0.0001436863181846,9.502740319653056e-05,0.0004136591028756,0.0,0.0,3,<PROJECT_ROOT>/outputs/full_state_space_release_revision_dfm/initialization_audit_journal_candidate/seed_3
midas_umidas,exact,pre_advance,DELTA_SA,12,1.0115523653580298,0.7181568402672717,0.4929875027885932,3.778633557275544,0.0450888168263253,0.5833333333333334,1.0,0.0,,,,0.0,0.0,3,<PROJECT_ROOT>/outputs/full_state_space_release_revision_dfm/initialization_audit_journal_candidate/seed_3
monthly_mixed_frequency_kalman_em,exact,pre_advance,DELTA_SA,12,0.2385584738595018,0.1930528166682795,0.0814292825002112,0.8911303908413117,0.033048462063901,0.5833333333333334,1.0,28.583333333333332,9.431670360387908e-05,9.448204234813744e-05,9.992598888191642e-05,0.0,0.0,3,<PROJECT_ROOT>/outputs/full_state_space_release_revision_dfm/initialization_audit_journal_candidate/seed_3
no_revision,exact,pre_advance,DELTA_SA,12,0.2421589698249203,0.2081999999999999,-0.02885,0.9045799712522576,0.2698071321429216,0.0,1.0,0.0,,,,0.0,0.0,3,<PROJECT_ROOT>/outputs/full_state_space_release_revision_dfm/initialization_audit_journal_candidate/seed_3
release_dfm,exact,pre_advance,DELTA_SA,12,0.2499810027346831,0.2076016390589358,0.0664932113177948,0.9337990181856136,0.0337129180411145,0.5833333333333334,1.0,0.0,,,,0.0,0.0,3,<PROJECT_ROOT>/outputs/full_state_space_release_revision_dfm/initialization_audit_journal_candidate/seed_3
revision_dfm_kalman_em,exact,pre_advance,DELTA_SA,12,0.2184808435745888,0.1602958489537197,0.1066001763837039,0.8161308059030745,0.0695073927283541,0.6666666666666666,1.0,27.75,9.157832884260596e-05,9.029041576036654e-05,9.933266587557742e-05,0.0,0.0,3,<PROJECT_ROOT>/outputs/full_state_space_release_revision_dfm/initialization_audit_journal_candidate/seed_3
standard_dfm,exact,pre_advance,DELTA_SA,12,0.2499810027346831,0.2076016390589358,0.0664932113177948,0.9337990181856136,0.0337129180411145,0.5833333333333334,1.0,0.0,,,,0.0,0.0,3,<PROJECT_ROOT>/outputs/full_state_space_release_revision_dfm/initialization_audit_journal_candidate/seed_3
ar,exact,pre_second,DELTA_TS,12,0.251959656467342,0.1848646173354902,-0.0376689511299719,1.0,1.0,0.6666666666666666,1.0,0.0,,,,0.0,0.0,3,<PROJECT_ROOT>/outputs/full_state_space_release_revision_dfm/initialization_audit_journal_candidate/seed_3
bridge,exact,pre_second,DELTA_TS,12,0.3561542174133306,0.271933324538907,0.0504661025795201,1.4135366844314372,0.1092960133469001,0.5833333333333334,1.0,0.0,,,,0.0,0.0,3,<PROJECT_ROOT>/outputs/full_state_space_release_revision_dfm/initialization_audit_journal_candidate/seed_3
indicator_revision_only_dfm_kalman_em,exact,pre_second,DELTA_TS,12,0.2681974785489229,0.1863916666666666,-0.1095583333333333,1.064446119308333,0.380038266158234,0.0,0.3333333333333333,46.666666666666664,0.0002440600362239,0.0002010006183719,0.0005719610582335,0.0,0.0,3,<PROJECT_ROOT>/outputs/full_state_space_release_revision_dfm/initialization_audit_journal_candidate/seed_3
joint_indicator_revision_dfm_full_kalman_em,exact,pre_second,DELTA_TS,12,0.2708213280946002,0.1876449959207561,-0.1075591041834985,1.074859887855511,0.3449170295911613,0.6666666666666666,0.5,46.666666666666664,0.000191002894621,0.0001247792734758,0.0004519271190264,0.0,0.0,3,<PROJECT_ROOT>/outputs/full_state_space_release_revision_dfm/initialization_audit_journal_candidate/seed_3
midas_umidas,exact,pre_second,DELTA_TS,12,0.5678132845203745,0.4333814971073701,0.0072989357337582,2.2535881040700345,0.0232270770637397,0.5833333333333334,1.0,0.0,,,,0.0,0.0,3,<PROJECT_ROOT>/outputs/full_state_space_release_revision_dfm/initialization_audit_journal_candidate/seed_3
monthly_mixed_frequency_kalman_em,exact,pre_second,DELTA_TS,12,0.2587022962584349,0.1959430741208666,-0.0473482731673555,1.026760791333143,0.3763717199027357,0.6666666666666666,1.0,28.583333333333332,9.37581198711988e-05,9.344417099474332e-05,9.848143660208904e-05,0.0,0.0,3,<PROJECT_ROOT>/outputs/full_state_space_release_revision_dfm/initialization_audit_journal_candidate/seed_3
no_revision,exact,pre_second,DELTA_TS,12,0.2681974785489229,0.1863916666666666,-0.1095583333333333,1.064446119308333,0.380038266158234,0.0,1.0,0.0,,,,0.0,0.0,3,<PROJECT_ROOT>/outputs/full_state_space_release_revision_dfm/initialization_audit_journal_candidate/seed_3
release_dfm,exact,pre_second,DELTA_TS,12,0.2535413779557457,0.1780726052292352,-0.0623744546151883,1.0062776775876765,0.7733281819494218,0.6666666666666666,1.0,0.0,,,,0.0,0.0,3,<PROJECT_ROOT>/outputs/full_state_space_release_revision_dfm/initialization_audit_journal_candidate/seed_3
revision_dfm_kalman_em,exact,pre_second,DELTA_TS,12,0.2673930896534163,0.1846634682693705,-0.1062834398912603,1.061253588778705,0.3856828087178477,0.6666666666666666,1.0,27.25,9.263246312208332e-05,9.166251065096869e-05,9.899186234299508e-05,0.0,0.0,3,<PROJECT_ROOT>/outputs/full_state_space_release_revision_dfm/initialization_audit_journal_candidate/seed_3
standard_dfm,exact,pre_second,DELTA_TS,12,0.2505310868078688,0.1827167930044863,-0.0418933687109395,0.9943301650768112,0.5776575310770069,0.6666666666666666,1.0,0.0,,,,0.0,0.0,3,<PROJECT_ROOT>/outputs/full_state_space_release_revision_dfm/initialization_audit_journal_candidate/seed_3
ar,exact,pre_third,DELTA_MT,12,3.932973087544104,1.7813117148934503,-1.187940989204239,1.0,1.0,0.4166666666666667,1.0,0.0,,,,0.0,0.0,3,<PROJECT_ROOT>/outputs/full_state_space_release_revision_dfm/initialization_audit_journal_candidate/seed_3
bridge,exact,pre_third,DELTA_MT,12,1.1076213627732276,0.810840186646312,0.2204040255435678,0.2816244449475417,0.3176521810021823,0.5833333333333334,1.0,0.0,,,,0.0,0.0,3,<PROJECT_ROOT>/outputs/full_state_space_release_revision_dfm/initialization_audit_journal_candidate/seed_3
indicator_revision_only_dfm_kalman_em,exact,pre_third,DELTA_MT,12,0.5869673912010218,0.4937166666666668,-0.2176333333333333,0.1492426665872626,0.2852918527964827,0.0,0.5833333333333334,42.166666666666664,0.0001901177240999,9.560865475677883e-05,0.0005811162425061,0.0,0.0,3,<PROJECT_ROOT>/outputs/full_state_space_release_revision_dfm/initialization_audit_journal_candidate/seed_3
joint_indicator_revision_dfm_full_kalman_em,exact,pre_third,DELTA_MT,12,0.5880876048163238,0.4952049836678784,-0.2170884789809804,0.1495274927455829,0.2853326166066302,0.4166666666666667,0.6666666666666666,43.166666666666664,0.0001481320682645,9.381547542441596e-05,0.0004629175088258,0.0,0.0,3,<PROJECT_ROOT>/outputs/full_state_space_release_revision_dfm/initialization_audit_journal_candidate/seed_3
midas_umidas,exact,pre_third,DELTA_MT,12,4.210275087448997,3.4960652729830035,-0.3470831850952448,1.0705069660362336,0.8916779046585566,0.25,1.0,0.0,,,,0.0,0.0,3,<PROJECT_ROOT>/outputs/full_state_space_release_revision_dfm/initialization_audit_journal_candidate/seed_3
monthly_mixed_frequency_kalman_em,exact,pre_third,DELTA_MT,12,0.5785632400630882,0.501739964123204,-0.1828488643045474,0.1471058222837636,0.2848979767004619,0.5,1.0,28.416666666666668,9.410643926920017e-05,9.384653832010424e-05,9.999501178685108e-05,0.0,0.0,3,<PROJECT_ROOT>/outputs/full_state_space_release_revision_dfm/initialization_audit_journal_candidate/seed_3
no_revision,exact,pre_third,DELTA_MT,12,0.5869673912010218,0.4937166666666668,-0.2176333333333333,0.1492426665872626,0.2852918527964827,0.0,1.0,0.0,,,,0.0,0.0,3,<PROJECT_ROOT>/outputs/full_state_space_release_revision_dfm/initialization_audit_journal_candidate/seed_3
release_dfm,exact,pre_third,DELTA_MT,12,0.5717071089460181,0.4089228909659857,0.1953814718235556,0.1453625784413931,0.2854539022805759,0.75,1.0,0.0,,,,0.0,0.0,3,<PROJECT_ROOT>/outputs/full_state_space_release_revision_dfm/initialization_audit_journal_candidate/seed_3
revision_dfm_kalman_em,exact,pre_third,DELTA_MT,12,0.5874011136066417,0.4949487278170179,-0.2163242483626617,0.1493529450956495,0.2853017580760024,0.5833333333333334,1.0,27.416666666666668,9.169849289174324e-05,9.099670502149384e-05,9.75373070184287e-05,0.0,0.0,3,<PROJECT_ROOT>/outputs/full_state_space_release_revision_dfm/initialization_audit_journal_candidate/seed_3
standard_dfm,exact,pre_third,DELTA_MT,12,0.8763988277786433,0.6787905465327362,-0.0587876799569759,0.2228336701703442,0.3011245260710658,0.5,1.0,0.0,,,,0.0,0.0,3,<PROJECT_ROOT>/outputs/full_state_space_release_revision_dfm/initialization_audit_journal_candidate/seed_3
ar,pseudo,pre_advance,DELTA_SA,12,0.2677032186437722,0.2310021451991581,0.0573980020927568,1.0,1.0,0.5833333333333334,1.0,0.0,,,,0.0,0.0,3,<PROJECT_ROOT>/outputs/full_state_space_release_revision_dfm/initialization_audit_journal_candidate/seed_3
bridge,pseudo,pre_advance,DELTA_SA,12,0.3268941685998097,0.2832070708516317,0.0698243763889971,1.2211066055010784,0.1212077297214261,0.5833333333333334,1.0,0.0,,,,0.0,0.0,3,<PROJECT_ROOT>/outputs/full_state_space_release_revision_dfm/initialization_audit_journal_candidate/seed_3
indicator_revision_only_dfm_kalman_em,pseudo,pre_advance,DELTA_SA,12,0.2421589698249203,0.2081999999999999,-0.02885,0.9045799712522576,0.2698071321429216,0.0,0.5,45.416666666666664,0.0001820412031698,0.0001177182657105,0.0003828101850047,0.0,0.0,3,<PROJECT_ROOT>/outputs/full_state_space_release_revision_dfm/initialization_audit_journal_candidate/seed_3
joint_indicator_revision_dfm_full_kalman_em,pseudo,pre_advance,DELTA_SA,12,0.4017573279390506,0.3078291484852209,0.0386839546370259,1.5007564345860993,0.1193578742140957,0.5833333333333334,0.6666666666666666,45.75,0.0001343272255818,9.739684131384506e-05,0.0003787254627735,0.0,0.0,3,<PROJECT_ROOT>/outputs/full_state_space_release_revision_dfm/initialization_audit_journal_candidate/seed_3
midas_umidas,pseudo,pre_advance,DELTA_SA,12,1.0310813767240443,0.7019709380532945,0.4537466281703131,3.85158378725392,0.0639341948363995,0.5833333333333334,1.0,0.0,,,,0.0,0.0,3,<PROJECT_ROOT>/outputs/full_state_space_release_revision_dfm/initialization_audit_journal_candidate/seed_3
monthly_mixed_frequency_kalman_em,pseudo,pre_advance,DELTA_SA,12,0.2387452345121499,0.1930353522425768,0.0813786081091929,0.8918280315106852,0.0350792999332243,0.5833333333333334,1.0,28.583333333333332,9.438332366821336e-05,9.464055731008136e-05,9.994961427105884e-05,0.0,0.0,3,<PROJECT_ROOT>/outputs/full_state_space_release_revision_dfm/initialization_audit_journal_candidate/seed_3
no_revision,pseudo,pre_advance,DELTA_SA,12,0.2421589698249203,0.2081999999999999,-0.02885,0.9045799712522576,0.2698071321429216,0.0,1.0,0.0,,,,0.0,0.0,3,<PROJECT_ROOT>/outputs/full_state_space_release_revision_dfm/initialization_audit_journal_candidate/seed_3
release_dfm,pseudo,pre_advance,DELTA_SA,12,0.2499958206649264,0.2076195428472318,0.0665108609041345,0.933854370266617,0.0339128467671872,0.5833333333333334,1.0,0.0,,,,0.0,0.0,3,<PROJECT_ROOT>/outputs/full_state_space_release_revision_dfm/initialization_audit_journal_candidate/seed_3
revision_dfm_kalman_em,pseudo,pre_advance,DELTA_SA,12,0.2185988477317683,0.1603664841913284,0.1067284687290705,0.8165716080636811,0.0705612903000318,0.6666666666666666,1.0,27.75,9.174787629947342e-05,9.066872905880188e-05,9.933440816042216e-05,0.0,0.0,3,<PROJECT_ROOT>/outputs/full_state_space_release_revision_dfm/initialization_audit_journal_candidate/seed_3
standard_dfm,pseudo,pre_advance,DELTA_SA,12,0.2499958206649264,0.2076195428472318,0.0665108609041345,0.933854370266617,0.0339128467671872,0.5833333333333334,1.0,0.0,,,,0.0,0.0,3,<PROJECT_ROOT>/outputs/full_state_space_release_revision_dfm/initialization_audit_journal_candidate/seed_3
ar,pseudo,pre_second,DELTA_TS,12,0.251959656467342,0.1848646173354902,-0.0376689511299719,1.0,1.0,0.6666666666666666,1.0,0.0,,,,0.0,0.0,3,<PROJECT_ROOT>/outputs/full_state_space_release_revision_dfm/initialization_audit_journal_candidate/seed_3
bridge,pseudo,pre_second,DELTA_TS,12,0.3619401883326655,0.2762217995411756,0.0483676830537495,1.4365005628572871,0.0871615726826451,0.5,1.0,0.0,,,,0.0,0.0,3,<PROJECT_ROOT>/outputs/full_state_space_release_revision_dfm/initialization_audit_journal_candidate/seed_3
indicator_revision_only_dfm_kalman_em,pseudo,pre_second,DELTA_TS,12,0.2681974785489229,0.1863916666666666,-0.1095583333333333,1.064446119308333,0.380038266158234,0.0,0.3333333333333333,46.666666666666664,0.0002513358822324,0.0001994768211107,0.0006364437123147,0.0,0.0,3,<PROJECT_ROOT>/outputs/full_state_space_release_revision_dfm/initialization_audit_journal_candidate/seed_3
joint_indicator_revision_dfm_full_kalman_em,pseudo,pre_second,DELTA_TS,12,0.2708923135594638,0.1876742964124504,-0.1075851270904944,1.075141621311806,0.3444232677463042,0.6666666666666666,0.5,46.666666666666664,0.0001932139219526,0.0001217806786841,0.000458141935797,0.0,0.0,3,<PROJECT_ROOT>/outputs/full_state_space_release_revision_dfm/initialization_audit_journal_candidate/seed_3
midas_umidas,pseudo,pre_second,DELTA_TS,12,0.5772594121427352,0.4437511658083622,0.0148546705600844,2.291078739494778,0.0207803164407266,0.5,1.0,0.0,,,,0.0,0.0,3,<PROJECT_ROOT>/outputs/full_state_space_release_revision_dfm/initialization_audit_journal_candidate/seed_3
monthly_mixed_frequency_kalman_em,pseudo,pre_second,DELTA_TS,12,0.2587148110256348,0.1959550441987003,-0.0473439319777653,1.02681046105954,0.3753808571896914,0.6666666666666666,1.0,28.583333333333332,9.372632370715984e-05,9.333545536690683e-05,9.827650753848644e-05,0.0,0.0,3,<PROJECT_ROOT>/outputs/full_state_space_release_revision_dfm/initialization_audit_journal_candidate/seed_3
no_revision,pseudo,pre_second,DELTA_TS,12,0.2681974785489229,0.1863916666666666,-0.1095583333333333,1.064446119308333,0.380038266158234,0.0,1.0,0.0,,,,0.0,0.0,3,<PROJECT_ROOT>/outputs/full_state_space_release_revision_dfm/initialization_audit_journal_candidate/seed_3
release_dfm,pseudo,pre_second,DELTA_TS,12,0.2534855697240448,0.1780194749991728,-0.0623764767407242,1.0060561808906126,0.7806122941207081,0.6666666666666666,1.0,0.0,,,,0.0,0.0,3,<PROJECT_ROOT>/outputs/full_state_space_release_revision_dfm/initialization_audit_journal_candidate/seed_3
revision_dfm_kalman_em,pseudo,pre_second,DELTA_TS,12,0.2674256713035073,0.1846932282605834,-0.106294871573153,1.0613829017431209,0.3852615027818886,0.6666666666666666,1.0,27.25,9.263278548771073e-05,9.172419316773049e-05,9.899140657495098e-05,0.0,0.0,3,<PROJECT_ROOT>/outputs/full_state_space_release_revision_dfm/initialization_audit_journal_candidate/seed_3
standard_dfm,pseudo,pre_second,DELTA_TS,12,0.2506157098335023,0.1827878756079632,-0.0419166563605817,0.9946660245029588,0.5985350114964143,0.6666666666666666,1.0,0.0,,,,0.0,0.0,3,<PROJECT_ROOT>/outputs/full_state_space_release_revision_dfm/initialization_audit_journal_candidate/seed_3
ar,pseudo,pre_third,DELTA_MT,12,3.932973087544104,1.7813117148934503,-1.187940989204239,1.0,1.0,0.4166666666666667,1.0,0.0,,,,0.0,0.0,3,<PROJECT_ROOT>/outputs/full_state_space_release_revision_dfm/initialization_audit_journal_candidate/seed_3
bridge,pseudo,pre_third,DELTA_MT,12,1.1043136490451386,0.7960913427605586,0.2374665752516012,0.2807834237520078,0.317313920823929,0.5,1.0,0.0,,,,0.0,0.0,3,<PROJECT_ROOT>/outputs/full_state_space_release_revision_dfm/initialization_audit_journal_candidate/seed_3
indicator_revision_only_dfm_kalman_em,pseudo,pre_third,DELTA_MT,12,0.5869673912010218,0.4937166666666668,-0.2176333333333333,0.1492426665872626,0.2852918527964827,0.0,0.5833333333333334,42.166666666666664,0.0001895755247532,9.513704108465968e-05,0.0005806379289787,0.0,0.0,3,<PROJECT_ROOT>/outputs/full_state_space_release_revision_dfm/initialization_audit_journal_candidate/seed_3
joint_indicator_revision_dfm_full_kalman_em,pseudo,pre_third,DELTA_MT,12,0.5880698104368267,0.4951846481946049,-0.2170639444384459,0.1495229683364143,0.2853326815627142,0.4166666666666667,0.6666666666666666,43.25,0.0001486278252186,9.438802379516136e-05,0.0004630482537503,0.0,0.0,3,<PROJECT_ROOT>/outputs/full_state_space_release_revision_dfm/initialization_audit_journal_candidate/seed_3
midas_umidas,pseudo,pre_third,DELTA_MT,12,4.2094849521279505,3.5206111054209823,-0.224052022048252,1.070306065774915,0.8917589789756226,0.25,1.0,0.0,,,,0.0,0.0,3,<PROJECT_ROOT>/outputs/full_state_space_release_revision_dfm/initialization_audit_journal_candidate/seed_3
monthly_mixed_frequency_kalman_em,pseudo,pre_third,DELTA_MT,12,0.5784598744747702,0.5015474949789395,-0.1832964767284867,0.1470795404898085,0.2848928874871325,0.5,1.0,28.583333333333332,9.28181234038416e-05,9.22090328105168e-05,9.732688187162676e-05,0.0,0.0,3,<PROJECT_ROOT>/outputs/full_state_space_release_revision_dfm/initialization_audit_journal_candidate/seed_3
no_revision,pseudo,pre_third,DELTA_MT,12,0.5869673912010218,0.4937166666666668,-0.2176333333333333,0.1492426665872626,0.2852918527964827,0.0,1.0,0.0,,,,0.0,0.0,3,<PROJECT_ROOT>/outputs/full_state_space_release_revision_dfm/initialization_audit_journal_candidate/seed_3
release_dfm,pseudo,pre_third,DELTA_MT,12,0.5699932175570538,0.4076405162081749,0.1964854263930126,0.1449268034307803,0.2853873905221377,0.75,1.0,0.0,,,,0.0,0.0,3,<PROJECT_ROOT>/outputs/full_state_space_release_revision_dfm/initialization_audit_journal_candidate/seed_3
revision_dfm_kalman_em,pseudo,pre_third,DELTA_MT,12,0.5873921348455695,0.494938922687252,-0.2163295262580763,0.1493506621506935,0.2853015101361202,0.5833333333333334,1.0,27.416666666666668,9.220185925914294e-05,9.168948928977829e-05,9.775745270693584e-05,0.0,0.0,3,<PROJECT_ROOT>/outputs/full_state_space_release_revision_dfm/initialization_audit_journal_candidate/seed_3
standard_dfm,pseudo,pre_third,DELTA_MT,12,0.8714588189457128,0.6763859085236993,-0.0568173865842447,0.2215776206823435,0.3008067814974284,0.5,1.0,0.0,,,,0.0,0.0,3,<PROJECT_ROOT>/outputs/full_state_space_release_revision_dfm/initialization_audit_journal_candidate/seed_3
ar,exact,pre_advance,DELTA_SA,12,0.2677032186437722,0.2310021451991581,0.0573980020927568,1.0,1.0,0.5833333333333334,1.0,0.0,,,,0.0,0.0,4,<PROJECT_ROOT>/outputs/full_state_space_release_revision_dfm/initialization_audit_journal_candidate/seed_4
bridge,exact,pre_advance,DELTA_SA,12,0.3196982962604459,0.2778985376898982,0.0677128877834062,1.194226568810376,0.1295630016016453,0.5833333333333334,1.0,0.0,,,,0.0,0.0,4,<PROJECT_ROOT>/outputs/full_state_space_release_revision_dfm/initialization_audit_journal_candidate/seed_4
indicator_revision_only_dfm_kalman_em,exact,pre_advance,DELTA_SA,12,0.2421589698249203,0.2081999999999999,-0.02885,0.9045799712522576,0.2698071321429216,0.0,0.5833333333333334,44.166666666666664,0.0001857548099681,9.894284573671742e-05,0.0004290024941063,0.0,0.0,4,<PROJECT_ROOT>/outputs/full_state_space_release_revision_dfm/initialization_audit_journal_candidate/seed_4
joint_indicator_revision_dfm_full_kalman_em,exact,pre_advance,DELTA_SA,12,0.3989607981597082,0.3078485506542835,0.0393609304980002,1.4903100537263172,0.1183373050644046,0.5,0.6666666666666666,44.416666666666664,0.0001351494057542,9.477846586773892e-05,0.0003836672873515,0.0,0.0,4,<PROJECT_ROOT>/outputs/full_state_space_release_revision_dfm/initialization_audit_journal_candidate/seed_4
midas_umidas,exact,pre_advance,DELTA_SA,12,1.0115523653580298,0.7181568402672717,0.4929875027885932,3.778633557275544,0.0450888168263253,0.5833333333333334,1.0,0.0,,,,0.0,0.0,4,<PROJECT_ROOT>/outputs/full_state_space_release_revision_dfm/initialization_audit_journal_candidate/seed_4
monthly_mixed_frequency_kalman_em,exact,pre_advance,DELTA_SA,12,0.2385584738595018,0.1930528166682795,0.0814292825002112,0.8911303908413117,0.033048462063901,0.5833333333333334,1.0,28.583333333333332,9.431670360387908e-05,9.448204234813744e-05,9.992598888191642e-05,0.0,0.0,4,<PROJECT_ROOT>/outputs/full_state_space_release_revision_dfm/initialization_audit_journal_candidate/seed_4
no_revision,exact,pre_advance,DELTA_SA,12,0.2421589698249203,0.2081999999999999,-0.02885,0.9045799712522576,0.2698071321429216,0.0,1.0,0.0,,,,0.0,0.0,4,<PROJECT_ROOT>/outputs/full_state_space_release_revision_dfm/initialization_audit_journal_candidate/seed_4
release_dfm,exact,pre_advance,DELTA_SA,12,0.2499810027346831,0.2076016390589358,0.0664932113177948,0.9337990181856136,0.0337129180411145,0.5833333333333334,1.0,0.0,,,,0.0,0.0,4,<PROJECT_ROOT>/outputs/full_state_space_release_revision_dfm/initialization_audit_journal_candidate/seed_4
revision_dfm_kalman_em,exact,pre_advance,DELTA_SA,12,0.2182657476621955,0.1601818736226487,0.1069692474517788,0.8153273194396583,0.068115528053725,0.5833333333333334,1.0,27.75,9.499212188469112e-05,9.545657424124717e-05,9.936485098632263e-05,0.0,0.0,4,<PROJECT_ROOT>/outputs/full_state_space_release_revision_dfm/initialization_audit_journal_candidate/seed_4
standard_dfm,exact,pre_advance,DELTA_SA,12,0.2499810027346831,0.2076016390589358,0.0664932113177948,0.9337990181856136,0.0337129180411145,0.5833333333333334,1.0,0.0,,,,0.0,0.0,4,<PROJECT_ROOT>/outputs/full_state_space_release_revision_dfm/initialization_audit_journal_candidate/seed_4
ar,exact,pre_second,DELTA_TS,12,0.251959656467342,0.1848646173354902,-0.0376689511299719,1.0,1.0,0.6666666666666666,1.0,0.0,,,,0.0,0.0,4,<PROJECT_ROOT>/outputs/full_state_space_release_revision_dfm/initialization_audit_journal_candidate/seed_4
bridge,exact,pre_second,DELTA_TS,12,0.3561542174133306,0.271933324538907,0.0504661025795201,1.4135366844314372,0.1092960133469001,0.5833333333333334,1.0,0.0,,,,0.0,0.0,4,<PROJECT_ROOT>/outputs/full_state_space_release_revision_dfm/initialization_audit_journal_candidate/seed_4
indicator_revision_only_dfm_kalman_em,exact,pre_second,DELTA_TS,12,0.2681974785489229,0.1863916666666666,-0.1095583333333333,1.064446119308333,0.380038266158234,0.0,0.5,45.5,0.0002084044090443,0.0001416483007804,0.0004955239560942,0.0,0.0,4,<PROJECT_ROOT>/outputs/full_state_space_release_revision_dfm/initialization_audit_journal_candidate/seed_4
joint_indicator_revision_dfm_full_kalman_em,exact,pre_second,DELTA_TS,12,0.2706501112482579,0.1875093793961796,-0.1074468705006489,1.0741803471356075,0.3442371696197724,0.6666666666666666,0.5833333333333334,45.5,0.0001467109261256,9.565476196755112e-05,0.0004278779661197,0.0,0.0,4,<PROJECT_ROOT>/outputs/full_state_space_release_revision_dfm/initialization_audit_journal_candidate/seed_4
midas_umidas,exact,pre_second,DELTA_TS,12,0.5678132845203745,0.4333814971073701,0.0072989357337582,2.2535881040700345,0.0232270770637397,0.5833333333333334,1.0,0.0,,,,0.0,0.0,4,<PROJECT_ROOT>/outputs/full_state_space_release_revision_dfm/initialization_audit_journal_candidate/seed_4
monthly_mixed_frequency_kalman_em,exact,pre_second,DELTA_TS,12,0.2587022962584349,0.1959430741208666,-0.0473482731673555,1.026760791333143,0.3763717199027357,0.6666666666666666,1.0,28.583333333333332,9.37581198711988e-05,9.344417099474332e-05,9.848143660208904e-05,0.0,0.0,4,<PROJECT_ROOT>/outputs/full_state_space_release_revision_dfm/initialization_audit_journal_candidate/seed_4
no_revision,exact,pre_second,DELTA_TS,12,0.2681974785489229,0.1863916666666666,-0.1095583333333333,1.064446119308333,0.380038266158234,0.0,1.0,0.0,,,,0.0,0.0,4,<PROJECT_ROOT>/outputs/full_state_space_release_revision_dfm/initialization_audit_journal_candidate/seed_4
release_dfm,exact,pre_second,DELTA_TS,12,0.2535413779557457,0.1780726052292352,-0.0623744546151883,1.0062776775876765,0.7733281819494218,0.6666666666666666,1.0,0.0,,,,0.0,0.0,4,<PROJECT_ROOT>/outputs/full_state_space_release_revision_dfm/initialization_audit_journal_candidate/seed_4
revision_dfm_kalman_em,exact,pre_second,DELTA_TS,12,0.2673980046141422,0.1846278660457425,-0.1063424128258087,1.0612730957140404,0.3851165247635785,0.6666666666666666,1.0,27.333333333333332,9.533623275704378e-05,9.551111538095696e-05,9.99196111849942e-05,0.0,0.0,4,<PROJECT_ROOT>/outputs/full_state_space_release_revision_dfm/initialization_audit_journal_candidate/seed_4
standard_dfm,exact,pre_second,DELTA_TS,12,0.2505310868078688,0.1827167930044863,-0.0418933687109395,0.9943301650768112,0.5776575310770069,0.6666666666666666,1.0,0.0,,,,0.0,0.0,4,<PROJECT_ROOT>/outputs/full_state_space_release_revision_dfm/initialization_audit_journal_candidate/seed_4
ar,exact,pre_third,DELTA_MT,12,3.932973087544104,1.7813117148934503,-1.187940989204239,1.0,1.0,0.4166666666666667,1.0,0.0,,,,0.0,0.0,4,<PROJECT_ROOT>/outputs/full_state_space_release_revision_dfm/initialization_audit_journal_candidate/seed_4
bridge,exact,pre_third,DELTA_MT,12,1.1076213627732276,0.810840186646312,0.2204040255435678,0.2816244449475417,0.3176521810021823,0.5833333333333334,1.0,0.0,,,,0.0,0.0,4,<PROJECT_ROOT>/outputs/full_state_space_release_revision_dfm/initialization_audit_journal_candidate/seed_4
indicator_revision_only_dfm_kalman_em,exact,pre_third,DELTA_MT,12,0.5869673912010218,0.4937166666666668,-0.2176333333333333,0.1492426665872626,0.2852918527964827,0.0,0.5833333333333334,41.916666666666664,0.0001988286186394,9.664001475908136e-05,0.0006046390317838,0.0,0.0,4,<PROJECT_ROOT>/outputs/full_state_space_release_revision_dfm/initialization_audit_journal_candidate/seed_4
joint_indicator_revision_dfm_full_kalman_em,exact,pre_third,DELTA_MT,12,0.5879255533656628,0.49494521021195,-0.2168312267112065,0.1494862894505046,0.28532624082929,0.4166666666666667,0.75,42.666666666666664,0.0001386052871793,9.538721273888671e-05,0.0004563308162819,0.0,0.0,4,<PROJECT_ROOT>/outputs/full_state_space_release_revision_dfm/initialization_audit_journal_candidate/seed_4
midas_umidas,exact,pre_third,DELTA_MT,12,4.210275087448997,3.4960652729830035,-0.3470831850952448,1.0705069660362336,0.8916779046585566,0.25,1.0,0.0,,,,0.0,0.0,4,<PROJECT_ROOT>/outputs/full_state_space_release_revision_dfm/initialization_audit_journal_candidate/seed_4
monthly_mixed_frequency_kalman_em,exact,pre_third,DELTA_MT,12,0.5785632400630882,0.501739964123204,-0.1828488643045474,0.1471058222837636,0.2848979767004619,0.5,1.0,28.416666666666668,9.410643926920017e-05,9.384653832010424e-05,9.999501178685108e-05,0.0,0.0,4,<PROJECT_ROOT>/outputs/full_state_space_release_revision_dfm/initialization_audit_journal_candidate/seed_4
no_revision,exact,pre_third,DELTA_MT,12,0.5869673912010218,0.4937166666666668,-0.2176333333333333,0.1492426665872626,0.2852918527964827,0.0,1.0,0.0,,,,0.0,0.0,4,<PROJECT_ROOT>/outputs/full_state_space_release_revision_dfm/initialization_audit_journal_candidate/seed_4
release_dfm,exact,pre_third,DELTA_MT,12,0.5717071089460181,0.4089228909659857,0.1953814718235556,0.1453625784413931,0.2854539022805759,0.75,1.0,0.0,,,,0.0,0.0,4,<PROJECT_ROOT>/outputs/full_state_space_release_revision_dfm/initialization_audit_journal_candidate/seed_4
revision_dfm_kalman_em,exact,pre_third,DELTA_MT,12,0.587422738923488,0.4949579462648545,-0.21634050601657,0.1493584435611525,0.2853026925419993,0.5833333333333334,1.0,27.5,9.482243245774474e-05,9.463061706674004e-05,9.899459288343924e-05,0.0,0.0,4,<PROJECT_ROOT>/outputs/full_state_space_release_revision_dfm/initialization_audit_journal_candidate/seed_4
standard_dfm,exact,pre_third,DELTA_MT,12,0.8763988277786433,0.6787905465327362,-0.0587876799569759,0.2228336701703442,0.3011245260710658,0.5,1.0,0.0,,,,0.0,0.0,4,<PROJECT_ROOT>/outputs/full_state_space_release_revision_dfm/initialization_audit_journal_candidate/seed_4
ar,pseudo,pre_advance,DELTA_SA,12,0.2677032186437722,0.2310021451991581,0.0573980020927568,1.0,1.0,0.5833333333333334,1.0,0.0,,,,0.0,0.0,4,<PROJECT_ROOT>/outputs/full_state_space_release_revision_dfm/initialization_audit_journal_candidate/seed_4
bridge,pseudo,pre_advance,DELTA_SA,12,0.3268941685998097,0.2832070708516317,0.0698243763889971,1.2211066055010784,0.1212077297214261,0.5833333333333334,1.0,0.0,,,,0.0,0.0,4,<PROJECT_ROOT>/outputs/full_state_space_release_revision_dfm/initialization_audit_journal_candidate/seed_4
indicator_revision_only_dfm_kalman_em,pseudo,pre_advance,DELTA_SA,12,0.2421589698249203,0.2081999999999999,-0.02885,0.9045799712522576,0.2698071321429216,0.0,0.5833333333333334,44.416666666666664,0.0001759384375238,9.241075876705178e-05,0.0004284509031203,0.0,0.0,4,<PROJECT_ROOT>/outputs/full_state_space_release_revision_dfm/initialization_audit_journal_candidate/seed_4
joint_indicator_revision_dfm_full_kalman_em,pseudo,pre_advance,DELTA_SA,12,0.4014675822359897,0.3243818810921348,0.0597943778654277,1.499674095327988,0.0903055475497393,0.4166666666666667,0.6666666666666666,44.333333333333336,0.0001254430549138,9.433414174472613e-05,0.0003429619436081,0.0,0.0,4,<PROJECT_ROOT>/outputs/full_state_space_release_revision_dfm/initialization_audit_journal_candidate/seed_4
midas_umidas,pseudo,pre_advance,DELTA_SA,12,1.0310813767240443,0.7019709380532945,0.4537466281703131,3.85158378725392,0.0639341948363995,0.5833333333333334,1.0,0.0,,,,0.0,0.0,4,<PROJECT_ROOT>/outputs/full_state_space_release_revision_dfm/initialization_audit_journal_candidate/seed_4
monthly_mixed_frequency_kalman_em,pseudo,pre_advance,DELTA_SA,12,0.2387452345121499,0.1930353522425768,0.0813786081091929,0.8918280315106852,0.0350792999332243,0.5833333333333334,1.0,28.583333333333332,9.438332366821336e-05,9.464055731008136e-05,9.994961427105884e-05,0.0,0.0,4,<PROJECT_ROOT>/outputs/full_state_space_release_revision_dfm/initialization_audit_journal_candidate/seed_4
no_revision,pseudo,pre_advance,DELTA_SA,12,0.2421589698249203,0.2081999999999999,-0.02885,0.9045799712522576,0.2698071321429216,0.0,1.0,0.0,,,,0.0,0.0,4,<PROJECT_ROOT>/outputs/full_state_space_release_revision_dfm/initialization_audit_journal_candidate/seed_4
release_dfm,pseudo,pre_advance,DELTA_SA,12,0.2499958206649264,0.2076195428472318,0.0665108609041345,0.933854370266617,0.0339128467671872,0.5833333333333334,1.0,0.0,,,,0.0,0.0,4,<PROJECT_ROOT>/outputs/full_state_space_release_revision_dfm/initialization_audit_journal_candidate/seed_4
revision_dfm_kalman_em,pseudo,pre_advance,DELTA_SA,12,0.2183843918924282,0.1602241734855162,0.1070985780666754,0.8157705125803079,0.0691577617915017,0.5833333333333334,1.0,27.75,9.513722525198106e-05,9.545883587944724e-05,9.937130200580004e-05,0.0,0.0,4,<PROJECT_ROOT>/outputs/full_state_space_release_revision_dfm/initialization_audit_journal_candidate/seed_4
standard_dfm,pseudo,pre_advance,DELTA_SA,12,0.2499958206649264,0.2076195428472318,0.0665108609041345,0.933854370266617,0.0339128467671872,0.5833333333333334,1.0,0.0,,,,0.0,0.0,4,<PROJECT_ROOT>/outputs/full_state_space_release_revision_dfm/initialization_audit_journal_candidate/seed_4
ar,pseudo,pre_second,DELTA_TS,12,0.251959656467342,0.1848646173354902,-0.0376689511299719,1.0,1.0,0.6666666666666666,1.0,0.0,,,,0.0,0.0,4,<PROJECT_ROOT>/outputs/full_state_space_release_revision_dfm/initialization_audit_journal_candidate/seed_4
bridge,pseudo,pre_second,DELTA_TS,12,0.3619401883326655,0.2762217995411756,0.0483676830537495,1.4365005628572871,0.0871615726826451,0.5,1.0,0.0,,,,0.0,0.0,4,<PROJECT_ROOT>/outputs/full_state_space_release_revision_dfm/initialization_audit_journal_candidate/seed_4
indicator_revision_only_dfm_kalman_em,pseudo,pre_second,DELTA_TS,12,0.2681974785489229,0.1863916666666666,-0.1095583333333333,1.064446119308333,0.380038266158234,0.0,0.5,45.416666666666664,0.0002120130610277,0.000140973014847,0.0005143644870254,0.0,0.0,4,<PROJECT_ROOT>/outputs/full_state_space_release_revision_dfm/initialization_audit_journal_candidate/seed_4
joint_indicator_revision_dfm_full_kalman_em,pseudo,pre_second,DELTA_TS,12,0.2707133123983823,0.1875513675834368,-0.1074506047109662,1.0744311855079507,0.3436236035811741,0.6666666666666666,0.5833333333333334,45.5,0.0001473908479292,9.572502920782906e-05,0.0004370192643732,0.0,0.0,4,<PROJECT_ROOT>/outputs/full_state_space_release_revision_dfm/initialization_audit_journal_candidate/seed_4
midas_umidas,pseudo,pre_second,DELTA_TS,12,0.5772594121427352,0.4437511658083622,0.0148546705600844,2.291078739494778,0.0207803164407266,0.5,1.0,0.0,,,,0.0,0.0,4,<PROJECT_ROOT>/outputs/full_state_space_release_revision_dfm/initialization_audit_journal_candidate/seed_4
monthly_mixed_frequency_kalman_em,pseudo,pre_second,DELTA_TS,12,0.2587148110256348,0.1959550441987003,-0.0473439319777653,1.02681046105954,0.3753808571896914,0.6666666666666666,1.0,28.583333333333332,9.372632370715984e-05,9.333545536690683e-05,9.827650753848644e-05,0.0,0.0,4,<PROJECT_ROOT>/outputs/full_state_space_release_revision_dfm/initialization_audit_journal_candidate/seed_4
no_revision,pseudo,pre_second,DELTA_TS,12,0.2681974785489229,0.1863916666666666,-0.1095583333333333,1.064446119308333,0.380038266158234,0.0,1.0,0.0,,,,0.0,0.0,4,<PROJECT_ROOT>/outputs/full_state_space_release_revision_dfm/initialization_audit_journal_candidate/seed_4
release_dfm,pseudo,pre_second,DELTA_TS,12,0.2534855697240448,0.1780194749991728,-0.0623764767407242,1.0060561808906126,0.7806122941207081,0.6666666666666666,1.0,0.0,,,,0.0,0.0,4,<PROJECT_ROOT>/outputs/full_state_space_release_revision_dfm/initialization_audit_journal_candidate/seed_4
revision_dfm_kalman_em,pseudo,pre_second,DELTA_TS,12,0.2674300543826385,0.1846572031089132,-0.1063536940374905,1.0614002976992536,0.3847035215183267,0.6666666666666666,1.0,27.333333333333332,9.533857556084318e-05,9.550787274245146e-05,9.991693028862052e-05,0.0,0.0,4,<PROJECT_ROOT>/outputs/full_state_space_release_revision_dfm/initialization_audit_journal_candidate/seed_4
standard_dfm,pseudo,pre_second,DELTA_TS,12,0.2506157098335023,0.1827878756079632,-0.0419166563605817,0.9946660245029588,0.5985350114964143,0.6666666666666666,1.0,0.0,,,,0.0,0.0,4,<PROJECT_ROOT>/outputs/full_state_space_release_revision_dfm/initialization_audit_journal_candidate/seed_4
ar,pseudo,pre_third,DELTA_MT,12,3.932973087544104,1.7813117148934503,-1.187940989204239,1.0,1.0,0.4166666666666667,1.0,0.0,,,,0.0,0.0,4,<PROJECT_ROOT>/outputs/full_state_space_release_revision_dfm/initialization_audit_journal_candidate/seed_4
bridge,pseudo,pre_third,DELTA_MT,12,1.1043136490451386,0.7960913427605586,0.2374665752516012,0.2807834237520078,0.317313920823929,0.5,1.0,0.0,,,,0.0,0.0,4,<PROJECT_ROOT>/outputs/full_state_space_release_revision_dfm/initialization_audit_journal_candidate/seed_4
indicator_revision_only_dfm_kalman_em,pseudo,pre_third,DELTA_MT,12,0.5869673912010218,0.4937166666666668,-0.2176333333333333,0.1492426665872626,0.2852918527964827,0.0,0.5,44.0,0.0002445150472507,0.0001424350126293,0.0006239116062568,0.0,0.0,4,<PROJECT_ROOT>/outputs/full_state_space_release_revision_dfm/initialization_audit_journal_candidate/seed_4
joint_indicator_revision_dfm_full_kalman_em,pseudo,pre_third,DELTA_MT,12,0.5876892709693736,0.4946529519016593,-0.2165361706933491,0.1494262121524835,0.2853268093197958,0.5,0.6666666666666666,44.5,0.0001736971612735,9.550361131643496e-05,0.0005009286873799,0.0,0.0,4,<PROJECT_ROOT>/outputs/full_state_space_release_revision_dfm/initialization_audit_journal_candidate/seed_4
midas_umidas,pseudo,pre_third,DELTA_MT,12,4.2094849521279505,3.5206111054209823,-0.224052022048252,1.070306065774915,0.8917589789756226,0.25,1.0,0.0,,,,0.0,0.0,4,<PROJECT_ROOT>/outputs/full_state_space_release_revision_dfm/initialization_audit_journal_candidate/seed_4
monthly_mixed_frequency_kalman_em,pseudo,pre_third,DELTA_MT,12,0.5784598744747702,0.5015474949789395,-0.1832964767284867,0.1470795404898085,0.2848928874871325,0.5,1.0,28.583333333333332,9.28181234038416e-05,9.22090328105168e-05,9.732688187162676e-05,0.0,0.0,4,<PROJECT_ROOT>/outputs/full_state_space_release_revision_dfm/initialization_audit_journal_candidate/seed_4
no_revision,pseudo,pre_third,DELTA_MT,12,0.5869673912010218,0.4937166666666668,-0.2176333333333333,0.1492426665872626,0.2852918527964827,0.0,1.0,0.0,,,,0.0,0.0,4,<PROJECT_ROOT>/outputs/full_state_space_release_revision_dfm/initialization_audit_journal_candidate/seed_4
release_dfm,pseudo,pre_third,DELTA_MT,12,0.5699932175570538,0.4076405162081749,0.1964854263930126,0.1449268034307803,0.2853873905221377,0.75,1.0,0.0,,,,0.0,0.0,4,<PROJECT_ROOT>/outputs/full_state_space_release_revision_dfm/initialization_audit_journal_candidate/seed_4
revision_dfm_kalman_em,pseudo,pre_third,DELTA_MT,12,0.5874136389262535,0.494948099210966,-0.2163457639718254,0.1493561297906202,0.2853024392617574,0.5833333333333334,1.0,27.5,9.523564776930776e-05,9.586286353342258e-05,9.96552818420852e-05,0.0,0.0,4,<PROJECT_ROOT>/outputs/full_state_space_release_revision_dfm/initialization_audit_journal_candidate/seed_4
standard_dfm,pseudo,pre_third,DELTA_MT,12,0.8714588189457128,0.6763859085236993,-0.0568173865842447,0.2215776206823435,0.3008067814974284,0.5,1.0,0.0,,,,0.0,0.0,4,<PROJECT_ROOT>/outputs/full_state_space_release_revision_dfm/initialization_audit_journal_candidate/seed_4
ar,exact,pre_advance,DELTA_SA,12,0.2677032186437722,0.2310021451991581,0.0573980020927568,1.0,1.0,0.5833333333333334,1.0,0.0,,,,0.0,0.0,5,<PROJECT_ROOT>/outputs/full_state_space_release_revision_dfm/initialization_audit_journal_candidate/seed_5
bridge,exact,pre_advance,DELTA_SA,12,0.3196982962604459,0.2778985376898982,0.0677128877834062,1.194226568810376,0.1295630016016453,0.5833333333333334,1.0,0.0,,,,0.0,0.0,5,<PROJECT_ROOT>/outputs/full_state_space_release_revision_dfm/initialization_audit_journal_candidate/seed_5
indicator_revision_only_dfm_kalman_em,exact,pre_advance,DELTA_SA,12,0.2421589698249203,0.2081999999999999,-0.02885,0.9045799712522576,0.2698071321429216,0.0,0.4166666666666667,45.333333333333336,0.0001993643079038,0.0001404656495592,0.0005396242359375,0.0,0.0,5,<PROJECT_ROOT>/outputs/full_state_space_release_revision_dfm/initialization_audit_journal_candidate/seed_5
joint_indicator_revision_dfm_full_kalman_em,exact,pre_advance,DELTA_SA,12,0.3987215699862403,0.3064883607533447,0.0390491058668135,1.4894164216860308,0.1227519939659238,0.5833333333333334,0.6666666666666666,44.916666666666664,0.0001771001888456,9.346300142632756e-05,0.0004727725401868,0.0,0.0,5,<PROJECT_ROOT>/outputs/full_state_space_release_revision_dfm/initialization_audit_journal_candidate/seed_5
midas_umidas,exact,pre_advance,DELTA_SA,12,1.0115523653580298,0.7181568402672717,0.4929875027885932,3.778633557275544,0.0450888168263253,0.5833333333333334,1.0,0.0,,,,0.0,0.0,5,<PROJECT_ROOT>/outputs/full_state_space_release_revision_dfm/initialization_audit_journal_candidate/seed_5
monthly_mixed_frequency_kalman_em,exact,pre_advance,DELTA_SA,12,0.2385584738595018,0.1930528166682795,0.0814292825002112,0.8911303908413117,0.033048462063901,0.5833333333333334,1.0,28.583333333333332,9.431670360387908e-05,9.448204234813744e-05,9.992598888191642e-05,0.0,0.0,5,<PROJECT_ROOT>/outputs/full_state_space_release_revision_dfm/initialization_audit_journal_candidate/seed_5
no_revision,exact,pre_advance,DELTA_SA,12,0.2421589698249203,0.2081999999999999,-0.02885,0.9045799712522576,0.2698071321429216,0.0,1.0,0.0,,,,0.0,0.0,5,<PROJECT_ROOT>/outputs/full_state_space_release_revision_dfm/initialization_audit_journal_candidate/seed_5
release_dfm,exact,pre_advance,DELTA_SA,12,0.2499810027346831,0.2076016390589358,0.0664932113177948,0.9337990181856136,0.0337129180411145,0.5833333333333334,1.0,0.0,,,,0.0,0.0,5,<PROJECT_ROOT>/outputs/full_state_space_release_revision_dfm/initialization_audit_journal_candidate/seed_5
revision_dfm_kalman_em,exact,pre_advance,DELTA_SA,12,0.2183717696734431,0.160304251280013,0.1068669351951375,0.8157233625346375,0.0690049434285587,0.5833333333333334,1.0,27.25,9.357908841799986e-05,9.36532917823548e-05,9.927088208191344e-05,0.0,0.0,5,<PROJECT_ROOT>/outputs/full_state_space_release_revision_dfm/initialization_audit_journal_candidate/seed_5
standard_dfm,exact,pre_advance,DELTA_SA,12,0.2499810027346831,0.2076016390589358,0.0664932113177948,0.9337990181856136,0.0337129180411145,0.5833333333333334,1.0,0.0,,,,0.0,0.0,5,<PROJECT_ROOT>/outputs/full_state_space_release_revision_dfm/initialization_audit_journal_candidate/seed_5
ar,exact,pre_second,DELTA_TS,12,0.251959656467342,0.1848646173354902,-0.0376689511299719,1.0,1.0,0.6666666666666666,1.0,0.0,,,,0.0,0.0,5,<PROJECT_ROOT>/outputs/full_state_space_release_revision_dfm/initialization_audit_journal_candidate/seed_5
bridge,exact,pre_second,DELTA_TS,12,0.3561542174133306,0.271933324538907,0.0504661025795201,1.4135366844314372,0.1092960133469001,0.5833333333333334,1.0,0.0,,,,0.0,0.0,5,<PROJECT_ROOT>/outputs/full_state_space_release_revision_dfm/initialization_audit_journal_candidate/seed_5
indicator_revision_only_dfm_kalman_em,exact,pre_second,DELTA_TS,12,0.2681974785489229,0.1863916666666666,-0.1095583333333333,1.064446119308333,0.380038266158234,0.0,0.3333333333333333,44.333333333333336,0.0002127932492845,0.0002042771412131,0.0003780680794632,0.0,0.0,5,<PROJECT_ROOT>/outputs/full_state_space_release_revision_dfm/initialization_audit_journal_candidate/seed_5
joint_indicator_revision_dfm_full_kalman_em,exact,pre_second,DELTA_TS,12,0.2706201690697105,0.18716569410448,-0.1063074611337254,1.07406150994172,0.3460801806067966,0.6666666666666666,0.5833333333333334,42.416666666666664,0.0001637489198778,9.913902447290622e-05,0.0004334033781343,0.0,0.0,5,<PROJECT_ROOT>/outputs/full_state_space_release_revision_dfm/initialization_audit_journal_candidate/seed_5
midas_umidas,exact,pre_second,DELTA_TS,12,0.5678132845203745,0.4333814971073701,0.0072989357337582,2.2535881040700345,0.0232270770637397,0.5833333333333334,1.0,0.0,,,,0.0,0.0,5,<PROJECT_ROOT>/outputs/full_state_space_release_revision_dfm/initialization_audit_journal_candidate/seed_5
monthly_mixed_frequency_kalman_em,exact,pre_second,DELTA_TS,12,0.2587022962584349,0.1959430741208666,-0.0473482731673555,1.026760791333143,0.3763717199027357,0.6666666666666666,1.0,28.583333333333332,9.37581198711988e-05,9.344417099474332e-05,9.848143660208904e-05,0.0,0.0,5,<PROJECT_ROOT>/outputs/full_state_space_release_revision_dfm/initialization_audit_journal_candidate/seed_5
no_revision,exact,pre_second,DELTA_TS,12,0.2681974785489229,0.1863916666666666,-0.1095583333333333,1.064446119308333,0.380038266158234,0.0,1.0,0.0,,,,0.0,0.0,5,<PROJECT_ROOT>/outputs/full_state_space_release_revision_dfm/initialization_audit_journal_candidate/seed_5
release_dfm,exact,pre_second,DELTA_TS,12,0.2535413779557457,0.1780726052292352,-0.0623744546151883,1.0062776775876765,0.7733281819494218,0.6666666666666666,1.0,0.0,,,,0.0,0.0,5,<PROJECT_ROOT>/outputs/full_state_space_release_revision_dfm/initialization_audit_journal_candidate/seed_5
revision_dfm_kalman_em,exact,pre_second,DELTA_TS,12,0.2673896754164933,0.184634074840689,-0.1063236716779752,1.0612400380501046,0.3855680037340599,0.6666666666666666,1.0,26.916666666666668,9.379256866914784e-05,9.462955168526288e-05,9.820630594485676e-05,0.0,0.0,5,<PROJECT_ROOT>/outputs/full_state_space_release_revision_dfm/initialization_audit_journal_candidate/seed_5
standard_dfm,exact,pre_second,DELTA_TS,12,0.2505310868078688,0.1827167930044863,-0.0418933687109395,0.9943301650768112,0.5776575310770069,0.6666666666666666,1.0,0.0,,,,0.0,0.0,5,<PROJECT_ROOT>/outputs/full_state_space_release_revision_dfm/initialization_audit_journal_candidate/seed_5
ar,exact,pre_third,DELTA_MT,12,3.932973087544104,1.7813117148934503,-1.187940989204239,1.0,1.0,0.4166666666666667,1.0,0.0,,,,0.0,0.0,5,<PROJECT_ROOT>/outputs/full_state_space_release_revision_dfm/initialization_audit_journal_candidate/seed_5
bridge,exact,pre_third,DELTA_MT,12,1.1076213627732276,0.810840186646312,0.2204040255435678,0.2816244449475417,0.3176521810021823,0.5833333333333334,1.0,0.0,,,,0.0,0.0,5,<PROJECT_ROOT>/outputs/full_state_space_release_revision_dfm/initialization_audit_journal_candidate/seed_5
indicator_revision_only_dfm_kalman_em,exact,pre_third,DELTA_MT,12,0.5869673912010218,0.4937166666666668,-0.2176333333333333,0.1492426665872626,0.2852918527964827,0.0,0.6666666666666666,39.333333333333336,0.0001402248694768,9.701943007503476e-05,0.0003716184635887,0.0,0.0,5,<PROJECT_ROOT>/outputs/full_state_space_release_revision_dfm/initialization_audit_journal_candidate/seed_5
joint_indicator_revision_dfm_full_kalman_em,exact,pre_third,DELTA_MT,12,0.5878926760906129,0.4948147018644538,-0.2169840823851036,0.1494779300556351,0.2853241870663345,0.4166666666666667,0.75,40.833333333333336,0.0001366551736497,9.659261294832038e-05,0.0004117563786687,0.0,0.0,5,<PROJECT_ROOT>/outputs/full_state_space_release_revision_dfm/initialization_audit_journal_candidate/seed_5
midas_umidas,exact,pre_third,DELTA_MT,12,4.210275087448997,3.4960652729830035,-0.3470831850952448,1.0705069660362336,0.8916779046585566,0.25,1.0,0.0,,,,0.0,0.0,5,<PROJECT_ROOT>/outputs/full_state_space_release_revision_dfm/initialization_audit_journal_candidate/seed_5
monthly_mixed_frequency_kalman_em,exact,pre_third,DELTA_MT,12,0.5785632400630882,0.501739964123204,-0.1828488643045474,0.1471058222837636,0.2848979767004619,0.5,1.0,28.416666666666668,9.410643926920017e-05,9.384653832010424e-05,9.999501178685108e-05,0.0,0.0,5,<PROJECT_ROOT>/outputs/full_state_space_release_revision_dfm/initialization_audit_journal_candidate/seed_5
no_revision,exact,pre_third,DELTA_MT,12,0.5869673912010218,0.4937166666666668,-0.2176333333333333,0.1492426665872626,0.2852918527964827,0.0,1.0,0.0,,,,0.0,0.0,5,<PROJECT_ROOT>/outputs/full_state_space_release_revision_dfm/initialization_audit_journal_candidate/seed_5
release_dfm,exact,pre_third,DELTA_MT,12,0.5717071089460181,0.4089228909659857,0.1953814718235556,0.1453625784413931,0.2854539022805759,0.75,1.0,0.0,,,,0.0,0.0,5,<PROJECT_ROOT>/outputs/full_state_space_release_revision_dfm/initialization_audit_journal_candidate/seed_5
revision_dfm_kalman_em,exact,pre_third,DELTA_MT,12,0.5874095878727661,0.494949958225154,-0.2163281530641515,0.1493550997674298,0.2853022010958591,0.5833333333333334,1.0,27.0,9.41555675577726e-05,9.44333070919679e-05,9.806826453532572e-05,0.0,0.0,5,<PROJECT_ROOT>/outputs/full_state_space_release_revision_dfm/initialization_audit_journal_candidate/seed_5
standard_dfm,exact,pre_third,DELTA_MT,12,0.8763988277786433,0.6787905465327362,-0.0587876799569759,0.2228336701703442,0.3011245260710658,0.5,1.0,0.0,,,,0.0,0.0,5,<PROJECT_ROOT>/outputs/full_state_space_release_revision_dfm/initialization_audit_journal_candidate/seed_5
ar,pseudo,pre_advance,DELTA_SA,12,0.2677032186437722,0.2310021451991581,0.0573980020927568,1.0,1.0,0.5833333333333334,1.0,0.0,,,,0.0,0.0,5,<PROJECT_ROOT>/outputs/full_state_space_release_revision_dfm/initialization_audit_journal_candidate/seed_5
bridge,pseudo,pre_advance,DELTA_SA,12,0.3268941685998097,0.2832070708516317,0.0698243763889971,1.2211066055010784,0.1212077297214261,0.5833333333333334,1.0,0.0,,,,0.0,0.0,5,<PROJECT_ROOT>/outputs/full_state_space_release_revision_dfm/initialization_audit_journal_candidate/seed_5
indicator_revision_only_dfm_kalman_em,pseudo,pre_advance,DELTA_SA,12,0.2421589698249203,0.2081999999999999,-0.02885,0.9045799712522576,0.2698071321429216,0.0,0.5,44.75,0.0001809965730609,0.000116909521898,0.0004885797173249,0.0,0.0,5,<PROJECT_ROOT>/outputs/full_state_space_release_revision_dfm/initialization_audit_journal_candidate/seed_5
joint_indicator_revision_dfm_full_kalman_em,pseudo,pre_advance,DELTA_SA,12,0.4033574870244509,0.3228879076684195,0.0610609402993408,1.506733796731788,0.1010671997513735,0.5,0.5833333333333334,45.166666666666664,0.0001779151100232,9.559981172147464e-05,0.0004600414817341,0.0,0.0,5,<PROJECT_ROOT>/outputs/full_state_space_release_revision_dfm/initialization_audit_journal_candidate/seed_5
midas_umidas,pseudo,pre_advance,DELTA_SA,12,1.0310813767240443,0.7019709380532945,0.4537466281703131,3.85158378725392,0.0639341948363995,0.5833333333333334,1.0,0.0,,,,0.0,0.0,5,<PROJECT_ROOT>/outputs/full_state_space_release_revision_dfm/initialization_audit_journal_candidate/seed_5
monthly_mixed_frequency_kalman_em,pseudo,pre_advance,DELTA_SA,12,0.2387452345121499,0.1930353522425768,0.0813786081091929,0.8918280315106852,0.0350792999332243,0.5833333333333334,1.0,28.583333333333332,9.438332366821336e-05,9.464055731008136e-05,9.994961427105884e-05,0.0,0.0,5,<PROJECT_ROOT>/outputs/full_state_space_release_revision_dfm/initialization_audit_journal_candidate/seed_5
no_revision,pseudo,pre_advance,DELTA_SA,12,0.2421589698249203,0.2081999999999999,-0.02885,0.9045799712522576,0.2698071321429216,0.0,1.0,0.0,,,,0.0,0.0,5,<PROJECT_ROOT>/outputs/full_state_space_release_revision_dfm/initialization_audit_journal_candidate/seed_5
release_dfm,pseudo,pre_advance,DELTA_SA,12,0.2499958206649264,0.2076195428472318,0.0665108609041345,0.933854370266617,0.0339128467671872,0.5833333333333334,1.0,0.0,,,,0.0,0.0,5,<PROJECT_ROOT>/outputs/full_state_space_release_revision_dfm/initialization_audit_journal_candidate/seed_5
revision_dfm_kalman_em,pseudo,pre_advance,DELTA_SA,12,0.218488097627933,0.160340365775302,0.106988666009498,0.816157903273741,0.0700423942097592,0.5833333333333334,1.0,27.25,9.368702992350288e-05,9.384493577611329e-05,9.97371524020595e-05,0.0,0.0,5,<PROJECT_ROOT>/outputs/full_state_space_release_revision_dfm/initialization_audit_journal_candidate/seed_5
standard_dfm,pseudo,pre_advance,DELTA_SA,12,0.2499958206649264,0.2076195428472318,0.0665108609041345,0.933854370266617,0.0339128467671872,0.5833333333333334,1.0,0.0,,,,0.0,0.0,5,<PROJECT_ROOT>/outputs/full_state_space_release_revision_dfm/initialization_audit_journal_candidate/seed_5
ar,pseudo,pre_second,DELTA_TS,12,0.251959656467342,0.1848646173354902,-0.0376689511299719,1.0,1.0,0.6666666666666666,1.0,0.0,,,,0.0,0.0,5,<PROJECT_ROOT>/outputs/full_state_space_release_revision_dfm/initialization_audit_journal_candidate/seed_5
bridge,pseudo,pre_second,DELTA_TS,12,0.3619401883326655,0.2762217995411756,0.0483676830537495,1.4365005628572871,0.0871615726826451,0.5,1.0,0.0,,,,0.0,0.0,5,<PROJECT_ROOT>/outputs/full_state_space_release_revision_dfm/initialization_audit_journal_candidate/seed_5
indicator_revision_only_dfm_kalman_em,pseudo,pre_second,DELTA_TS,12,0.2681974785489229,0.1863916666666666,-0.1095583333333333,1.064446119308333,0.380038266158234,0.0,0.4166666666666667,43.916666666666664,0.000207235935348,0.0001580523329671,0.0003802996763822,0.0,0.0,5,<PROJECT_ROOT>/outputs/full_state_space_release_revision_dfm/initialization_audit_journal_candidate/seed_5
joint_indicator_revision_dfm_full_kalman_em,pseudo,pre_second,DELTA_TS,12,0.270676065671205,0.1871890147326597,-0.1063269911510258,1.0742833573687178,0.3457111992920355,0.6666666666666666,0.5833333333333334,42.25,0.0001656461134991,9.83981152374928e-05,0.0004335199397103,0.0,0.0,5,<PROJECT_ROOT>/outputs/full_state_space_release_revision_dfm/initialization_audit_journal_candidate/seed_5
midas_umidas,pseudo,pre_second,DELTA_TS,12,0.5772594121427352,0.4437511658083622,0.0148546705600844,2.291078739494778,0.0207803164407266,0.5,1.0,0.0,,,,0.0,0.0,5,<PROJECT_ROOT>/outputs/full_state_space_release_revision_dfm/initialization_audit_journal_candidate/seed_5
monthly_mixed_frequency_kalman_em,pseudo,pre_second,DELTA_TS,12,0.2587148110256348,0.1959550441987003,-0.0473439319777653,1.02681046105954,0.3753808571896914,0.6666666666666666,1.0,28.583333333333332,9.372632370715984e-05,9.333545536690683e-05,9.827650753848644e-05,0.0,0.0,5,<PROJECT_ROOT>/outputs/full_state_space_release_revision_dfm/initialization_audit_journal_candidate/seed_5
no_revision,pseudo,pre_second,DELTA_TS,12,0.2681974785489229,0.1863916666666666,-0.1095583333333333,1.064446119308333,0.380038266158234,0.0,1.0,0.0,,,,0.0,0.0,5,<PROJECT_ROOT>/outputs/full_state_space_release_revision_dfm/initialization_audit_journal_candidate/seed_5
release_dfm,pseudo,pre_second,DELTA_TS,12,0.2534855697240448,0.1780194749991728,-0.0623764767407242,1.0060561808906126,0.7806122941207081,0.6666666666666666,1.0,0.0,,,,0.0,0.0,5,<PROJECT_ROOT>/outputs/full_state_space_release_revision_dfm/initialization_audit_journal_candidate/seed_5
revision_dfm_kalman_em,pseudo,pre_second,DELTA_TS,12,0.26742203501864,0.1846637945523301,-0.1063349277812134,1.0613684697307963,0.385148855277023,0.6666666666666666,1.0,26.916666666666668,9.379384086786611e-05,9.461885017829474e-05,9.821544390128045e-05,0.0,0.0,5,<PROJECT_ROOT>/outputs/full_state_space_release_revision_dfm/initialization_audit_journal_candidate/seed_5
standard_dfm,pseudo,pre_second,DELTA_TS,12,0.2506157098335023,0.1827878756079632,-0.0419166563605817,0.9946660245029588,0.5985350114964143,0.6666666666666666,1.0,0.0,,,,0.0,0.0,5,<PROJECT_ROOT>/outputs/full_state_space_release_revision_dfm/initialization_audit_journal_candidate/seed_5
ar,pseudo,pre_third,DELTA_MT,12,3.932973087544104,1.7813117148934503,-1.187940989204239,1.0,1.0,0.4166666666666667,1.0,0.0,,,,0.0,0.0,5,<PROJECT_ROOT>/outputs/full_state_space_release_revision_dfm/initialization_audit_journal_candidate/seed_5
bridge,pseudo,pre_third,DELTA_MT,12,1.1043136490451386,0.7960913427605586,0.2374665752516012,0.2807834237520078,0.317313920823929,0.5,1.0,0.0,,,,0.0,0.0,5,<PROJECT_ROOT>/outputs/full_state_space_release_revision_dfm/initialization_audit_journal_candidate/seed_5
indicator_revision_only_dfm_kalman_em,pseudo,pre_third,DELTA_MT,12,0.5869673912010218,0.4937166666666668,-0.2176333333333333,0.1492426665872626,0.2852918527964827,0.0,0.6666666666666666,39.416666666666664,0.0001378470073259,8.865617973197929e-05,0.0003718921384004,0.0,0.0,5,<PROJECT_ROOT>/outputs/full_state_space_release_revision_dfm/initialization_audit_journal_candidate/seed_5
joint_indicator_revision_dfm_full_kalman_em,pseudo,pre_third,DELTA_MT,12,0.5878826849165015,0.4948028253533668,-0.2169690480010057,0.1494753896939573,0.2853242720482119,0.4166666666666667,0.75,40.833333333333336,0.0001361106957726,9.628180950583976e-05,0.0004118945259241,0.0,0.0,5,<PROJECT_ROOT>/outputs/full_state_space_release_revision_dfm/initialization_audit_journal_candidate/seed_5
midas_umidas,pseudo,pre_third,DELTA_MT,12,4.2094849521279505,3.5206111054209823,-0.224052022048252,1.070306065774915,0.8917589789756226,0.25,1.0,0.0,,,,0.0,0.0,5,<PROJECT_ROOT>/outputs/full_state_space_release_revision_dfm/initialization_audit_journal_candidate/seed_5
monthly_mixed_frequency_kalman_em,pseudo,pre_third,DELTA_MT,12,0.5784598744747702,0.5015474949789395,-0.1832964767284867,0.1470795404898085,0.2848928874871325,0.5,1.0,28.583333333333332,9.28181234038416e-05,9.22090328105168e-05,9.732688187162676e-05,0.0,0.0,5,<PROJECT_ROOT>/outputs/full_state_space_release_revision_dfm/initialization_audit_journal_candidate/seed_5
no_revision,pseudo,pre_third,DELTA_MT,12,0.5869673912010218,0.4937166666666668,-0.2176333333333333,0.1492426665872626,0.2852918527964827,0.0,1.0,0.0,,,,0.0,0.0,5,<PROJECT_ROOT>/outputs/full_state_space_release_revision_dfm/initialization_audit_journal_candidate/seed_5
release_dfm,pseudo,pre_third,DELTA_MT,12,0.5699932175570538,0.4076405162081749,0.1964854263930126,0.1449268034307803,0.2853873905221377,0.75,1.0,0.0,,,,0.0,0.0,5,<PROJECT_ROOT>/outputs/full_state_space_release_revision_dfm/initialization_audit_journal_candidate/seed_5
revision_dfm_kalman_em,pseudo,pre_third,DELTA_MT,12,0.5874003269227446,0.4949399012710032,-0.2163335009882446,0.1493527450729492,0.2853019436811213,0.5833333333333334,1.0,27.0,9.442001787472069e-05,9.462098700346388e-05,9.807265912717206e-05,0.0,0.0,5,<PROJECT_ROOT>/outputs/full_state_space_release_revision_dfm/initialization_audit_journal_candidate/seed_5
standard_dfm,pseudo,pre_third,DELTA_MT,12,0.8714588189457128,0.6763859085236993,-0.0568173865842447,0.2215776206823435,0.3008067814974284,0.5,1.0,0.0,,,,0.0,0.0,5,<PROJECT_ROOT>/outputs/full_state_space_release_revision_dfm/initialization_audit_journal_candidate/seed_5
