model_id,timing_mode,checkpoint_id,target_id,n_forecasts,n_variance,share_positive_variance,share_finite_sd,min_forecast_variance,median_forecast_variance,max_forecast_variance,mean_forecast_sd,empirical_error_sd,RMSE,mean_sd_to_rmse,mean_sd_to_empirical_error_sd,coverage_68,coverage_90,model_implied_share
ar,exact,pre_advance,A,80,0,0.0,0.0,,,,,7.181818733775091,7.136876466075766,,,,,0.0
ar,exact,pre_second,S,79,0,0.0,0.0,,,,,6.986343495667327,6.942115480721942,,,,,0.0
ar,exact,pre_third,T,80,0,0.0,0.0,,,,,6.896802153026556,6.853900266254954,,,,,0.0
ar,pseudo,pre_advance,A,80,0,0.0,0.0,,,,,7.181818733775091,7.136876466075766,,,,,0.0
ar,pseudo,pre_second,S,79,0,0.0,0.0,,,,,6.986343495667327,6.942115480721942,,,,,0.0
ar,pseudo,pre_third,T,80,0,0.0,0.0,,,,,6.896802153026556,6.853900266254954,,,,,0.0
bridge,exact,pre_advance,A,80,0,0.0,0.0,,,,,4.90367088807278,4.873697083215683,,,,,0.0
bridge,exact,pre_second,S,79,0,0.0,0.0,,,,,4.571323844861157,4.54265384858136,,,,,0.0
bridge,exact,pre_third,T,80,0,0.0,0.0,,,,,4.429520821390448,4.4019297631577015,,,,,0.0
bridge,pseudo,pre_advance,A,80,0,0.0,0.0,,,,,4.883513325058257,4.853299396730429,,,,,0.0
bridge,pseudo,pre_second,S,79,0,0.0,0.0,,,,,4.570841796783709,4.542167880186523,,,,,0.0
bridge,pseudo,pre_third,T,80,0,0.0,0.0,,,,,4.426287779520506,4.398694165093339,,,,,0.0
indicator_revision_only_dfm_kalman_em,exact,pre_advance,A,80,80,1.0,1.0,2.7888175878410073,3.994311339914039,7.039271811121112,2.0083206889207927,3.869534074809615,3.8557915602971486,0.5208582096605918,0.5190084000021641,0.6375,0.8125,1.0
indicator_revision_only_dfm_kalman_em,exact,pre_second,S,79,79,1.0,1.0,0.3588910274941161,0.403488173070618,0.4328441104439116,0.6297619843063963,0.6033625236734702,0.5996027192290861,1.050298746336718,1.043753895207474,0.7848101265822784,0.9113924050632911,1.0
indicator_revision_only_dfm_kalman_em,exact,pre_third,T,80,80,1.0,1.0,0.1314296687958971,0.1432917603442695,0.4968659950877049,0.3832046567938577,0.37029278352187806,0.3711626847049339,1.032443919028382,1.0348693624249816,0.8625,0.9375,1.0
indicator_revision_only_dfm_kalman_em,pseudo,pre_advance,A,80,80,1.0,1.0,2.7877080831957763,4.001813496971435,7.039271811121112,2.0082377052305667,3.879484849760823,3.8662597391386146,0.5194264846981007,0.5176557669388444,0.6375,0.8,1.0
indicator_revision_only_dfm_kalman_em,pseudo,pre_second,S,79,79,1.0,1.0,0.3588921422794192,0.403488173070618,0.4328441104439116,0.6297772657791633,0.6027206181676431,0.5989733901815711,1.0514277864468309,1.0448908611983048,0.7848101265822784,0.9113924050632911,1.0
indicator_revision_only_dfm_kalman_em,pseudo,pre_third,T,80,80,1.0,1.0,0.1314296441114979,0.1432910848235565,0.4968614866740853,0.3832025150883033,0.37024669509776204,0.37112096029711705,1.0325542237806073,1.0349923987494887,0.8625,0.9375,1.0
joint_indicator_revision_dfm_full_kalman_em,exact,pre_advance,A,80,80,1.0,1.0,1.8710408496150184,2.926845230039235,5.512617387582349,1.7358941522335605,3.82811446911444,3.805495526855114,0.45615456383629355,0.4534593116895812,0.6,0.7625,1.0
joint_indicator_revision_dfm_full_kalman_em,exact,pre_second,S,79,79,1.0,1.0,0.3520466104816721,0.3884696683169014,0.4131654017923374,0.6202893747554189,0.6418706736454397,0.6409151204649232,0.96781828817747,0.966377496626459,0.7341772151898734,0.8734177215189873,1.0
joint_indicator_revision_dfm_full_kalman_em,exact,pre_third,T,80,80,1.0,1.0,0.1273993538393441,0.13973769907821454,0.4969420172985848,0.3777239303365864,0.371476270792793,0.371216756788802,1.0175293098406293,1.0168184619988239,0.8375,0.9375,1.0
joint_indicator_revision_dfm_full_kalman_em,pseudo,pre_advance,A,80,80,1.0,1.0,1.8705731673971469,2.932126167420378,5.512617387582349,1.7353712614542651,3.8267124866515227,3.8042207582085643,0.45616996797826853,0.45348880207427394,0.6,0.7625,1.0
joint_indicator_revision_dfm_full_kalman_em,pseudo,pre_second,S,79,79,1.0,1.0,0.3520494410286949,0.3879956821904009,0.413151225102274,0.6201962208078343,0.6414202433927197,0.6403877423084373,0.9684698501132804,0.9669108937494343,0.7215189873417721,0.8734177215189873,1.0
joint_indicator_revision_dfm_full_kalman_em,pseudo,pre_third,T,80,80,1.0,1.0,0.1273993329952159,0.13973834656345968,0.4969390144127114,0.3777253313585855,0.37147885593570235,0.37121968228157476,1.017525065042419,1.0168151573718756,0.8375,0.9375,1.0
midas_umidas,exact,pre_advance,A,80,0,0.0,0.0,,,,,13.366938299862166,13.366462459510315,,,,,0.0
midas_umidas,exact,pre_second,S,79,0,0.0,0.0,,,,,4.781398181842118,4.770330173181986,,,,,0.0
midas_umidas,exact,pre_third,T,80,0,0.0,0.0,,,,,6.219002512086732,6.1904905088081,,,,,0.0
midas_umidas,pseudo,pre_advance,A,80,0,0.0,0.0,,,,,13.54643630774579,13.55397343598597,,,,,0.0
midas_umidas,pseudo,pre_second,S,79,0,0.0,0.0,,,,,4.77697313408313,4.762771639416987,,,,,0.0
midas_umidas,pseudo,pre_third,T,80,0,0.0,0.0,,,,,6.214019332443593,6.186914482958165,,,,,0.0
monthly_mixed_frequency_kalman_em,exact,pre_advance,A,80,80,1.0,1.0,2.9862455611200236,4.543586785282384,5.745299086436763,2.1092003944213777,4.715678787604487,4.695759767191395,0.4491712734450473,0.4472739746323622,0.75,0.85,1.0
monthly_mixed_frequency_kalman_em,exact,pre_second,S,79,79,1.0,1.0,0.3421972321830752,0.3653110321814442,0.3819998880683782,0.6036862438607121,0.6104389369025711,0.6074792650564858,0.9937561305974436,0.9889379712963219,0.810126582278481,0.8987341772151899,1.0
monthly_mixed_frequency_kalman_em,exact,pre_third,T,80,80,1.0,1.0,0.1366966221522592,0.14765264511187454,0.508546889641962,0.392761583996892,0.37330042428341575,0.37102026014310596,1.0585987510369386,1.052132701833473,0.85,0.95,1.0
monthly_mixed_frequency_kalman_em,pseudo,pre_advance,A,80,80,1.0,1.0,2.980971785180362,4.542181769776837,5.740014882667854,2.1096389966123725,4.71635440548704,4.696819478401549,0.4491633128148962,0.4473028986451916,0.75,0.85,1.0
monthly_mixed_frequency_kalman_em,pseudo,pre_second,S,79,79,1.0,1.0,0.3421977411874644,0.3653764464228387,0.3820083263745041,0.6036439699093136,0.6103328172523458,0.6073388553642595,0.9939162702627846,0.9890406559274583,0.7974683544303798,0.8987341772151899,1.0
monthly_mixed_frequency_kalman_em,pseudo,pre_third,T,80,80,1.0,1.0,0.1366954321977504,0.14766241798835955,0.5058283473244629,0.39270561055946174,0.3725099800406934,0.3702188777524008,1.0607390226656672,1.0542150052370736,0.85,0.95,1.0
no_revision,exact,pre_advance,A,80,0,0.0,0.0,,,,,7.312691649659501,7.26944298718703,,,,,0.0
no_revision,exact,pre_second,S,79,0,0.0,0.0,,,,,0.5694656229901923,0.5696627235545563,,,,,0.0
no_revision,exact,pre_third,T,80,0,0.0,0.0,,,,,0.3611902856870371,0.36218671255306983,,,,,0.0
no_revision,pseudo,pre_advance,A,80,0,0.0,0.0,,,,,7.312691649659501,7.26944298718703,,,,,0.0
no_revision,pseudo,pre_second,S,79,0,0.0,0.0,,,,,0.5694656229901923,0.5696627235545563,,,,,0.0
no_revision,pseudo,pre_third,T,80,0,0.0,0.0,,,,,0.3611902856870371,0.36218671255306983,,,,,0.0
release_dfm,exact,pre_advance,A,80,0,0.0,0.0,,,,,3.033045309836658,3.0658631497628757,,,,,0.0
release_dfm,exact,pre_second,S,79,0,0.0,0.0,,,,,0.6951108682350918,0.6907381923525489,,,,,0.0
release_dfm,exact,pre_third,T,80,0,0.0,0.0,,,,,0.4473995912590166,0.4446166872002175,,,,,0.0
release_dfm,pseudo,pre_advance,A,80,0,0.0,0.0,,,,,3.0139858147314746,3.051686880620195,,,,,0.0
release_dfm,pseudo,pre_second,S,79,0,0.0,0.0,,,,,0.6947793831083643,0.6904136306729566,,,,,0.0
release_dfm,pseudo,pre_third,T,80,0,0.0,0.0,,,,,0.44741910119329453,0.4446354112046444,,,,,0.0
revision_dfm_kalman_em,exact,pre_advance,A,80,80,1.0,1.0,2.2966896197118403,3.964099815364741,6.135195751103589,2.0055820527465107,3.6026422082607112,3.5840872522785454,0.5595795837479914,0.5566975394192054,0.6875,0.875,1.0
revision_dfm_kalman_em,exact,pre_second,S,79,79,1.0,1.0,0.3757125512488248,0.4090426991144549,0.4239511884931212,0.6357267651463726,0.661216878191778,0.6604549555123862,0.9625588540753256,0.9614496939111523,0.7848101265822784,0.8987341772151899,1.0
revision_dfm_kalman_em,exact,pre_third,T,80,80,1.0,1.0,0.1277955964432138,0.14095884675573933,0.5019686637794842,0.3785712107678727,0.3722116912981749,0.3718940965000629,1.0179543432677445,1.0170857595781517,0.825,0.9375,1.0
revision_dfm_kalman_em,pseudo,pre_advance,A,80,80,1.0,1.0,2.2987324028327425,3.969005539523404,6.135195751103589,2.0048171936051844,3.5890117868266764,3.570884594418335,0.5614343282723062,0.5585986652269533,0.6875,0.8625,1.0
revision_dfm_kalman_em,pseudo,pre_second,S,79,79,1.0,1.0,0.3757125512488248,0.409048178556787,0.4239389187122071,0.6357375771229024,0.6610736405667826,0.6602711636334638,0.9628431652602342,0.9616743704647519,0.7848101265822784,0.8987341772151899,1.0
revision_dfm_kalman_em,pseudo,pre_third,T,80,80,1.0,1.0,0.1277955817937192,0.14094932718302283,0.5019693829038193,0.37857030496209704,0.372137008697012,0.3718221420689603,1.018148900050942,1.0172874401490204,0.825,0.9375,1.0
spf,exact,pre_advance,A,80,0,0.0,0.0,,,,,2.2387591484447924,2.2249600782092696,,,,,0.0
spf,exact,pre_second,S,79,0,0.0,0.0,,,,,2.352139772344863,2.3374416593545337,,,,,0.0
spf,exact,pre_third,T,80,0,0.0,0.0,,,,,2.3938179607181835,2.380187605841187,,,,,0.0
spf,pseudo,pre_advance,A,80,0,0.0,0.0,,,,,2.2387591484447924,2.2249600782092696,,,,,0.0
spf,pseudo,pre_second,S,79,0,0.0,0.0,,,,,2.352139772344863,2.3374416593545337,,,,,0.0
spf,pseudo,pre_third,T,80,0,0.0,0.0,,,,,2.3938179607181835,2.380187605841187,,,,,0.0
standard_dfm,exact,pre_advance,A,80,0,0.0,0.0,,,,,3.033045309836658,3.0658631497628757,,,,,0.0
standard_dfm,exact,pre_second,S,79,0,0.0,0.0,,,,,2.873865623762783,2.9233852978395793,,,,,0.0
standard_dfm,exact,pre_third,T,80,0,0.0,0.0,,,,,2.8567643336005712,2.90714669134318,,,,,0.0
standard_dfm,pseudo,pre_advance,A,80,0,0.0,0.0,,,,,3.0139858147314746,3.051686880620195,,,,,0.0
standard_dfm,pseudo,pre_second,S,79,0,0.0,0.0,,,,,2.865825842802929,2.91628596847266,,,,,0.0
standard_dfm,pseudo,pre_third,T,80,0,0.0,0.0,,,,,2.8549083815327996,2.9061285663703322,,,,,0.0
