subsample,model_id,timing_mode,checkpoint_id,target_id,n_forecasts,RMSE,MAE,bias,sign_accuracy,convergence_rate,mean_iterations,mean_llf_relative_last_improvement,median_llf_relative_last_improvement,max_llf_relative_last_improvement,relative_RMSFE,DM_test_vs_ar_normal_approx
full_sample,ar,exact,pre_advance,A,80,7.136876466075766,2.4019986787197354,-0.034883682192518715,0.9125,1.0,0.0,,,,1.0,1.0
full_sample,ar,exact,pre_second,S,79,6.942115480721942,2.4901407735357477,0.04251227511661703,0.8987341772151899,1.0,0.0,,,,1.0,1.0
full_sample,ar,exact,pre_third,T,80,6.853900266254954,2.504536216607909,0.0681353139194,0.9,1.0,0.0,,,,1.0,1.0
full_sample,ar,pseudo,pre_advance,A,80,7.136876466075766,2.4019986787197354,-0.034883682192518715,0.9125,1.0,0.0,,,,1.0,1.0
full_sample,ar,pseudo,pre_second,S,79,6.942115480721942,2.4901407735357477,0.04251227511661703,0.8987341772151899,1.0,0.0,,,,1.0,1.0
full_sample,ar,pseudo,pre_third,T,80,6.853900266254954,2.504536216607909,0.0681353139194,0.9,1.0,0.0,,,,1.0,1.0
full_sample,bridge,exact,pre_advance,A,80,4.873697083215683,2.0735239008375914,-0.08665986755251001,0.9,1.0,0.0,,,,0.6828893713352308,0.2818032959767955
full_sample,bridge,exact,pre_second,S,79,4.54265384858136,2.0823601603453783,-0.05675651704617026,0.9113924050632911,1.0,0.0,,,,0.6543616079559872,0.270453168580268
full_sample,bridge,exact,pre_third,T,80,4.4019297631577015,2.034724902716331,-0.03986372387584943,0.9,1.0,0.0,,,,0.642251797101647,0.2654012027336565
full_sample,bridge,pseudo,pre_advance,A,80,4.853299396730429,2.061680360176223,-0.06262122829072417,0.9,1.0,0.0,,,,0.6800313021809988,0.28185111336117713
full_sample,bridge,pseudo,pre_second,S,79,4.542167880186523,2.0691295163901073,-0.05619203697229961,0.9113924050632911,1.0,0.0,,,,0.654291605030195,0.2694069314258715
full_sample,bridge,pseudo,pre_third,T,80,4.398694165093339,2.023836204423721,-0.03724439196404866,0.9,1.0,0.0,,,,0.6417797158138154,0.26464712289372394
full_sample,indicator_revision_only_dfm_kalman_em,exact,pre_advance,A,80,3.8416166333105983,2.238950409743467,0.25317411900447706,0.8875,0.95,32.45,9.709777163589852e-05,9.431967302760141e-05,0.0004122915060068,0.5382770251903944,0.3155244539661799
full_sample,indicator_revision_only_dfm_kalman_em,exact,pre_second,S,79,0.598386070005223,0.44718275909404204,-0.011858415229655538,0.9746835443037974,0.9493670886075949,32.87341772151899,0.00023566042904260096,9.463095058050567e-05,0.0110439463298095,0.08619650186847572,0.2409260744841119
full_sample,indicator_revision_only_dfm_kalman_em,exact,pre_third,T,80,0.3718824724146734,0.24281985061582062,-0.048858104449904176,1.0,0.95,32.5875,9.526882474531593e-05,9.587494838861146e-05,0.0002182185758197,0.05425851821124821,0.23450712277500108
full_sample,indicator_revision_only_dfm_kalman_em,pseudo,pre_advance,A,80,3.841304072277881,2.2323885882666716,0.2700563671916122,0.8875,0.9375,32.825,0.00010054993464005805,9.444282258155105e-05,0.0004421745063549,0.5382332299763112,0.315345079800775
full_sample,indicator_revision_only_dfm_kalman_em,pseudo,pre_second,S,79,0.598166283039028,0.4465010569210475,-0.012521708144058423,0.9746835443037974,0.9367088607594937,32.74683544303797,0.00023826656508253575,9.498034645865098e-05,0.0110439463298095,0.08616484192752466,0.24092336885288956
full_sample,indicator_revision_only_dfm_kalman_em,pseudo,pre_third,T,80,0.37184275368511477,0.24278906652009713,-0.04886387449135615,1.0,0.95,32.5625,9.583977174690205e-05,9.622221707949616e-05,0.0002175766108315,0.0542527231561678,0.2345068005180331
full_sample,joint_indicator_revision_dfm_full_kalman_em,exact,pre_advance,A,80,3.775440616315035,2.0991225794658694,0.08194522251225585,0.8875,0.9,33.6,0.00010238099987053384,9.485565009999643e-05,0.0004235655851736,0.5290046190740602,0.3059522470352144
full_sample,joint_indicator_revision_dfm_full_kalman_em,exact,pre_second,S,79,0.6432477414262302,0.4738692240201316,0.06657476292150355,0.9620253164556962,0.9113924050632911,34.34177215189873,0.00024422228307710125,9.51901609943364e-05,0.0108853089930797,0.09265874980220525,0.24117498805143178
full_sample,joint_indicator_revision_dfm_full_kalman_em,exact,pre_third,T,80,0.3724990872233363,0.24640438010553467,-0.03906315119831425,1.0,0.9375,33.825,0.00011005153652597617,9.59068363852962e-05,0.0004723705811758,0.05434848374688619,0.23451698121251588
full_sample,joint_indicator_revision_dfm_full_kalman_em,pseudo,pre_advance,A,80,3.7745234714470803,2.0966154783887787,0.08604382830216442,0.8875,0.9,33.7,0.00010069713375457979,9.506734329809296e-05,0.0003896844603091,0.5288761111935728,0.30578378470463813
full_sample,joint_indicator_revision_dfm_full_kalman_em,pseudo,pre_second,S,79,0.6425939169118828,0.4722615283408814,0.0660898189447181,0.9620253164556962,0.9113924050632911,34.177215189873415,0.0002446924189093759,9.480547545323024e-05,0.0108853089930797,0.09256456748614281,0.24116282494638408
full_sample,joint_indicator_revision_dfm_full_kalman_em,pseudo,pre_third,T,80,0.3724831574718673,0.24635377704339373,-0.03908340081070914,1.0,0.925,34.1125,0.00011474615609077271,9.608737999119242e-05,0.000527774781902,0.05434615955907338,0.23451685056393773
full_sample,midas_umidas,exact,pre_advance,A,80,13.366462459510315,8.137926816907179,-1.4902070873138524,0.6125,1.0,0.0,,,,1.8728728909693326,0.0083242888720876
full_sample,midas_umidas,exact,pre_second,S,79,4.770330173181986,2.073561429579366,0.42856838831049837,0.8607594936708861,1.0,0.0,,,,0.6871579976491399,0.32095993122958244
full_sample,midas_umidas,exact,pre_third,T,80,6.1904905088081,2.464334501422958,0.3600422160925771,0.875,1.0,0.0,,,,0.9032069724280729,0.38712823997285645
full_sample,midas_umidas,pseudo,pre_advance,A,80,13.55397343598597,8.229496807262095,-1.5805326543914462,0.6125,1.0,0.0,,,,1.8991464263691626,0.010005705988889465
full_sample,midas_umidas,pseudo,pre_second,S,79,4.762771639416987,2.056091631828908,0.3916317728814474,0.8734177215189873,1.0,0.0,,,,0.6860692036372874,0.3194511717780323
full_sample,midas_umidas,pseudo,pre_third,T,80,6.186914482958165,2.466880937795325,0.382818506285351,0.875,1.0,0.0,,,,0.9026852219340452,0.38511783077306916
full_sample,monthly_mixed_frequency_kalman_em,exact,pre_advance,A,80,4.6544123991086295,2.212578793443256,0.30256774092681205,0.925,0.65,37.7375,0.0001744936504723044,9.831316216273001e-05,0.0015673077009093,0.6521637891916423,0.31822557405928437
full_sample,monthly_mixed_frequency_kalman_em,exact,pre_second,S,79,0.6128118351610875,0.4076849298826795,0.02291715833145359,0.9620253164556962,0.6455696202531646,37.44303797468354,0.00015907627132698008,9.84710845507469e-05,0.0011106222178344,0.08827450895376901,0.2407740031933525
full_sample,monthly_mixed_frequency_kalman_em,exact,pre_third,T,80,0.37250207736796503,0.25035084690342446,0.0016071985337746662,1.0,0.7125,35.9375,0.00016311787794257468,9.7696785848026e-05,0.0013068017884156,0.05434892001594652,0.2344753054985521
full_sample,monthly_mixed_frequency_kalman_em,pseudo,pre_advance,A,80,4.654693038502521,2.2188069608347507,0.3073571793229891,0.925,0.65,37.75,0.0001743744104393009,9.799553824616679e-05,0.0015673077009093,0.6522031116312594,0.3185515487330019
full_sample,monthly_mixed_frequency_kalman_em,pseudo,pre_second,S,79,0.6126367993462436,0.4070970394893049,0.02228843487326436,0.9620253164556962,0.6455696202531646,37.43037974683544,0.00015908823701594034,9.871873220776869e-05,0.0011106222178344,0.08824929534052245,0.24077264606529944
full_sample,monthly_mixed_frequency_kalman_em,pseudo,pre_third,T,80,0.37178147933334904,0.2502165572110366,0.0005580760610531893,1.0,0.7125,35.95,0.00016671000012463469,9.779997855173398e-05,0.0013068017884156,0.054243783085640734,0.23446962056111037
full_sample,no_revision,exact,pre_advance,A,80,7.26944298718703,2.553570419453158,-0.19438472290895642,0.8875,1.0,0.0,,,,1.0185748655930085,0.22212807854117209
full_sample,no_revision,exact,pre_second,S,79,0.5696627235545563,0.3997025316455695,-0.0657987341772152,0.9620253164556962,1.0,0.0,,,,0.08205895236639228,0.24061652852272167
full_sample,no_revision,exact,pre_third,T,80,0.36218671255306983,0.24027250000000003,-0.04849250000000001,1.0,1.0,0.0,,,,0.05284388428239744,0.23443813071150568
full_sample,no_revision,pseudo,pre_advance,A,80,7.26944298718703,2.553570419453158,-0.19438472290895642,0.8875,1.0,0.0,,,,1.0185748655930085,0.22212807854117209
full_sample,no_revision,pseudo,pre_second,S,79,0.5696627235545563,0.3997025316455695,-0.0657987341772152,0.9620253164556962,1.0,0.0,,,,0.08205895236639228,0.24061652852272167
full_sample,no_revision,pseudo,pre_third,T,80,0.36218671255306983,0.24027250000000003,-0.04849250000000001,1.0,1.0,0.0,,,,0.05284388428239744,0.23443813071150568
full_sample,release_dfm,exact,pre_advance,A,80,3.0658631497628757,1.6259560683385963,0.5613778136832768,0.9375,1.0,0.0,,,,0.42958052648607076,0.27960032372167715
full_sample,release_dfm,exact,pre_second,S,79,0.6907381923525489,0.44206052629143283,-0.007504839600181482,0.9620253164556962,1.0,0.0,,,,0.0994996689799686,0.24078577815303023
full_sample,release_dfm,exact,pre_third,T,80,0.4446166872002175,0.28661966943844286,-0.004436688674578854,1.0,1.0,0.0,,,,0.06487060942355394,0.2348792399098964
full_sample,release_dfm,pseudo,pre_advance,A,80,3.051686880620195,1.617840274844697,0.5850074419094152,0.9375,1.0,0.0,,,,0.4275941856533457,0.27982184458765197
full_sample,release_dfm,pseudo,pre_second,S,79,0.6904136306729566,0.4416792069701228,-0.00793407894825467,0.9620253164556962,1.0,0.0,,,,0.09945291641866455,0.2407824647543425
full_sample,release_dfm,pseudo,pre_third,T,80,0.4446354112046444,0.2866479518602379,-0.004369775270577034,1.0,1.0,0.0,,,,0.0648733412993764,0.23487940356532205
full_sample,revision_dfm_kalman_em,exact,pre_advance,A,80,3.5252125705474655,1.8702669827357554,0.1344448121229342,0.95,1.0,26.825,9.448498924111892e-05,9.434983379003136e-05,9.982012002949762e-05,0.4939433360384076,0.28838894004652865
full_sample,revision_dfm_kalman_em,exact,pre_second,S,79,0.6659583154417236,0.4514179909360922,0.06540671845075119,0.9620253164556962,1.0,27.265822784810126,9.390884020040645e-05,9.408940900462884e-05,9.998581247246948e-05,0.0959301695990323,0.24070608386783196
full_sample,revision_dfm_kalman_em,exact,pre_third,T,80,0.3729000050180945,0.24550174654869297,-0.039126408240179066,1.0,1.0,26.3625,9.45382633574773e-05,9.44640821340609e-05,9.989389482669028e-05,0.05440697858620156,0.2345133219964427
full_sample,revision_dfm_kalman_em,pseudo,pre_advance,A,80,3.5125104595245618,1.859973728722108,0.1395302905794648,0.95,1.0,26.8375,9.416178523427098e-05,9.415952319202065e-05,9.98343095390544e-05,0.49216355028993886,0.2884052397116856
full_sample,revision_dfm_kalman_em,pseudo,pre_second,S,79,0.6657717731417553,0.4509563102402286,0.064951600594206,0.9620253164556962,1.0,27.265822784810126,9.391580094055414e-05,9.408940900462884e-05,9.999439979338704e-05,0.09590329849605422,0.2407050332402671
full_sample,revision_dfm_kalman_em,pseudo,pre_third,T,80,0.37281799567757784,0.2454363262519561,-0.039164039853728565,1.0,1.0,26.3875,9.460019252022823e-05,9.471042479028551e-05,9.98950942959392e-05,0.05439501323255899,0.2345126566274088
full_sample,spf,exact,pre_advance,A,80,2.2249600782092696,1.3380662499999998,0.03248624999999996,0.9375,1.0,0.0,,,,0.3117554421440996,0.26768986957022556
full_sample,spf,exact,pre_second,S,79,2.3374416593545337,1.447506329113924,-0.03323291139240504,0.9240506329113924,1.0,0.0,,,,0.3367045198031556,0.2628380345680621
full_sample,spf,exact,pre_third,T,80,2.380187605841187,1.481165,-0.08098250000000004,0.925,1.0,0.0,,,,0.3472749111276093,0.2602399358112015
full_sample,spf,pseudo,pre_advance,A,80,2.2249600782092696,1.3380662499999998,0.03248624999999996,0.9375,1.0,0.0,,,,0.3117554421440996,0.26768986957022556
full_sample,spf,pseudo,pre_second,S,79,2.3374416593545337,1.447506329113924,-0.03323291139240504,0.9240506329113924,1.0,0.0,,,,0.3367045198031556,0.2628380345680621
full_sample,spf,pseudo,pre_third,T,80,2.380187605841187,1.481165,-0.08098250000000004,0.925,1.0,0.0,,,,0.3472749111276093,0.2602399358112015
full_sample,standard_dfm,exact,pre_advance,A,80,3.0658631497628757,1.6259560683385963,0.5613778136832768,0.9375,1.0,0.0,,,,0.42958052648607076,0.27960032372167715
full_sample,standard_dfm,exact,pre_second,S,79,2.9233852978395793,1.6559888022137654,0.6257983634253163,0.9240506329113924,1.0,0.0,,,,0.4211087104439184,0.2744965311860729
full_sample,standard_dfm,exact,pre_third,T,80,2.90714669134318,1.6952067512158628,0.626428932902157,0.925,1.0,0.0,,,,0.4241594680997126,0.2717458289376126
full_sample,standard_dfm,pseudo,pre_advance,A,80,3.051686880620195,1.617840274844697,0.5850074419094152,0.9375,1.0,0.0,,,,0.4275941856533457,0.27982184458765197
full_sample,standard_dfm,pseudo,pre_second,S,79,2.91628596847266,1.6502216253940645,0.629068819194277,0.9240506329113924,1.0,0.0,,,,0.42008606404936705,0.2743282134857842
full_sample,standard_dfm,pseudo,pre_third,T,80,2.9061285663703322,1.6923315853777292,0.6300497207873995,0.925,1.0,0.0,,,,0.4240109212966813,0.2716077212223805
exclude_pandemic,ar,exact,pre_advance,A,78,1.955340304602206,1.3819824279816235,0.2318174777513638,0.9230769230769231,1.0,0.0,,,,1.0,1.0
exclude_pandemic,ar,exact,pre_second,S,77,2.148887281469643,1.505226937203209,0.29400219302774544,0.9090909090909091,1.0,0.0,,,,1.0,1.0
exclude_pandemic,ar,exact,pre_third,T,78,2.2122920324761766,1.5428210710106145,0.30938721362418686,0.9102564102564102,1.0,0.0,,,,1.0,1.0
exclude_pandemic,ar,pseudo,pre_advance,A,78,1.955340304602206,1.3819824279816235,0.2318174777513638,0.9230769230769231,1.0,0.0,,,,1.0,1.0
exclude_pandemic,ar,pseudo,pre_second,S,77,2.148887281469643,1.505226937203209,0.29400219302774544,0.9090909090909091,1.0,0.0,,,,1.0,1.0
exclude_pandemic,ar,pseudo,pre_third,T,78,2.2122920324761766,1.5428210710106145,0.30938721362418686,0.9102564102564102,1.0,0.0,,,,1.0,1.0
exclude_pandemic,bridge,exact,pre_advance,A,78,1.958355764518711,1.417030392838733,0.061817000994406096,0.9102564102564102,1.0,0.0,,,,1.001542166296786,0.9889655551684667
exclude_pandemic,bridge,exact,pre_second,S,77,2.0131103747964803,1.483290584720542,0.07607353328839869,0.9090909090909091,1.0,0.0,,,,0.9368152495275119,0.6331501736396408
exclude_pandemic,bridge,exact,pre_third,T,78,1.9796101076496955,1.4592498238850313,0.08224223256340737,0.8974358974358975,1.0,0.0,,,,0.8948231420577668,0.39445624117810313
exclude_pandemic,bridge,pseudo,pre_advance,A,78,1.946279977690671,1.4063615106870493,0.0799861159821692,0.9102564102564102,1.0,0.0,,,,0.9953663682530298,0.9671043532436799
exclude_pandemic,bridge,pseudo,pre_second,S,77,1.9956368167553415,1.4685898650752918,0.0775026106608656,0.9090909090909091,1.0,0.0,,,,0.9286838048529507,0.589400819872913
exclude_pandemic,bridge,pseudo,pre_third,T,78,1.9696860338630264,1.4479114135768147,0.08509924145540869,0.8974358974358975,1.0,0.0,,,,0.8903372633216032,0.3728376685500984
exclude_pandemic,indicator_revision_only_dfm_kalman_em,exact,pre_advance,A,78,2.521475480928023,1.8968181261237818,0.5155150125575199,0.8846153846153846,0.9487179487179487,32.294871794871796,9.732824671931612e-05,9.43496637324348e-05,0.0004122915060068,1.2895328117531906,0.009579838560071772
exclude_pandemic,indicator_revision_only_dfm_kalman_em,exact,pre_second,S,77,0.5908608759246776,0.4402255318445748,0.006405937834471053,0.974025974025974,0.948051948051948,32.753246753246756,0.00023952114063853286,9.490349017982548e-05,0.0110439463298095,0.27496131650078115,0.0008011640090270493
exclude_pandemic,indicator_revision_only_dfm_kalman_em,exact,pre_third,T,78,0.3714915710843178,0.239127556771887,-0.04019243249915219,1.0,0.9487179487179487,32.41025641025641,9.535788825292761e-05,9.598269865402365e-05,0.0002182185758197,0.16792157890136877,0.00040661614296256567
exclude_pandemic,indicator_revision_only_dfm_kalman_em,pseudo,pre_advance,A,78,2.5181262652849963,1.8908980826965183,0.5348085408723644,0.8846153846153846,0.9358974358974359,32.666666666666664,0.00010092838714133398,9.461125111208785e-05,0.0004421745063549,1.287819956126401,0.010429146069261043
exclude_pandemic,indicator_revision_only_dfm_kalman_em,pseudo,pre_second,S,77,0.5906097643282028,0.43951969824506365,0.005731841409249791,0.974025974025974,0.935064935064935,32.62337662337662,0.000242061307274307,9.538395048669684e-05,0.0110439463298095,0.27484445993103906,0.0008003045030622153
exclude_pandemic,indicator_revision_only_dfm_kalman_em,pseudo,pre_third,T,78,0.37145081458652507,0.23909600601917902,-0.04019837316918832,1.0,0.9487179487179487,32.38461538461539,9.594353237088641e-05,9.653856975585026e-05,0.0002175766108315,0.16790315615374124,0.00040654430947099327
exclude_pandemic,joint_indicator_revision_dfm_full_kalman_em,exact,pre_advance,A,78,2.364525936650448,1.74627450507245,0.34117854078890186,0.8846153846153846,0.8974358974358975,33.47435897435897,0.00010261797573585032,9.485565009999643e-05,0.0004235655851736,1.209265686942144,0.053491125225240875
exclude_pandemic,joint_indicator_revision_dfm_full_kalman_em,exact,pre_second,S,77,0.6114913026554488,0.4537665137372331,0.08454089515592617,0.961038961038961,0.9090909090909091,34.22077922077922,0.0002480967160205861,9.51901609943364e-05,0.0108853089930797,0.28456183250209593,0.0008306988055681306
exclude_pandemic,joint_indicator_revision_dfm_full_kalman_em,exact,pre_third,T,78,0.3731559183953147,0.2438529897036985,-0.03119531902962627,1.0,0.9358974358974359,33.65384615384615,0.00011036283388776723,9.578183520635114e-05,0.0004723705811758,0.16867389698892887,0.0004103382352845106
exclude_pandemic,joint_indicator_revision_dfm_full_kalman_em,pseudo,pre_advance,A,78,2.3601646243385366,1.7452895546238942,0.3485403041957851,0.8846153846153846,0.8974358974358975,33.56410256410256,0.00010093880829391756,9.506734329809296e-05,0.0003896844603091,1.207035224908683,0.05798397424362665
exclude_pandemic,joint_indicator_revision_dfm_full_kalman_em,pseudo,pre_second,S,77,0.6104329136058484,0.45180900856071005,0.08376769157526813,0.961038961038961,0.9090909090909091,34.03896103896104,0.00024874455846083385,9.495184950571408e-05,0.0108853089930797,0.2840693036204151,0.0008270504113720954
exclude_pandemic,joint_indicator_revision_dfm_full_kalman_em,pseudo,pre_third,T,78,0.3731396004200189,0.2438010799723705,-0.031216078708078736,1.0,0.9230769230769231,33.94871794871795,0.00011517748955355237,9.604445660878108e-05,0.000527774781902,0.16866652093953927,0.00041030206209197184
exclude_pandemic,midas_umidas,exact,pre_advance,A,78,8.970865471341774,6.723347847273123,-1.5398357117022528,0.6282051282051282,1.0,0.0,,,,4.587879383566844,3.0013589455025015e-05
exclude_pandemic,midas_umidas,exact,pre_second,S,77,2.323162795574179,1.4464836428016543,0.3891034403159789,0.8571428571428571,1.0,0.0,,,,1.0811003516132998,0.6825250610268881
exclude_pandemic,midas_umidas,exact,pre_third,T,78,2.3944945497618235,1.6076187696955966,0.2485400252239757,0.8717948717948718,1.0,0.0,,,,1.0823591617250057,0.6866392264615201
exclude_pandemic,midas_umidas,pseudo,pre_advance,A,78,9.054780681272016,6.7890687035586375,-1.6630124601079797,0.6282051282051282,1.0,0.0,,,,4.6307952942820965,3.3265382579054687e-05
exclude_pandemic,midas_umidas,pseudo,pre_second,S,77,2.3065368252724094,1.428433619779821,0.35213641176710225,0.8701298701298701,1.0,0.0,,,,1.0733633379294556,0.7123965167149322
exclude_pandemic,midas_umidas,pseudo,pre_third,T,78,2.387358312346222,1.6103693922881197,0.27203921583742896,0.8717948717948718,1.0,0.0,,,,1.0791334404771584,0.6989202385381388
exclude_pandemic,monthly_mixed_frequency_kalman_em,exact,pre_advance,A,78,2.3064524268611333,1.6203045218801368,0.2003012642759679,0.9230769230769231,0.6410256410256411,37.756410256410255,0.0001764997208880107,9.831316216273001e-05,0.0015673077009093,1.1795657366815018,0.07792029405147777
exclude_pandemic,monthly_mixed_frequency_kalman_em,exact,pre_second,S,77,0.5747755440399773,0.38941967967691876,0.047885759013964406,0.961038961038961,0.6363636363636364,37.532467532467535,0.00016068872226964118,9.853430829111566e-05,0.0011106222178344,0.26747589275454375,0.0006478113070126988
exclude_pandemic,monthly_mixed_frequency_kalman_em,exact,pre_third,T,78,0.37074179727433626,0.24868610450933923,0.009357081340608074,1.0,0.7051282051282052,36.02564102564103,0.00016493532317378234,9.787296762880464e-05,0.0013068017884156,0.16758266622665183,0.0004048929566523414
exclude_pandemic,monthly_mixed_frequency_kalman_em,pseudo,pre_advance,A,78,2.311900181889193,1.627035976033634,0.20580838255695774,0.9230769230769231,0.6410256410256411,37.76923076923077,0.00017638330662014373,9.802037180849315e-05,0.0015673077009093,1.1823518271718567,0.0728220389860101
exclude_pandemic,monthly_mixed_frequency_kalman_em,pseudo,pre_second,S,77,0.5745685786566654,0.3888122371596312,0.047245122273037066,0.961038961038961,0.6363636363636364,37.51948051948052,0.0001607024053776714,9.879186001289594e-05,0.0011106222178344,0.26737957993948985,0.0006478673992270609
exclude_pandemic,monthly_mixed_frequency_kalman_em,pseudo,pre_third,T,78,0.36999937178820536,0.2485530822830541,0.008285769083211408,1.0,0.7051282051282052,36.03846153846154,0.00016861723143292052,9.791183801192014e-05,0.0013068017884156,0.16724707514046963,0.0004037861709544806
exclude_pandemic,no_revision,exact,pre_advance,A,78,2.2441904220672404,1.5303452188106645,0.07509322003391684,0.8974358974358975,1.0,0.0,,,,1.1477237066024668,0.23559374314999454
exclude_pandemic,no_revision,exact,pre_second,S,77,0.5605800485026388,0.39431818181818185,-0.05211298701298704,0.961038961038961,1.0,0.0,,,,0.26086991781125585,0.0006921522477289746
exclude_pandemic,no_revision,exact,pre_third,T,78,0.3625432587804929,0.23753461538461534,-0.04083717948717947,1.0,1.0,0.0,,,,0.16387676376283158,0.00040506893408592934
exclude_pandemic,no_revision,pseudo,pre_advance,A,78,2.2441904220672404,1.5303452188106645,0.07509322003391684,0.8974358974358975,1.0,0.0,,,,1.1477237066024668,0.23559374314999454
exclude_pandemic,no_revision,pseudo,pre_second,S,77,0.5605800485026388,0.39431818181818185,-0.05211298701298704,0.961038961038961,1.0,0.0,,,,0.26086991781125585,0.0006921522477289746
exclude_pandemic,no_revision,pseudo,pre_third,T,78,0.3625432587804929,0.23753461538461534,-0.04083717948717947,1.0,1.0,0.0,,,,0.16387676376283158,0.00040506893408592934
exclude_pandemic,release_dfm,exact,pre_advance,A,78,1.8079609698245873,1.2652601962914356,0.5375055241343126,0.9358974358974359,1.0,0.0,,,,0.9246272710531575,0.6069283163274422
exclude_pandemic,release_dfm,exact,pre_second,S,77,0.575170130726681,0.40226502597207403,0.030932598929822846,0.961038961038961,1.0,0.0,,,,0.2676595164792995,0.0006829753088392484
exclude_pandemic,release_dfm,exact,pre_third,T,78,0.4168646351562439,0.2739460811290518,0.015472360680039494,1.0,1.0,0.0,,,,0.1884311063081736,0.00041350012607042853
exclude_pandemic,release_dfm,pseudo,pre_advance,A,78,1.8063892169988638,1.2603360491903213,0.5546892951654419,0.9358974358974359,1.0,0.0,,,,0.9238234453344198,0.6076713051372562
exclude_pandemic,release_dfm,pseudo,pre_second,S,77,0.574888045186054,0.4018996091854312,0.030480904247044464,0.961038961038961,1.0,0.0,,,,0.26752824596406144,0.0006821596672776771
exclude_pandemic,release_dfm,pseudo,pre_third,T,78,0.4168853836448781,0.273976952368151,0.015539126185347283,1.0,1.0,0.0,,,,0.18844048503771277,0.0004133726430737668
exclude_pandemic,revision_dfm_kalman_em,exact,pre_advance,A,78,2.0302885682930034,1.4795618921629994,0.3072947290536067,0.9487179487179487,1.0,26.692307692307693,9.437219057856256e-05,9.428203909074854e-05,9.982012002949762e-05,1.0383300357049843,0.7280885192576678
exclude_pandemic,revision_dfm_kalman_em,exact,pre_second,S,77,0.571173548561992,0.4110276907629429,0.09218417321359149,0.961038961038961,1.0,27.2987012987013,9.387896807780998e-05,9.408940900462884e-05,9.998581247246948e-05,0.2657996785068044,0.0007231335989938657
exclude_pandemic,revision_dfm_kalman_em,exact,pre_third,T,78,0.3724033314835728,0.24190653223227068,-0.030239518582512802,1.0,1.0,26.397435897435898,9.472102223214218e-05,9.465463445617727e-05,9.989389482669028e-05,0.1683337127362651,0.0004095324169225752
exclude_pandemic,revision_dfm_kalman_em,pseudo,pre_advance,A,78,2.028081745137741,1.4698586757853,0.3084090439978861,0.9487179487179487,1.0,26.692307692307693,9.424862189282856e-05,9.421661001652118e-05,9.98343095390544e-05,1.0372014223633228,0.7379882826468442
exclude_pandemic,revision_dfm_kalman_em,pseudo,pre_second,S,77,0.5708694938615156,0.41051690985237616,0.09168790734906695,0.961038961038961,1.0,27.2987012987013,9.389631968067517e-05,9.408940900462884e-05,9.999439979338704e-05,0.26565818448657436,0.0007238305617889891
exclude_pandemic,revision_dfm_kalman_em,pseudo,pre_third,T,78,0.3723191200004646,0.24183944988052247,-0.030278130497725,1.0,1.0,26.423076923076923,9.478471968994476e-05,9.489596247862136e-05,9.98950942959392e-05,0.16829564747097825,0.0004094096913775923
exclude_pandemic,spf,exact,pre_advance,A,78,1.6192585097538492,1.1808628205128204,0.1954346153846154,0.9358974358974359,1.0,0.0,,,,0.8281210722975768,0.1049681036499142
exclude_pandemic,spf,exact,pre_second,S,77,1.7721253557137644,1.3054883116883118,0.14551948051948055,0.922077922077922,1.0,0.0,,,,0.8246711546925776,0.08063003771648952
exclude_pandemic,spf,exact,pre_third,T,78,1.8005107820510409,1.332932051282051,0.10315256410256413,0.9230769230769231,1.0,0.0,,,,0.8138666846961263,0.058745909455161484
exclude_pandemic,spf,pseudo,pre_advance,A,78,1.6192585097538492,1.1808628205128204,0.1954346153846154,0.9358974358974359,1.0,0.0,,,,0.8281210722975768,0.1049681036499142
exclude_pandemic,spf,pseudo,pre_second,S,77,1.7721253557137644,1.3054883116883118,0.14551948051948055,0.922077922077922,1.0,0.0,,,,0.8246711546925776,0.08063003771648952
exclude_pandemic,spf,pseudo,pre_third,T,78,1.8005107820510409,1.332932051282051,0.10315256410256413,0.9230769230769231,1.0,0.0,,,,0.8138666846961263,0.058745909455161484
exclude_pandemic,standard_dfm,exact,pre_advance,A,78,1.8079609698245873,1.2652601962914356,0.5375055241343126,0.9358974358974359,1.0,0.0,,,,0.9246272710531575,0.6069283163274422
exclude_pandemic,standard_dfm,exact,pre_second,S,77,1.9410534353442805,1.3389762556575762,0.6257982758536405,0.922077922077922,1.0,0.0,,,,0.9032830395909724,0.535464993240504
exclude_pandemic,standard_dfm,exact,pre_third,T,78,1.9609329550582488,1.387159893338117,0.632318724648613,0.9230769230769231,1.0,0.0,,,,0.8863806976077266,0.43883587377104805
exclude_pandemic,standard_dfm,pseudo,pre_advance,A,78,1.8063892169988638,1.2603360491903213,0.5546892951654419,0.9358974358974359,1.0,0.0,,,,0.9238234453344198,0.6076713051372562
exclude_pandemic,standard_dfm,pseudo,pre_second,S,77,1.93696425173282,1.3341017049966426,0.627496756634019,0.922077922077922,1.0,0.0,,,,0.9013801088757495,0.5276232905680027
exclude_pandemic,standard_dfm,pseudo,pre_third,T,78,1.9582545652174392,1.3840448223396324,0.636198536208236,0.9230769230769231,1.0,0.0,,,,0.8851700121279206,0.431206854844189
pre_gfc,ar,exact,pre_advance,A,12,1.6123956924989793,1.4005572122333263,0.07858970021441031,1.0,1.0,0.0,,,,1.0,1.0
pre_gfc,ar,exact,pre_second,S,12,1.7407106502041945,1.4426379827900888,0.03485136608906295,1.0,1.0,0.0,,,,1.0,1.0
pre_gfc,ar,exact,pre_third,T,12,1.7954552249074591,1.4761525511170805,0.078071163523923,1.0,1.0,0.0,,,,1.0,1.0
pre_gfc,ar,pseudo,pre_advance,A,12,1.6123956924989793,1.4005572122333263,0.07858970021441031,1.0,1.0,0.0,,,,1.0,1.0
pre_gfc,ar,pseudo,pre_second,S,12,1.7407106502041945,1.4426379827900888,0.03485136608906295,1.0,1.0,0.0,,,,1.0,1.0
pre_gfc,ar,pseudo,pre_third,T,12,1.7954552249074591,1.4761525511170805,0.078071163523923,1.0,1.0,0.0,,,,1.0,1.0
pre_gfc,bridge,exact,pre_advance,A,12,1.7396023327629242,1.3539955378552797,-0.8577642269707408,0.9166666666666666,1.0,0.0,,,,1.0788929422571163,0.6138906401311837
pre_gfc,bridge,exact,pre_second,S,12,1.761894086697696,1.477639345984364,-0.9007544244871829,1.0,1.0,0.0,,,,1.0121694185596075,0.9163299216396
pre_gfc,bridge,exact,pre_third,T,12,1.9434557631745646,1.5907483212517877,-0.950217005258369,0.9166666666666666,1.0,0.0,,,,1.082430648346986,0.503859684967794
pre_gfc,bridge,pseudo,pre_advance,A,12,1.741074690999128,1.3550759344119847,-0.8566838304140356,0.9166666666666666,1.0,0.0,,,,1.0798060917048935,0.6091856275665543
pre_gfc,bridge,pseudo,pre_second,S,12,1.7622096820740394,1.4777168699743823,-0.9008319484772009,1.0,1.0,0.0,,,,1.0123507211651304,0.9150070071328695
pre_gfc,bridge,pseudo,pre_third,T,12,1.9257797090477238,1.5775802768906206,-0.9450338003000467,0.9166666666666666,1.0,0.0,,,,1.0725857611664928,0.5467607997759172
pre_gfc,indicator_revision_only_dfm_kalman_em,exact,pre_advance,A,12,3.012022740628783,2.262707066154126,-0.4621673257006886,0.6666666666666666,1.0,39.166666666666664,7.88875502656779e-05,9.491905064076338e-05,9.933882024756962e-05,1.8680419171553262,0.004176271475911898
pre_gfc,indicator_revision_only_dfm_kalman_em,exact,pre_second,S,12,0.6589553572261877,0.5431308049001807,-0.2635297606170211,1.0,0.9166666666666666,38.333333333333336,0.0009936325210908828,9.659096016239032e-05,0.0110439463298095,0.37855536596440587,0.0045016644157366715
pre_gfc,indicator_revision_only_dfm_kalman_em,exact,pre_third,T,12,0.18953882605181968,0.14461564724110584,-0.011847081566261053,1.0,1.0,35.916666666666664,8.378858904373918e-05,9.698076239597195e-05,9.963655484073676e-05,0.10556588848468156,0.0016230302366089101
pre_gfc,indicator_revision_only_dfm_kalman_em,pseudo,pre_advance,A,12,3.0119245408044653,2.262651260047829,-0.4622231318069852,0.6666666666666666,1.0,39.166666666666664,7.888931814811114e-05,9.491905064076338e-05,9.933882024756962e-05,1.867981014099845,0.004179917584106629
pre_gfc,indicator_revision_only_dfm_kalman_em,pseudo,pre_second,S,12,0.6589637561914525,0.5431490392415599,-0.2635479949584003,1.0,0.9166666666666666,38.333333333333336,0.000993633158339906,9.659155596895865e-05,0.0110439463298095,0.37856019098530397,0.004501732316459204
pre_gfc,indicator_revision_only_dfm_kalman_em,pseudo,pre_third,T,12,0.18954572706475276,0.14464701304012403,-0.011820050513478944,1.0,1.0,35.916666666666664,8.3440644836447e-05,9.599073148489125e-05,9.963655484073676e-05,0.10556973208536696,0.001623028549784417
pre_gfc,joint_indicator_revision_dfm_full_kalman_em,exact,pre_advance,A,12,2.8814285447474175,2.1781041219390116,-0.7127850474482886,0.6666666666666666,0.8333333333333334,38.25,8.380258446474656e-05,9.765904676545072e-05,0.0001624282183417,1.7870480293094937,0.008772395507865141
pre_gfc,joint_indicator_revision_dfm_full_kalman_em,exact,pre_second,S,12,0.6617652527830369,0.5301768299290376,-0.1739408580470937,1.0,0.9166666666666666,38.0,0.0009777582055901287,9.451502484105417e-05,0.0108853089930797,0.380169589187846,0.005957279101563174
pre_gfc,joint_indicator_revision_dfm_full_kalman_em,exact,pre_third,T,12,0.18556966529836555,0.1438661836607288,-0.004775606127342523,1.0,1.0,36.0,8.6083595344685e-05,9.654080315558319e-05,9.945850352872332e-05,0.10335521750921421,0.0016377785714223425
pre_gfc,joint_indicator_revision_dfm_full_kalman_em,pseudo,pre_advance,A,12,2.881325797413845,2.1780417336205473,-0.7128474357667526,0.6666666666666666,0.8333333333333334,38.25,8.38024153513482e-05,9.765904676545072e-05,0.0001624282183417,1.7869843059107955,0.00878222150186245
pre_gfc,joint_indicator_revision_dfm_full_kalman_em,pseudo,pre_second,S,12,0.6617469886065936,0.530145388968071,-0.1739094170861271,1.0,0.9166666666666666,38.0,0.0009777636248183101,9.451502484105417e-05,0.0108853089930797,0.380159096820007,0.005956652130479574
pre_gfc,joint_indicator_revision_dfm_full_kalman_em,pseudo,pre_third,T,12,0.18555718998430962,0.1436510329614924,-0.0049746299759872,1.0,1.0,36.083333333333336,8.605533058639446e-05,9.647700117732517e-05,9.945850352872332e-05,0.10334826923566058,0.0016377870610310035
pre_gfc,midas_umidas,exact,pre_advance,A,12,12.87492572240935,11.627816407083342,1.156795171269114,0.5,1.0,0.0,,,,7.984966582523601,3.74029281168512e-05
pre_gfc,midas_umidas,exact,pre_second,S,12,0.9141277190879938,0.6726573251089297,-0.14433808376383586,0.8333333333333334,1.0,0.0,,,,0.5251462780334928,0.0173159916950688
pre_gfc,midas_umidas,exact,pre_third,T,12,1.681294185763031,1.2765998603532658,0.20391668241556807,0.9166666666666666,1.0,0.0,,,,0.9364166604876977,0.7511079413079518
pre_gfc,midas_umidas,pseudo,pre_advance,A,12,12.877522666588526,11.630795011867425,1.1597737760531992,0.5,1.0,0.0,,,,7.98657719472708,3.771225223639068e-05
pre_gfc,midas_umidas,pseudo,pre_second,S,12,0.9140581196413844,0.6722243933231701,-0.14452202682645818,0.8333333333333334,1.0,0.0,,,,0.5251062946815203,0.017308138364682268
pre_gfc,midas_umidas,pseudo,pre_third,T,12,1.659788219936831,1.2520639796453257,0.17877640451729984,0.9166666666666666,1.0,0.0,,,,0.9244386587375797,0.7107974845555404
pre_gfc,monthly_mixed_frequency_kalman_em,exact,pre_advance,A,12,1.9509463526678976,1.6326586516750259,-0.13889432848413452,1.0,0.16666666666666666,47.916666666666664,0.00022383008507633547,0.0002024794141678,0.0005124222247325,1.2099674799082438,0.3441519071916568
pre_gfc,monthly_mixed_frequency_kalman_em,exact,pre_second,S,12,0.615516011298463,0.4978287617576224,-0.10764910530383838,1.0,0.0,50.0,0.0002461167253697417,0.00022672605699645,0.0004842630663338,0.3536004167184591,0.00794340557591463
pre_gfc,monthly_mixed_frequency_kalman_em,exact,pre_third,T,12,0.19367255704125091,0.14835644290290945,0.05995446321318496,1.0,0.08333333333333333,48.75,0.0002532442274594901,0.00023601245473150003,0.0007107186530116,0.10786821879739894,0.001658683580108171
pre_gfc,monthly_mixed_frequency_kalman_em,pseudo,pre_advance,A,12,1.9511645089879437,1.6327639108481085,-0.1387890693110515,1.0,0.16666666666666666,47.916666666666664,0.00022386349396346042,0.00020250704048044998,0.0005124222247325,1.210102779401452,0.34402810670764467
pre_gfc,monthly_mixed_frequency_kalman_em,pseudo,pre_second,S,12,0.6155447403747523,0.4978755172415457,-0.10769586078776167,1.0,0.0,50.0,0.000246094779459875,0.00022672605699645,0.0004842630663338,0.3536169209411947,0.007944373383637586
pre_gfc,monthly_mixed_frequency_kalman_em,pseudo,pre_third,T,12,0.19445571839979278,0.15095006072057474,0.058042574015462145,1.0,0.08333333333333333,48.75,0.0002759505764927068,0.00023417505808015,0.0009980613319242,0.10830440976873448,0.001657785045964636
pre_gfc,no_revision,exact,pre_advance,A,12,1.6327072977299812,1.421979645989153,0.08501426083561991,1.0,1.0,0.0,,,,1.0125971591995027,0.1960084448705083
pre_gfc,no_revision,exact,pre_second,S,12,0.6332486728503002,0.5451333333333332,-0.21198333333333327,1.0,1.0,0.0,,,,0.3637874409374222,0.007117977140259407
pre_gfc,no_revision,exact,pre_third,T,12,0.1960147826058023,0.15441666666666662,0.000566666666666691,1.0,1.0,0.0,,,,0.10917274899790677,0.001656395677089929
pre_gfc,no_revision,pseudo,pre_advance,A,12,1.6327072977299812,1.421979645989153,0.08501426083561991,1.0,1.0,0.0,,,,1.0125971591995027,0.1960084448705083
pre_gfc,no_revision,pseudo,pre_second,S,12,0.6332486728503002,0.5451333333333332,-0.21198333333333327,1.0,1.0,0.0,,,,0.3637874409374222,0.007117977140259407
pre_gfc,no_revision,pseudo,pre_third,T,12,0.1960147826058023,0.15441666666666662,0.000566666666666691,1.0,1.0,0.0,,,,0.10917274899790677,0.001656395677089929
pre_gfc,release_dfm,exact,pre_advance,A,12,1.2704989162748224,1.1262431565443747,0.09122459748937269,1.0,1.0,0.0,,,,0.7879572751188224,0.04749407734040848
pre_gfc,release_dfm,exact,pre_second,S,12,0.5799237425980599,0.4658677888008074,-0.0766067184245282,1.0,1.0,0.0,,,,0.33315344082603954,0.007465911537560971
pre_gfc,release_dfm,exact,pre_third,T,12,0.19596467749114965,0.17539698831431472,0.061035735759008745,1.0,1.0,0.0,,,,0.10914484236233182,0.0016618222144962039
pre_gfc,release_dfm,pseudo,pre_advance,A,12,1.2704281777340383,1.1262068425227818,0.09118828346778003,1.0,1.0,0.0,,,,0.7879134034183998,0.047447020865844965
pre_gfc,release_dfm,pseudo,pre_second,S,12,0.5799297235755998,0.4658857184294285,-0.0766246480531492,1.0,1.0,0.0,,,,0.3331568767661478,0.007465669974693473
pre_gfc,release_dfm,pseudo,pre_third,T,12,0.19601435424112462,0.17543625478833977,0.06123652062553312,1.0,1.0,0.0,,,,0.10917251041513862,0.0016619363903206123
pre_gfc,revision_dfm_kalman_em,exact,pre_advance,A,12,1.6913635958929707,1.2952555078678614,-0.2256956615536498,1.0,1.0,33.083333333333336,9.516321749268304e-05,9.52512465468417e-05,9.885155937936351e-05,1.0489755112602681,0.7556906998251046
pre_gfc,revision_dfm_kalman_em,exact,pre_second,S,12,0.6181592992584628,0.5065183684996082,-0.09280455624454298,1.0,1.0,35.083333333333336,9.663726363048625e-05,9.704052640790547e-05,9.998581247246948e-05,0.35511892754028335,0.00884894716872517
pre_gfc,revision_dfm_kalman_em,exact,pre_third,T,12,0.1842997712570041,0.1432263770514321,-0.001618200986427774,1.0,1.0,34.916666666666664,9.458495233415609e-05,9.465077325687444e-05,9.964484267528014e-05,0.10264793501965679,0.0016155188495386016
pre_gfc,revision_dfm_kalman_em,pseudo,pre_advance,A,12,1.6912939972814236,1.2952172249564315,-0.22573394446507955,1.0,1.0,33.083333333333336,9.516339059666818e-05,9.52512465468417e-05,9.885155937936351e-05,1.0489323465384377,0.7558886896640644
pre_gfc,revision_dfm_kalman_em,pseudo,pre_second,S,12,0.6181666943363636,0.5065362965623875,-0.09282248430732226,1.0,1.0,35.083333333333336,9.663962368347422e-05,9.704052640790547e-05,9.999439979338704e-05,0.3551231758499607,0.008848921227404627
pre_gfc,revision_dfm_kalman_em,pseudo,pre_third,T,12,0.18431803609542088,0.14335073632574868,-0.001483616727353818,1.0,1.0,34.916666666666664,9.475676828625686e-05,9.465077325687444e-05,9.964484267528014e-05,0.10265810783720376,0.0016154563080453394
pre_gfc,spf,exact,pre_advance,A,12,1.090472445777517,0.9954166666666668,0.2669,1.0,1.0,0.0,,,,0.6763057299461294,0.015898846822905845
pre_gfc,spf,exact,pre_second,S,12,1.2018408921317332,0.9710166666666668,0.054916666666666725,1.0,1.0,0.0,,,,0.6904311707352114,0.03170263467462466
pre_gfc,spf,exact,pre_third,T,12,1.2327692261733336,0.9831666666666669,0.05548333333333346,1.0,1.0,0.0,,,,0.6866053851255871,0.029074185184204945
pre_gfc,spf,pseudo,pre_advance,A,12,1.090472445777517,0.9954166666666668,0.2669,1.0,1.0,0.0,,,,0.6763057299461294,0.015898846822905845
pre_gfc,spf,pseudo,pre_second,S,12,1.2018408921317332,0.9710166666666668,0.054916666666666725,1.0,1.0,0.0,,,,0.6904311707352114,0.03170263467462466
pre_gfc,spf,pseudo,pre_third,T,12,1.2327692261733336,0.9831666666666669,0.05548333333333346,1.0,1.0,0.0,,,,0.6866053851255871,0.029074185184204945
pre_gfc,standard_dfm,exact,pre_advance,A,12,1.2704989162748224,1.1262431565443747,0.09122459748937269,1.0,1.0,0.0,,,,0.7879572751188224,0.04749407734040848
pre_gfc,standard_dfm,exact,pre_second,S,12,1.3810696220870358,1.1493284153116108,0.03275923060671585,1.0,1.0,0.0,,,,0.793394135851946,0.0967119179834271
pre_gfc,standard_dfm,exact,pre_third,T,12,1.4528465822563934,1.2315985024523195,0.11432240330455057,1.0,1.0,0.0,,,,0.8091800687100262,0.10917265366942726
pre_gfc,standard_dfm,pseudo,pre_advance,A,12,1.2704281777340383,1.1262068425227818,0.09118828346778003,1.0,1.0,0.0,,,,0.7879134034183998,0.047447020865844965
pre_gfc,standard_dfm,pseudo,pre_second,S,12,1.3811174028668705,1.1493047779826366,0.03247006023110419,1.0,1.0,0.0,,,,0.7934215848595274,0.09675782105013775
pre_gfc,standard_dfm,pseudo,pre_third,T,12,1.459103227257685,1.2378294872618678,0.12222081114895078,1.0,1.0,0.0,,,,0.8126647810629138,0.10857445793234662
gfc_and_recovery,ar,exact,pre_advance,A,28,1.9808610584115074,1.4223185815339376,0.4330290225710866,0.8928571428571429,1.0,0.0,,,,1.0,1.0
gfc_and_recovery,ar,exact,pre_second,S,28,2.2792728213644913,1.5869084942961664,0.5691047326176689,0.8928571428571429,1.0,0.0,,,,1.0,1.0
gfc_and_recovery,ar,exact,pre_third,T,28,2.5011984263559737,1.7400275075394895,0.6350963184292698,0.8928571428571429,1.0,0.0,,,,1.0,1.0
gfc_and_recovery,ar,pseudo,pre_advance,A,28,1.9808610584115074,1.4223185815339376,0.4330290225710866,0.8928571428571429,1.0,0.0,,,,1.0,1.0
gfc_and_recovery,ar,pseudo,pre_second,S,28,2.2792728213644913,1.5869084942961664,0.5691047326176689,0.8928571428571429,1.0,0.0,,,,1.0,1.0
gfc_and_recovery,ar,pseudo,pre_third,T,28,2.5011984263559737,1.7400275075394895,0.6350963184292698,0.8928571428571429,1.0,0.0,,,,1.0,1.0
gfc_and_recovery,bridge,exact,pre_advance,A,28,1.5578346590893442,1.300761002281147,0.19595265440349083,0.9285714285714286,1.0,0.0,,,,0.7864431745347163,0.3942690750361076
gfc_and_recovery,bridge,exact,pre_second,S,28,1.665652254014009,1.3645537665273557,0.2622300586219806,0.9285714285714286,1.0,0.0,,,,0.7307823084631277,0.3747949016373563
gfc_and_recovery,bridge,exact,pre_third,T,28,1.8738525574466725,1.4525421339478028,0.24614866648275585,0.9285714285714286,1.0,0.0,,,,0.7491818872510291,0.31271020456921295
gfc_and_recovery,bridge,pseudo,pre_advance,A,28,1.5733387493308326,1.3045719017070174,0.20736711853826215,0.9285714285714286,1.0,0.0,,,,0.7942701193755229,0.4153404183151473
gfc_and_recovery,bridge,pseudo,pre_second,S,28,1.6459188834467873,1.3455988035722726,0.2502952644131429,0.9285714285714286,1.0,0.0,,,,0.7221245600873065,0.359846785108093
gfc_and_recovery,bridge,pseudo,pre_third,T,28,1.8718913114534803,1.4518581652008966,0.24716882342013105,0.9285714285714286,1.0,0.0,,,,0.7483977647389861,0.3120362273902741
gfc_and_recovery,indicator_revision_only_dfm_kalman_em,exact,pre_advance,A,28,2.689868141321836,2.0792383296312056,0.8740619349942517,0.8928571428571429,1.0,28.535714285714285,9.405423422087307e-05,9.403597121018102e-05,9.97495632768597e-05,1.35792872998316,0.0033060865282253664
gfc_and_recovery,indicator_revision_only_dfm_kalman_em,exact,pre_second,S,28,0.7322901360491716,0.5612376161617669,0.16909010758768628,0.9642857142857143,1.0,28.75,9.45670882430068e-05,9.447103344516146e-05,9.98473011879074e-05,0.3212823533826831,0.04951045226309156
gfc_and_recovery,indicator_revision_only_dfm_kalman_em,exact,pre_third,T,28,0.5350572347581402,0.3474687877893508,0.03261731442521147,1.0,1.0,29.0,9.41072629530417e-05,9.443875819793421e-05,9.973203672009144e-05,0.2139203467905869,0.024141767330018167
gfc_and_recovery,indicator_revision_only_dfm_kalman_em,pseudo,pre_advance,A,28,2.6943130782855227,2.0815117624532022,0.8777516693336113,0.8928571428571429,1.0,28.857142857142858,9.461489314178331e-05,9.443229914500588e-05,9.998204957570086e-05,1.36017267180069,0.003020842710289347
gfc_and_recovery,indicator_revision_only_dfm_kalman_em,pseudo,pre_second,S,28,0.7317862655474536,0.5592087280227169,0.16730576853572726,0.9642857142857143,1.0,28.464285714285715,9.429737337222933e-05,9.42281974780285e-05,9.986619802264195e-05,0.32106128704214015,0.04945541697024218
gfc_and_recovery,indicator_revision_only_dfm_kalman_em,pseudo,pre_third,T,28,0.5350599893918975,0.3474820902558845,0.032671665973354434,1.0,1.0,28.928571428571427,9.483215583614008e-05,9.528289917908793e-05,9.997795386808212e-05,0.2139214481161468,0.024141278507285122
gfc_and_recovery,joint_indicator_revision_dfm_full_kalman_em,exact,pre_advance,A,28,2.487493523543903,1.8489631815016139,0.704984993826871,0.8928571428571429,1.0,30.0,9.401904193702751e-05,9.421386363336049e-05,9.963832562373972e-05,1.2557637563629398,0.0068253926469111804
gfc_and_recovery,joint_indicator_revision_dfm_full_kalman_em,exact,pre_second,S,28,0.7897814682415143,0.6164323249460842,0.2713393165185945,0.9285714285714286,1.0,30.321428571428573,9.560899340730436e-05,9.595057423697633e-05,9.957110505690693e-05,0.34650589470404425,0.05295588434109739
gfc_and_recovery,joint_indicator_revision_dfm_full_kalman_em,exact,pre_third,T,28,0.5323762999899555,0.34740357423886253,0.04122484909433328,1.0,1.0,30.214285714285715,9.484120963318799e-05,9.559612486889765e-05,9.906115347655278e-05,0.21284848670146533,0.024200415098884265
gfc_and_recovery,joint_indicator_revision_dfm_full_kalman_em,pseudo,pre_advance,A,28,2.4869768321774823,1.8476142493035395,0.7049767142802054,0.8928571428571429,1.0,30.392857142857142,9.431952182764674e-05,9.459346552678713e-05,9.963832562373972e-05,1.2555029145617307,0.006492482546601105
gfc_and_recovery,joint_indicator_revision_dfm_full_kalman_em,pseudo,pre_second,S,28,0.7880939279999003,0.612212738734482,0.26850957426944805,0.9285714285714286,1.0,29.785714285714285,9.4724508989835e-05,9.506966809330451e-05,9.927023433575127e-05,0.34576550933823985,0.05274902216429101
gfc_and_recovery,joint_indicator_revision_dfm_full_kalman_em,pseudo,pre_third,T,28,0.5324171871551008,0.347462116600787,0.04128918329206061,1.0,1.0,30.178571428571427,9.52009724906104e-05,9.536609904192654e-05,9.960706114418214e-05,0.21286483373123893,0.024201330046660967
gfc_and_recovery,midas_umidas,exact,pre_advance,A,28,11.363813311777644,9.605502920671444,-5.461022933022572,0.5,1.0,0.0,,,,5.736804842279304,1.2372330829418031e-08
gfc_and_recovery,midas_umidas,exact,pre_second,S,28,3.449309183235263,2.3557373396287375,0.884812946201979,0.7857142857142857,1.0,0.0,,,,1.513337565781321,0.06024168457943977
gfc_and_recovery,midas_umidas,exact,pre_third,T,28,3.5272976660554427,2.538110006967133,0.1778649974740963,0.75,1.0,0.0,,,,1.4102430374524126,0.13532447627552113
gfc_and_recovery,midas_umidas,pseudo,pre_advance,A,28,11.567485075702558,9.751726258585453,-5.799941549527327,0.5,1.0,0.0,,,,5.839624655440882,1.8230549190269317e-08
gfc_and_recovery,midas_umidas,pseudo,pre_second,S,28,3.4301103684088785,2.3312944313012083,0.7922912282033197,0.7857142857142857,1.0,0.0,,,,1.5049143464780297,0.06695660311672204
gfc_and_recovery,midas_umidas,pseudo,pre_third,T,28,3.5269746632890295,2.5782483838150547,0.24638649649319908,0.75,1.0,0.0,,,,1.4101138982513761,0.1355181835927874
gfc_and_recovery,monthly_mixed_frequency_kalman_em,exact,pre_advance,A,28,2.1768334520570685,1.6133333736651632,0.4583295158221744,0.8928571428571429,0.7142857142857143,35.82142857142857,0.00022409396524756723,9.547666596897008e-05,0.0015673077009093,1.0989329326321935,0.1125336233916654
gfc_and_recovery,monthly_mixed_frequency_kalman_em,exact,pre_second,S,28,0.7625008939881921,0.5436111976705326,0.19692812210792265,0.9285714285714286,0.7142857142857143,36.32142857142857,0.00017581014944483315,9.733397558331415e-05,0.0011106222178344,0.3345369131948493,0.043447311498815894
gfc_and_recovery,monthly_mixed_frequency_kalman_em,exact,pre_third,T,28,0.5252455475662037,0.34464743726556796,0.07820796625860305,1.0,0.8214285714285714,34.035714285714285,0.00019011170579579529,9.61426305515025e-05,0.0013068017884156,0.2099975523858938,0.024166937138811996
gfc_and_recovery,monthly_mixed_frequency_kalman_em,pseudo,pre_advance,A,28,2.1897964025148124,1.618873969610362,0.46348803861030813,0.8928571428571429,0.7142857142857143,35.82142857142857,0.00022439630618047566,9.572222204891036e-05,0.0015673077009093,1.1054770314233218,0.10333894242660838
gfc_and_recovery,monthly_mixed_frequency_kalman_em,pseudo,pre_second,S,28,0.7624858782821503,0.5437499313961214,0.19680034297649368,0.9285714285714286,0.7142857142857143,36.285714285714285,0.0001756743479440967,9.762619633127859e-05,0.0011106222178344,0.3345303252577226,0.04344714660361451
gfc_and_recovery,monthly_mixed_frequency_kalman_em,pseudo,pre_third,T,28,0.5251960294121851,0.34486475841375486,0.0784396525122514,1.0,0.8214285714285714,34.07142857142857,0.00019008023884561185,9.549844537986061e-05,0.0013068017884156,0.20997775461475465,0.024162702204717158
gfc_and_recovery,no_revision,exact,pre_advance,A,28,1.9905191257387522,1.413443049939982,0.38903837600935415,0.8928571428571429,1.0,0.0,,,,1.0048756914505603,0.5761768085667178
gfc_and_recovery,no_revision,exact,pre_second,S,28,0.7194633225536935,0.5307964285714286,0.07043214285714283,0.9285714285714286,1.0,0.0,,,,0.315654763137563,0.043666512200669416
gfc_and_recovery,no_revision,exact,pre_third,T,28,0.5160822788775339,0.3388357142857142,0.021907142857142885,1.0,1.0,0.0,,,,0.20633400110898856,0.023924265748899897
gfc_and_recovery,no_revision,pseudo,pre_advance,A,28,1.9905191257387522,1.413443049939982,0.38903837600935415,0.8928571428571429,1.0,0.0,,,,1.0048756914505603,0.5761768085667178
gfc_and_recovery,no_revision,pseudo,pre_second,S,28,0.7194633225536935,0.5307964285714286,0.07043214285714283,0.9285714285714286,1.0,0.0,,,,0.315654763137563,0.043666512200669416
gfc_and_recovery,no_revision,pseudo,pre_third,T,28,0.5160822788775339,0.3388357142857142,0.021907142857142885,1.0,1.0,0.0,,,,0.20633400110898856,0.023924265748899897
gfc_and_recovery,release_dfm,exact,pre_advance,A,28,1.3891793456844346,1.0585469764942768,0.6921502204527746,0.9285714285714286,1.0,0.0,,,,0.7013007498862367,0.3027996591583353
gfc_and_recovery,release_dfm,exact,pre_second,S,28,0.78041278337548,0.5962034469774938,0.11706293851746226,0.9285714285714286,1.0,0.0,,,,0.3423955114369698,0.04602791376347937
gfc_and_recovery,release_dfm,exact,pre_third,T,28,0.6184505739266203,0.4215018189118772,0.07404022504620877,1.0,1.0,0.0,,,,0.24726169959560082,0.024995084243189317
gfc_and_recovery,release_dfm,pseudo,pre_advance,A,28,1.40616056909207,1.065653469295271,0.7008113213521732,0.9285714285714286,1.0,0.0,,,,0.7098733972890046,0.3192688516034155
gfc_and_recovery,release_dfm,pseudo,pre_second,S,28,0.7797964998276579,0.5951956497913818,0.11595256764966534,0.9285714285714286,1.0,0.0,,,,0.3421251253989117,0.04596671267407874
gfc_and_recovery,release_dfm,pseudo,pre_third,T,28,0.6184691534558389,0.4215836650751607,0.07423402380480527,1.0,1.0,0.0,,,,0.24726912784640365,0.02498789308120127
gfc_and_recovery,revision_dfm_kalman_em,exact,pre_advance,A,28,2.078158794310378,1.544271235366047,0.7790689968894638,0.9285714285714286,1.0,27.714285714285715,9.469378945011599e-05,9.537085468158427e-05,9.982012002949762e-05,1.0491189099233924,0.700610405710903
gfc_and_recovery,revision_dfm_kalman_em,exact,pre_second,S,28,0.7619262148397157,0.5940642236825783,0.2598499146956072,0.9285714285714286,1.0,28.642857142857142,9.310332721504252e-05,9.31659564179655e-05,9.862025526108324e-05,0.33428478052205574,0.04807213704035896
gfc_and_recovery,revision_dfm_kalman_em,exact,pre_third,T,28,0.5330798042692633,0.3481375455291086,0.040915070098793124,1.0,1.0,26.392857142857142,9.491541662382936e-05,9.421929505555769e-05,9.989389482669028e-05,0.21312975358213132,0.024164571196616684
gfc_and_recovery,revision_dfm_kalman_em,pseudo,pre_advance,A,28,2.0845203175322617,1.547107312547853,0.7853700320057616,0.9285714285714286,1.0,27.714285714285715,9.465202669610659e-05,9.537792172837859e-05,9.98343095390544e-05,1.0523304038314938,0.6836643584483877
gfc_and_recovery,revision_dfm_kalman_em,pseudo,pre_second,S,28,0.761988007458767,0.5941352796892855,0.259977325644588,0.9285714285714286,1.0,28.678571428571427,9.275319836670514e-05,9.304637017083085e-05,9.862025526108324e-05,0.33431189119457905,0.04807942170337973
gfc_and_recovery,revision_dfm_kalman_em,pseudo,pre_third,T,28,0.5329366767540926,0.3479101767336941,0.04078205731674384,1.0,1.0,26.464285714285715,9.495393257553211e-05,9.488087294367943e-05,9.98950942959392e-05,0.21307253000735912,0.024158297235415245
gfc_and_recovery,spf,exact,pre_advance,A,28,1.2125790385137198,0.9368464285714285,0.08257500000000002,0.9285714285714286,1.0,0.0,,,,0.6121474463666379,0.162129880519776
gfc_and_recovery,spf,exact,pre_second,S,28,1.567267863649533,1.1902000000000004,0.1530071428571428,0.9285714285714286,1.0,0.0,,,,0.6876174931578769,0.1828160372486508
gfc_and_recovery,spf,exact,pre_third,T,28,1.7476678623648307,1.328892857142857,0.17491428571428566,0.9285714285714286,1.0,0.0,,,,0.6987321933154377,0.12804553632187737
gfc_and_recovery,spf,pseudo,pre_advance,A,28,1.2125790385137198,0.9368464285714285,0.08257500000000002,0.9285714285714286,1.0,0.0,,,,0.6121474463666379,0.162129880519776
gfc_and_recovery,spf,pseudo,pre_second,S,28,1.567267863649533,1.1902000000000004,0.1530071428571428,0.9285714285714286,1.0,0.0,,,,0.6876174931578769,0.1828160372486508
gfc_and_recovery,spf,pseudo,pre_third,T,28,1.7476678623648307,1.328892857142857,0.17491428571428566,0.9285714285714286,1.0,0.0,,,,0.6987321933154377,0.12804553632187737
gfc_and_recovery,standard_dfm,exact,pre_advance,A,28,1.3891793456844346,1.0585469764942768,0.6921502204527746,0.9285714285714286,1.0,0.0,,,,0.7013007498862367,0.3027996591583353
gfc_and_recovery,standard_dfm,exact,pre_second,S,28,1.650159735342712,1.2472490349844036,0.8325927196260909,0.9285714285714286,1.0,0.0,,,,0.7239851762698774,0.3558513816217219
gfc_and_recovery,standard_dfm,exact,pre_third,T,28,1.8530413226148394,1.4290990812627602,0.884317021415546,0.9285714285714286,1.0,0.0,,,,0.7408613819234477,0.30681437597747674
gfc_and_recovery,standard_dfm,pseudo,pre_advance,A,28,1.40616056909207,1.065653469295271,0.7008113213521732,0.9285714285714286,1.0,0.0,,,,0.7098733972890046,0.3192688516034155
gfc_and_recovery,standard_dfm,pseudo,pre_second,S,28,1.6413645854643024,1.239424648154096,0.8217198141343911,0.9285714285714286,1.0,0.0,,,,0.7201264236905595,0.3495787200136843
gfc_and_recovery,standard_dfm,pseudo,pre_third,T,28,1.8521654931989058,1.426988999140189,0.8874412098540999,0.9285714285714286,1.0,0.0,,,,0.7405112180153368,0.3046429222202528
post_gfc_pre_pandemic,ar,exact,pre_advance,A,20,0.9883275427790928,0.8133458177311452,0.2210825398866389,1.0,1.0,0.0,,,,1.0,1.0
post_gfc_pre_pandemic,ar,exact,pre_second,S,19,1.2786828133405044,0.9974895213634284,0.20164868552558815,0.9473684210526315,1.0,0.0,,,,1.0,1.0
post_gfc_pre_pandemic,ar,exact,pre_third,T,20,1.1796002353961368,0.9546865710117756,0.1832003468310457,0.95,1.0,0.0,,,,1.0,1.0
post_gfc_pre_pandemic,ar,pseudo,pre_advance,A,20,0.9883275427790928,0.8133458177311452,0.2210825398866389,1.0,1.0,0.0,,,,1.0,1.0
post_gfc_pre_pandemic,ar,pseudo,pre_second,S,19,1.2786828133405044,0.9974895213634284,0.20164868552558815,0.9473684210526315,1.0,0.0,,,,1.0,1.0
post_gfc_pre_pandemic,ar,pseudo,pre_third,T,20,1.1796002353961368,0.9546865710117756,0.1832003468310457,0.95,1.0,0.0,,,,1.0,1.0
post_gfc_pre_pandemic,bridge,exact,pre_advance,A,20,0.9036902937052268,0.7749245036650768,0.24217260770774351,1.0,1.0,0.0,,,,0.9143631585578671,0.5359614803346645
post_gfc_pre_pandemic,bridge,exact,pre_second,S,19,1.1374886880426318,1.0232435074238364,0.1788348735416451,0.9473684210526315,1.0,0.0,,,,0.8895784600959725,0.5306199028391573
post_gfc_pre_pandemic,bridge,exact,pre_third,T,20,1.0008638618278345,0.8974429564574106,0.26391138089107324,0.95,1.0,0.0,,,,0.848477163529661,0.38604133166908305
post_gfc_pre_pandemic,bridge,pseudo,pre_advance,A,20,0.9061057160624423,0.7768237189149421,0.24425699401217948,1.0,1.0,0.0,,,,0.9168071078081566,0.5527080232776047
post_gfc_pre_pandemic,bridge,pseudo,pre_second,S,19,1.132632055640881,1.0198049391925674,0.17659877380091002,0.9473684210526315,1.0,0.0,,,,0.8857803075353208,0.5156445411477547
post_gfc_pre_pandemic,bridge,pseudo,pre_third,T,20,1.0052696800527128,0.899484590841414,0.26462630104937823,0.95,1.0,0.0,,,,0.8522121731478972,0.3988094849498413
post_gfc_pre_pandemic,indicator_revision_only_dfm_kalman_em,exact,pre_advance,A,20,1.3497879241222122,1.0935995516841934,0.5992029519762914,1.0,1.0,26.55,9.52224240399861e-05,9.47133700320748e-05,9.991144308162304e-05,1.3657293414354552,0.15886890575610277
post_gfc_pre_pandemic,indicator_revision_only_dfm_kalman_em,exact,pre_second,S,19,0.4554167840573756,0.32253945353386043,-0.09350463653274549,0.9473684210526315,1.0,27.42105263157895,9.596124704504796e-05,9.57983482565054e-05,9.97558952055831e-05,0.3561608706287517,0.01862610200458322
post_gfc_pre_pandemic,indicator_revision_only_dfm_kalman_em,exact,pre_third,T,20,0.2558532024787045,0.20798079266025704,-0.10397366377748918,1.0,1.0,27.55,9.688014450500847e-05,9.705581260951838e-05,9.981949810292096e-05,0.21689822941819195,0.012756749916628103
post_gfc_pre_pandemic,indicator_revision_only_dfm_kalman_em,pseudo,pre_advance,A,20,1.3600593090486728,1.106022316976334,0.617981124565677,1.0,1.0,26.4,9.54864803989488e-05,9.51800482623422e-05,9.994362468247016e-05,1.3761220346286231,0.16477513935424554
post_gfc_pre_pandemic,indicator_revision_only_dfm_kalman_em,pseudo,pre_second,S,19,0.4555817190438407,0.32278875961071907,-0.09342754472723248,0.9473684210526315,1.0,27.42105263157895,9.591910476221513e-05,9.586642788260511e-05,9.9625418238764e-05,0.3562898588224963,0.01863736658553494
post_gfc_pre_pandemic,indicator_revision_only_dfm_kalman_em,pseudo,pre_third,T,20,0.2556123046037935,0.20782080260823807,-0.10407944341250328,1.0,1.0,27.55,9.680949827914656e-05,9.706213363538826e-05,9.981184162490187e-05,0.21669400949038728,0.012745482860481628
post_gfc_pre_pandemic,joint_indicator_revision_dfm_full_kalman_em,exact,pre_advance,A,20,1.1795919447744598,0.9671949096862686,0.4206650101356046,1.0,1.0,28.25,9.538657088646452e-05,9.554659961923578e-05,9.90442891204862e-05,1.1935232943701517,0.4053889038624734
post_gfc_pre_pandemic,joint_indicator_revision_dfm_full_kalman_em,exact,pre_second,S,19,0.40918197066252854,0.2984633579365223,-0.04292043021403397,0.9473684210526315,1.0,29.05263157894737,9.595912194649989e-05,9.619156466109986e-05,9.98041586445446e-05,0.3200027140378606,0.021074253291090986
post_gfc_pre_pandemic,joint_indicator_revision_dfm_full_kalman_em,exact,pre_third,T,20,0.26704364730363417,0.21382426870645674,-0.0916336822565914,1.0,1.0,29.1,9.65631006140321e-05,9.653579557798784e-05,9.99257024911521e-05,0.22638487115421335,0.013220008372421462
post_gfc_pre_pandemic,joint_indicator_revision_dfm_full_kalman_em,pseudo,pre_advance,A,20,1.1867760782769696,0.9773284745239705,0.4382595474441916,1.0,1.0,28.15,9.544955679056666e-05,9.585006015785743e-05,9.905286900328802e-05,1.2007922747350097,0.4058202385204263
post_gfc_pre_pandemic,joint_indicator_revision_dfm_full_kalman_em,pseudo,pre_second,S,19,0.4091901503988957,0.29850619262174144,-0.04292234389277105,0.9473684210526315,1.0,29.05263157894737,9.59241556176863e-05,9.619759008604655e-05,9.926195562263462e-05,0.32000911103974555,0.021078401603126292
post_gfc_pre_pandemic,joint_indicator_revision_dfm_full_kalman_em,pseudo,pre_third,T,20,0.2670061001248357,0.21381025574477502,-0.09166360240038837,1.0,1.0,29.1,9.650427449265301e-05,9.654350243811776e-05,9.998575420500896e-05,0.22635304072753848,0.013217970087564094
post_gfc_pre_pandemic,midas_umidas,exact,pre_advance,A,20,3.461537869393676,2.519931976720648,0.7213071763068193,0.9,1.0,0.0,,,,3.5024197136711646,0.022358503978956067
post_gfc_pre_pandemic,midas_umidas,exact,pre_second,S,19,1.472378918627131,1.092466280508389,-0.0278284178270029,0.8421052631578947,1.0,0.0,,,,1.1514809640559756,0.657530329727901
post_gfc_pre_pandemic,midas_umidas,exact,pre_third,T,20,1.4386720184251844,1.1364908827985354,0.7268888452643071,0.9,1.0,0.0,,,,1.2196267644368903,0.2201581229793889
post_gfc_pre_pandemic,midas_umidas,pseudo,pre_advance,A,20,3.4396103965154246,2.5421309526858944,0.7001325795609193,0.9,1.0,0.0,,,,3.480233270483926,0.01964634164053249
post_gfc_pre_pandemic,midas_umidas,pseudo,pre_second,S,19,1.438543393750769,1.0670466837693058,-0.010634956518734605,0.8947368421052632,1.0,0.0,,,,1.1250197302586993,0.707617530109813
post_gfc_pre_pandemic,midas_umidas,pseudo,pre_third,T,20,1.4128208328067242,1.113170072629398,0.7282691649129688,0.9,1.0,0.0,,,,1.1977115555019082,0.26627752106344665
post_gfc_pre_pandemic,monthly_mixed_frequency_kalman_em,exact,pre_advance,A,20,0.9884556988720857,0.8120016980405163,0.44098284065137017,1.0,0.5,38.95,0.00015497143372738572,0.00014734981336911817,0.0002252809024171,1.0001296696565114,0.9992720026881845
post_gfc_pre_pandemic,monthly_mixed_frequency_kalman_em,exact,pre_second,S,19,0.4297168548858254,0.2907167960252037,-0.051049646679878505,0.9473684210526315,0.5789473684210527,37.21052631578947,0.00014567367466211749,9.90791523248484e-05,0.0002238075535899,0.33606211830063504,0.018125945889261117
post_gfc_pre_pandemic,monthly_mixed_frequency_kalman_em,exact,pre_third,T,20,0.2546453713082654,0.21347155948436775,-0.04275688667322322,1.0,0.65,35.35,0.0001397110648060658,9.929201364015455e-05,0.0002296054657667,0.21587429678898773,0.012760752237653139
post_gfc_pre_pandemic,monthly_mixed_frequency_kalman_em,pseudo,pre_advance,A,20,0.9963574107226711,0.8292842077673171,0.4535033013139804,1.0,0.5,38.95,0.0001542969623719324,0.00014735767787166817,0.0002251340567429,1.0081247031940432,0.9544327182082202
post_gfc_pre_pandemic,monthly_mixed_frequency_kalman_em,pseudo,pre_second,S,19,0.4294314149776004,0.2904818931137603,-0.05089234899118957,0.9473684210526315,0.5789473684210527,37.21052631578947,0.00014575895897631652,9.890366868495884e-05,0.0002234986075761,0.3358388886574061,0.01813215208166239
post_gfc_pre_pandemic,monthly_mixed_frequency_kalman_em,pseudo,pre_third,T,20,0.24993410446890718,0.21065225865557924,-0.04564188612482902,1.0,0.65,35.4,0.00013981271961325894,9.920537405803976e-05,0.0002280450964997,0.21188034468726058,0.012539261932738271
post_gfc_pre_pandemic,no_revision,exact,pre_advance,A,20,0.9688147046408403,0.7991012445150069,0.1982922043026592,1.0,1.0,0.0,,,,0.9802567091438289,0.30166056594190094
post_gfc_pre_pandemic,no_revision,exact,pre_second,S,19,0.464025759833949,0.3086578947368421,-0.15937368421052633,0.9473684210526315,1.0,0.0,,,,0.36289356124346545,0.018652965759643522
post_gfc_pre_pandemic,no_revision,exact,pre_third,T,20,0.25832178673120076,0.2081949999999999,-0.09827499999999997,1.0,1.0,0.0,,,,0.2189909589535224,0.012603029407369912
post_gfc_pre_pandemic,no_revision,pseudo,pre_advance,A,20,0.9688147046408403,0.7991012445150069,0.1982922043026592,1.0,1.0,0.0,,,,0.9802567091438289,0.30166056594190094
post_gfc_pre_pandemic,no_revision,pseudo,pre_second,S,19,0.464025759833949,0.3086578947368421,-0.15937368421052633,0.9473684210526315,1.0,0.0,,,,0.36289356124346545,0.018652965759643522
post_gfc_pre_pandemic,no_revision,pseudo,pre_third,T,20,0.25832178673120076,0.2081949999999999,-0.09827499999999997,1.0,1.0,0.0,,,,0.2189909589535224,0.012603029407369912
post_gfc_pre_pandemic,release_dfm,exact,pre_advance,A,20,1.0742429593339324,0.921534758469102,0.44355041077389473,1.0,1.0,0.0,,,,1.0869301044805983,0.48499462069523475
post_gfc_pre_pandemic,release_dfm,exact,pre_second,S,19,0.43269334529565856,0.3106795314426582,-0.059536301637549124,0.9473684210526315,1.0,0.0,,,,0.3383898968386582,0.0193189327704255
post_gfc_pre_pandemic,release_dfm,exact,pre_third,T,20,0.26758531126395313,0.2231841847440706,-0.05178052854667927,1.0,1.0,0.0,,,,0.22684406397570092,0.01359259616168729
post_gfc_pre_pandemic,release_dfm,pseudo,pre_advance,A,20,1.0759155950788895,0.9273649867499536,0.46000353357973545,1.0,1.0,0.0,,,,1.0886224945765515,0.48002326049230076
post_gfc_pre_pandemic,release_dfm,pseudo,pre_second,S,19,0.4328505754164183,0.31093161517514806,-0.05944641899095874,0.9473684210526315,1.0,0.0,,,,0.33851285940538656,0.01933689740242487
post_gfc_pre_pandemic,release_dfm,pseudo,pre_third,T,20,0.2675905682909127,0.22321276625602984,-0.051845715680957985,1.0,1.0,0.0,,,,0.22684852059312252,0.013592697373301812
post_gfc_pre_pandemic,revision_dfm_kalman_em,exact,pre_advance,A,20,1.2407904730776906,0.9465468093050026,0.17138013900770793,1.0,1.0,24.55,9.388796262479127e-05,9.363594116090402e-05,9.92855047138232e-05,1.255444596422653,0.46906128624889787
post_gfc_pre_pandemic,revision_dfm_kalman_em,exact,pre_second,S,19,0.41647037931404063,0.30000770487907247,-0.031715154506510516,0.9473684210526315,1.0,24.157894736842106,9.511274611667777e-05,9.56800959642661e-05,9.929889492580588e-05,0.3257026488265917,0.02001478620954938
post_gfc_pre_pandemic,revision_dfm_kalman_em,exact,pre_third,T,20,0.26812408572855373,0.21448544230616767,-0.09066394045092738,1.0,1.0,24.25,9.493894627101733e-05,9.602327956608113e-05,9.965977733844516e-05,0.22730080724213447,0.013387236478991368
post_gfc_pre_pandemic,revision_dfm_kalman_em,pseudo,pre_advance,A,20,1.2484422606563663,0.9278619231775206,0.15537576487947397,1.0,1.0,24.55,9.34539865306993e-05,9.344852902689148e-05,9.92855047138232e-05,1.2631867540045003,0.4690790249657457
post_gfc_pre_pandemic,revision_dfm_kalman_em,pseudo,pre_second,S,19,0.4164661196589003,0.2999724576921406,-0.03167730562510986,0.9473684210526315,1.0,24.157894736842106,9.512565529076225e-05,9.573506954508148e-05,9.936460356234414e-05,0.32569931754294895,0.020016753819053934
post_gfc_pre_pandemic,revision_dfm_kalman_em,pseudo,pre_third,T,20,0.2680537354162619,0.214463401597153,-0.09072808304500705,1.0,1.0,24.25,9.502502976500957e-05,9.602341060817349e-05,9.963379435835828e-05,0.22724116812866121,0.013383365831511557
post_gfc_pre_pandemic,spf,exact,pre_advance,A,20,1.059470222328122,0.7888499999999999,0.39226,1.0,1.0,0.0,,,,1.0719828968329488,0.51709969246219
post_gfc_pre_pandemic,spf,exact,pre_second,S,19,1.1661875111030091,0.8808263157894736,0.2521526315789473,0.9473684210526315,1.0,0.0,,,,0.9120225117098383,0.3016087878205406
post_gfc_pre_pandemic,spf,exact,pre_third,T,20,1.0208745304884435,0.7906399999999999,0.14258,0.95,1.0,0.0,,,,0.8654411044141666,0.1133570309503363
post_gfc_pre_pandemic,spf,pseudo,pre_advance,A,20,1.059470222328122,0.7888499999999999,0.39226,1.0,1.0,0.0,,,,1.0719828968329488,0.51709969246219
post_gfc_pre_pandemic,spf,pseudo,pre_second,S,19,1.1661875111030091,0.8808263157894736,0.2521526315789473,0.9473684210526315,1.0,0.0,,,,0.9120225117098383,0.3016087878205406
post_gfc_pre_pandemic,spf,pseudo,pre_third,T,20,1.0208745304884435,0.7906399999999999,0.14258,0.95,1.0,0.0,,,,0.8654411044141666,0.1133570309503363
post_gfc_pre_pandemic,standard_dfm,exact,pre_advance,A,20,1.0742429593339324,0.921534758469102,0.44355041077389473,1.0,1.0,0.0,,,,1.0869301044805983,0.48499462069523475
post_gfc_pre_pandemic,standard_dfm,exact,pre_second,S,19,1.1966397959269073,0.9937824455571352,0.44701413367279774,0.9473684210526315,1.0,0.0,,,,0.9358378664688053,0.697036528559564
post_gfc_pre_pandemic,standard_dfm,exact,pre_third,T,20,1.073047132293578,0.9204190323591275,0.4005714512387753,0.95,1.0,0.0,,,,0.9096701578168337,0.5601573490143721
post_gfc_pre_pandemic,standard_dfm,pseudo,pre_advance,A,20,1.0759155950788895,0.9273649867499536,0.46000353357973545,1.0,1.0,0.0,,,,1.0886224945765515,0.48002326049230076
post_gfc_pre_pandemic,standard_dfm,pseudo,pre_second,S,19,1.1960184231285758,0.9928971051017339,0.4482252754532215,0.9473684210526315,1.0,0.0,,,,0.9353519189047584,0.6943254284633469
post_gfc_pre_pandemic,standard_dfm,pseudo,pre_third,T,20,1.076555960491654,0.9220642300700481,0.40066901245424386,0.95,1.0,0.0,,,,0.9126447487780652,0.5738087997702496
post_pandemic,ar,exact,pre_advance,A,16,2.3356937367860615,1.704268087115823,-0.370360890058391,0.875,1.0,0.0,,,,1.0,1.0
post_pandemic,ar,exact,pre_second,S,16,2.342059462812825,1.7345865317939624,-0.3123750115298789,0.875,1.0,0.0,,,,1.0,1.0
post_pandemic,ar,exact,pre_third,T,16,2.3044527553570258,1.6962319513698854,-0.3385492200607658,0.875,1.0,0.0,,,,1.0,1.0
post_pandemic,ar,pseudo,pre_advance,A,16,2.3356937367860615,1.704268087115823,-0.370360890058391,0.875,1.0,0.0,,,,1.0,1.0
post_pandemic,ar,pseudo,pre_second,S,16,2.342059462812825,1.7345865317939624,-0.3123750115298789,0.875,1.0,0.0,,,,1.0,1.0
post_pandemic,ar,pseudo,pre_third,T,16,2.3044527553570258,1.6962319513698854,-0.3385492200607658,0.875,1.0,0.0,,,,1.0,1.0
post_pandemic,bridge,exact,pre_advance,A,16,2.646633669048198,1.9318322540392734,-0.41665872884974114,0.8125,1.0,0.0,,,,1.1331253012177842,0.5358109990105266
post_pandemic,bridge,exact,pre_second,S,16,2.522034009362986,1.6880285764843488,-0.3686064141096719,0.8125,1.0,0.0,,,,1.0768445675303269,0.7196446043741449
post_pandemic,bridge,exact,pre_third,T,16,2.2951214067956514,1.596946100202747,-0.3071388750857985,0.8125,1.0,0.0,,,,0.9959507312355689,0.9840993024608867
post_pandemic,bridge,pseudo,pre_advance,A,16,2.614181950454333,1.8856243890612765,-0.33581905983172455,0.8125,1.0,0.0,,,,1.1192314768337197,0.5925880568488857
post_pandemic,bridge,pseudo,pre_second,S,16,2.493170318500561,1.660634398539011,-0.33197288456065654,0.8125,1.0,0.0,,,,1.0645205034658904,0.7649705656982201
post_pandemic,bridge,pseudo,pre_third,T,16,2.263393801331531,1.5491955148084402,-0.30077405603402996,0.8125,1.0,0.0,,,,0.982182774660905,0.9285881133781877
post_pandemic,indicator_revision_only_dfm_kalman_em,exact,pre_advance,A,16,2.695297915794692,2.0472050752548694,0.08406263075999998,0.875,0.8125,40.0625,0.00011690542484951307,9.37732980964551e-05,0.0004122915060068,1.1539603302201125,0.43324696366671495
post_pandemic,indicator_revision_only_dfm_kalman_em,exact,pre_second,S,16,0.37816879292196703,0.29213829980278094,-0.010312575274206565,1.0,0.875,41.375,0.00011041620966257548,9.21029748196254e-05,0.000350088457986,0.1614684848640796,0.016585050655174526
post_pandemic,indicator_revision_only_dfm_kalman_em,exact,pre_third,T,16,0.24491860093247422,0.17477521431502835,-0.09970249772052403,1.0,0.8125,41.0625,9.644468347989922e-05,9.484954296373695e-05,0.0001361793485514,0.10628059107010389,0.023658641032506558
post_pandemic,indicator_revision_only_dfm_kalman_em,pseudo,pre_advance,A,16,2.6717090184434396,2.003141155195942,0.15249208616690774,0.875,0.75,41.5,0.00013239452490921446,9.420733441341528e-05,0.0004421745063549,1.1438610192617713,0.4676148411738467
post_pandemic,indicator_revision_only_dfm_kalman_em,pseudo,pre_second,S,16,0.3779384723257809,0.2921100868373997,-0.010384158031435942,1.0,0.8125,41.25,0.00012312602867546179,9.648925722393283e-05,0.0003517846084482,0.16137014381004441,0.016582053060585567
post_pandemic,indicator_revision_only_dfm_kalman_em,pseudo,pre_third,T,16,0.2449171638401131,0.17477242046830704,-0.09971245461542297,1.0,0.8125,41.0625,9.842088224896339e-05,9.343381808134046e-05,0.0001577632546499,0.10627996745464562,0.023658600477517
post_pandemic,joint_indicator_revision_dfm_full_kalman_em,exact,pre_advance,A,16,2.652448858437767,2.018048940644278,0.02149719467158434,0.875,0.625,43.125,0.0001421997785062072,9.347785635186133e-05,0.0004235655851736,1.1356150066521835,0.394859795244678
post_pandemic,joint_indicator_revision_dfm_full_kalman_em,exact,pre_second,S,16,0.4249218348178886,0.349496691227595,0.11687313592563359,1.0,0.6875,43.875,0.00015266807785845908,9.301709559914528e-05,0.0004729497112641,0.18143084817648283,0.018386777542882073
post_pandemic,joint_indicator_revision_dfm_full_kalman_em,exact,pre_third,T,16,0.25109912901771575,0.1845465887681571,-0.08499635127751928,1.0,0.75,42.875,0.00016218076929981,9.527796632696674e-05,0.0004723705811758,0.10896258490611291,0.02373717772203448
post_pandemic,joint_indicator_revision_dfm_full_kalman_em,pseudo,pre_advance,A,16,2.6429731969481343,2.0136157178709833,0.04608184421498618,0.875,0.625,43.0625,0.00013306426286407893,9.238354494384614e-05,0.0003896844603091,1.1315581128307055,0.4098477723068711
post_pandemic,joint_indicator_revision_dfm_full_kalman_em,pseudo,pre_second,S,16,0.4231324103056849,0.34855780299215544,0.11695821937825143,1.0,0.6875,43.9375,0.00015230221049653713,8.994136228128808e-05,0.0004747812414073,0.18066680928651607,0.0183593494918126
post_pandemic,joint_indicator_revision_dfm_full_kalman_em,pseudo,pre_third,T,16,0.2508862897274423,0.1843702385405572,-0.0850237511092301,1.0,0.6875,44.3125,0.00018512903201535805,9.697243273034515e-05,0.000527774781902,0.10887022489145057,0.023731973558222173
post_pandemic,midas_umidas,exact,pre_advance,A,16,4.212552998363993,3.161343563413432,-0.255397419027211,0.625,1.0,0.0,,,,1.8035553771533888,0.03732707024289524
post_pandemic,midas_umidas,exact,pre_second,S,16,1.3954068983179253,1.0191809534254892,0.4799020934851198,1.0,1.0,0.0,,,,0.5958033604501377,0.12297288820004122
post_pandemic,midas_umidas,exact,pre_third,T,16,1.1202247476237173,0.8819516110387278,-0.06817865992316641,1.0,1.0,0.0,,,,0.486113132508183,0.05554721101906923
post_pandemic,midas_umidas,pseudo,pre_advance,A,16,4.228649260241539,3.2279140935602335,-0.19921941264499984,0.625,1.0,0.0,,,,1.8104468037235926,0.03571630230653406
post_pandemic,midas_umidas,pseudo,pre_second,S,16,1.3868443776182153,0.9969127460834357,0.455539925620623,1.0,1.0,0.0,,,,0.5921473812422373,0.12243259075645693
post_pandemic,midas_umidas,pseudo,pre_third,T,16,1.1134838673317724,0.8729329753029597,-0.056883529736807825,1.0,1.0,0.0,,,,0.4831879780322343,0.05389284460625015
post_pandemic,monthly_mixed_frequency_kalman_em,exact,pre_advance,A,16,3.517960179928912,2.4760860380119336,-0.4104613889062091,0.8125,1.0,31.8125,9.558938094529599e-05,9.605286202526327e-05,9.986292719215044e-05,1.5061735725547911,0.08290399462590946
post_pandemic,monthly_mixed_frequency_kalman_em,exact,pre_second,S,16,0.25343272239144776,0.18140844172078507,0.04994069017888168,1.0,1.0,31.6875,9.635199595099211e-05,9.718789870786146e-05,9.99207299874832e-05,0.10820934584089245,0.016311808142061335
post_pandemic,monthly_mixed_frequency_kalman_em,exact,pre_third,T,16,0.2514559984722853,0.1886985792965306,-0.040361525046338075,1.0,1.0,31.0625,9.458329983131929e-05,9.554656555927322e-05,9.976896426133012e-05,0.10911744573098334,0.023603833166157134
post_pandemic,monthly_mixed_frequency_kalman_em,pseudo,pre_advance,A,16,3.5165924971867457,2.4756997238707155,-0.4094729175134355,0.8125,1.0,31.875,9.493827783712942e-05,9.600482576251879e-05,9.98168637174132e-05,1.5055880151588765,0.08298421389082206
post_pandemic,monthly_mixed_frequency_kalman_em,pseudo,pre_second,S,16,0.251751208737037,0.17843463876530935,0.046981097366439316,1.0,1.0,31.625,9.657923583129133e-05,9.780760901908498e-05,9.99207299874832e-05,0.10749138215076852,0.01630952899974585
post_pandemic,monthly_mixed_frequency_kalman_em,pseudo,pre_third,T,16,0.2519309595867584,0.18935579229744587,-0.04105655272287844,1.0,1.0,31.0,9.540179870300631e-05,9.573748451052124e-05,9.972139373403372e-05,0.10932355154650461,0.02361498970126013
post_pandemic,no_revision,exact,pre_advance,A,16,2.954519065005074,2.0773530325292087,-0.6704937307616538,0.8125,1.0,0.0,,,,1.2649428383836498,0.2304401357559075
post_pandemic,no_revision,exact,pre_second,S,16,0.2127538160644833,0.17186249999999997,-0.03735,1.0,1.0,0.0,,,,0.09084048438674777,0.01671693648241473
post_pandemic,no_revision,exact,pre_third,T,16,0.24261148854701833,0.17103125000000002,-0.09706875000000001,1.0,1.0,0.0,,,,0.10527943694355793,0.02364888627327182
post_pandemic,no_revision,pseudo,pre_advance,A,16,2.954519065005074,2.0773530325292087,-0.6704937307616538,0.8125,1.0,0.0,,,,1.2649428383836498,0.2304401357559075
post_pandemic,no_revision,pseudo,pre_second,S,16,0.2127538160644833,0.17186249999999997,-0.03735,1.0,1.0,0.0,,,,0.09084048438674777,0.01671693648241473
post_pandemic,no_revision,pseudo,pre_third,T,16,0.24261148854701833,0.17103125000000002,-0.09706875000000001,1.0,1.0,0.0,,,,0.10527943694355793,0.02364888627327182
post_pandemic,release_dfm,exact,pre_advance,A,16,2.729114334489641,1.782818146012234,0.24995279622914796,0.875,1.0,0.0,,,,1.1684384350171397,0.5809001998318719
post_pandemic,release_dfm,exact,pre_second,S,16,0.22731464950746563,0.17307225610082977,0.07329675094759944,1.0,1.0,0.0,,,,0.09705759102907645,0.0170508043910176
post_pandemic,release_dfm,exact,pre_third,T,16,0.2382068807509537,0.16942856837208653,-0.01729135478114879,1.0,1.0,0.0,,,,0.10336809040550221,0.023504209161137463
post_pandemic,release_dfm,pseudo,pre_advance,A,16,2.727881934667044,1.7524044299423363,0.3113159987254962,0.875,1.0,0.0,,,,1.1679107974235687,0.5853600069197233
post_pandemic,release_dfm,pseudo,pre_second,S,16,0.22721201346469605,0.17273516375479256,0.07300220336623052,1.0,1.0,0.0,,,,0.09701376804148829,0.017051394068206133
post_pandemic,release_dfm,pseudo,pre_third,T,16,0.23825252018612547,0.16935483907947158,-0.017358306450352357,1.0,1.0,0.0,,,,0.10338789529630141,0.023505437156953163
post_pandemic,revision_dfm_kalman_em,exact,pre_advance,A,16,2.7857326967268214,2.1334157137634815,-0.1326110741230354,0.875,1.0,23.125,9.41542394855377e-05,9.424654638262853e-05,9.96697693216714e-05,1.1926789256882704,0.3023102906041412
post_pandemic,revision_dfm_kalman_em,exact,pre_second,S,16,0.23573506489546603,0.17684107546671296,0.12163351499981816,1.0,1.0,23.25,9.241290677920765e-05,9.342217770744968e-05,9.860492864675954e-05,0.1006528948724244,0.016981493581079636
post_pandemic,revision_dfm_kalman_em,exact,pre_third,T,16,0.24342961027048185,0.17421259321791574,-0.08416098839197794,1.0,1.0,23.0625,9.504216912321304e-05,9.474140466582843e-05,9.977892066959305e-05,0.1056344547331662,0.02366171176157642
post_pandemic,revision_dfm_kalman_em,pseudo,pre_advance,A,16,2.7705006165015544,2.1107704729918177,-0.11193516608447351,0.875,1.0,23.125,9.416001832272544e-05,9.429304560346884e-05,9.966702530277622e-05,1.1861574884016222,0.32409814909582907
post_pandemic,revision_dfm_kalman_em,pseudo,pre_second,S,16,0.23181658416354375,0.17426177638779172,0.11901599478897684,1.0,1.0,23.25,9.238696598138922e-05,9.341269695631401e-05,9.864961477608256e-05,0.09897980296586104,0.016978592849560714
post_pandemic,revision_dfm_kalman_em,pseudo,pre_third,T,16,0.24343610684585576,0.1742169861592126,-0.08413645164532008,1.0,1.0,23.0625,9.504796776206031e-05,9.471106830890479e-05,9.977721556155013e-05,0.10563727387335417,0.023661865416707794
post_pandemic,spf,exact,pre_advance,A,16,2.29984381847442,1.9477812499999998,-0.3190812499999999,0.875,1.0,0.0,,,,0.9846512760868334,0.8933400972646167
post_pandemic,spf,exact,pre_second,S,16,2.2974969900687574,1.97720625,-0.35643125,0.875,1.0,0.0,,,,0.9809729541663526,0.8687396473248723
post_pandemic,spf,exact,pre_third,T,16,2.2876476293891943,2.016375,-0.45350000000000007,0.875,1.0,0.0,,,,0.9927075415502593,0.9535164686664147
post_pandemic,spf,pseudo,pre_advance,A,16,2.29984381847442,1.9477812499999998,-0.3190812499999999,0.875,1.0,0.0,,,,0.9846512760868334,0.8933400972646167
post_pandemic,spf,pseudo,pre_second,S,16,2.2974969900687574,1.97720625,-0.35643125,0.875,1.0,0.0,,,,0.9809729541663526,0.8687396473248723
post_pandemic,spf,pseudo,pre_third,T,16,2.2876476293891943,2.016375,-0.45350000000000007,0.875,1.0,0.0,,,,0.9927075415502593,0.9535164686664147
post_pandemic,standard_dfm,exact,pre_advance,A,16,2.729114334489641,1.782818146012234,0.24995279622914796,0.875,1.0,0.0,,,,1.1684384350171397,0.5809001998318719
post_pandemic,standard_dfm,exact,pre_second,S,16,2.7707290723628057,1.6692028501785905,0.44939663314051775,0.875,1.0,0.0,,,,1.1830310529499308,0.588878463457146
post_pandemic,standard_dfm,exact,pre_third,T,16,2.7047462116601566,1.6600295660431437,0.4213140241757016,0.875,1.0,0.0,,,,1.1737043449350792,0.594603943643502
post_pandemic,standard_dfm,pseudo,pre_advance,A,16,2.727881934667044,1.7524044299423363,0.3113159987254962,0.875,1.0,0.0,,,,1.1679107974235687,0.5853600069197233
post_pandemic,standard_dfm,pseudo,pre_second,S,16,2.7680040824987104,1.661456151740191,0.47632713330080695,0.875,1.0,0.0,,,,1.181867551379043,0.5912938451208092
post_pandemic,standard_dfm,pseudo,pre_third,T,16,2.692879684487837,1.6419366482170534,0.42884516368159575,0.875,1.0,0.0,,,,1.1685549544150375,0.6024308157251832
