model_id,timing_mode,checkpoint_id,revision_target_id,n_forecasts,RMSE,MAE,bias,relative_RMSFE,DM_test,sign_accuracy,convergence_rate,mean_iterations,mean_llf_relative_last_improvement,median_llf_relative_last_improvement,max_llf_relative_last_improvement,mean_numerical_guard_event_count,max_numerical_guard_event_count
ar,exact,pre_advance,DELTA_SA,12,0.2677032186437722,0.23100214519915815,0.05739800209275688,1.0,1.0,0.5833333333333334,1.0,0.0,,,,0.0,0.0
bridge,exact,pre_advance,DELTA_SA,12,0.31969829626044594,0.2778985376898982,0.06771288778340627,1.194226568810376,0.12956300160164538,0.5833333333333334,1.0,0.0,,,,0.0,0.0
indicator_revision_only_dfm_kalman_em,exact,pre_advance,DELTA_SA,12,0.2421589698249203,0.20819999999999997,-0.028850000000000004,0.9045799712522575,0.2698071321429216,0.0,0.5,44.583333333333336,0.0002915750963900525,0.0001376965964917943,0.0012941329241129404,0.0,0.0
joint_indicator_revision_dfm_full_kalman_em,exact,pre_advance,DELTA_SA,12,0.3980000050289998,0.3216933275778206,0.05780781452933861,1.486721030271254,0.09958111160662968,0.5,0.6666666666666666,44.416666666666664,0.00015173794694824493,9.259887339641748e-05,0.00043090555403137214,0.0,0.0
midas_umidas,exact,pre_advance,DELTA_SA,12,1.0115523653580298,0.7181568402672717,0.4929875027885932,3.778633557275544,0.04508881682632538,0.5833333333333334,1.0,0.0,,,,0.0,0.0
monthly_mixed_frequency_kalman_em,exact,pre_advance,DELTA_SA,12,0.23855847385950188,0.19305281666827956,0.08142928250021124,0.8911303908413117,0.03304846206390108,0.5833333333333334,1.0,28.583333333333332,9.431670360387908e-05,9.448204234813743e-05,9.992598888191642e-05,0.0,0.0
no_revision,exact,pre_advance,DELTA_SA,12,0.2421589698249203,0.20819999999999997,-0.028850000000000004,0.9045799712522575,0.2698071321429216,0.0,1.0,0.0,,,,0.0,0.0
release_dfm,exact,pre_advance,DELTA_SA,12,0.24998100273468318,0.20760163905893583,0.06649321131779484,0.9337990181856137,0.033712918041114544,0.5833333333333334,1.0,0.0,,,,0.0,0.0
revision_dfm_kalman_em,exact,pre_advance,DELTA_SA,12,0.21821184331008733,0.16005255077558903,0.10653336553593003,0.815125960814307,0.06799421646851092,0.6666666666666666,1.0,27.75,9.237880292315205e-05,9.23093543147901e-05,9.810417226281796e-05,0.0,0.0
standard_dfm,exact,pre_advance,DELTA_SA,12,0.24998100273468318,0.20760163905893583,0.06649321131779484,0.9337990181856137,0.033712918041114544,0.5833333333333334,1.0,0.0,,,,0.0,0.0
ar,exact,pre_second,DELTA_TS,12,0.25195965646734203,0.1848646173354902,-0.03766895112997195,1.0,1.0,0.6666666666666666,1.0,0.0,,,,0.0,0.0
bridge,exact,pre_second,DELTA_TS,12,0.3561542174133306,0.27193332453890706,0.05046610257952017,1.4135366844314372,0.10929601334690019,0.5833333333333334,1.0,0.0,,,,0.0,0.0
indicator_revision_only_dfm_kalman_em,exact,pre_second,DELTA_TS,12,0.26819747854892295,0.18639166666666665,-0.10955833333333337,1.064446119308333,0.380038266158234,0.0,0.5,45.333333333333336,0.00021660265432918812,0.0001283480363794742,0.0005788257827337944,0.0,0.0
joint_indicator_revision_dfm_full_kalman_em,exact,pre_second,DELTA_TS,12,0.2708388208716252,0.1881353064065704,-0.10693158004331162,1.0749293147521426,0.3371188154622825,0.5833333333333334,0.5,46.666666666666664,0.00017612699287054964,0.00011524589140053142,0.0004641107903586372,0.0,0.0
midas_umidas,exact,pre_second,DELTA_TS,12,0.5678132845203745,0.4333814971073701,0.0072989357337582455,2.2535881040700345,0.02322707706373976,0.5833333333333334,1.0,0.0,,,,0.0,0.0
monthly_mixed_frequency_kalman_em,exact,pre_second,DELTA_TS,12,0.25870229625843494,0.19594307412086662,-0.047348273167355535,1.026760791333143,0.37637171990273577,0.6666666666666666,1.0,28.583333333333332,9.37581198711988e-05,9.344417099474332e-05,9.848143660208904e-05,0.0,0.0
no_revision,exact,pre_second,DELTA_TS,12,0.26819747854892295,0.18639166666666665,-0.10955833333333337,1.064446119308333,0.380038266158234,0.0,1.0,0.0,,,,0.0,0.0
release_dfm,exact,pre_second,DELTA_TS,12,0.2535413779557457,0.17807260522923526,-0.06237445461518836,1.0062776775876765,0.7733281819494218,0.6666666666666666,1.0,0.0,,,,0.0,0.0
revision_dfm_kalman_em,exact,pre_second,DELTA_TS,12,0.2673793564547344,0.18463888041210355,-0.10630579747599105,1.061199083232561,0.3857335971206502,0.6666666666666666,1.0,27.333333333333332,9.224267505133494e-05,9.222104009953332e-05,9.797803220487421e-05,0.0,0.0
standard_dfm,exact,pre_second,DELTA_TS,12,0.25053108680786884,0.1827167930044863,-0.04189336871093959,0.9943301650768112,0.5776575310770069,0.6666666666666666,1.0,0.0,,,,0.0,0.0
ar,exact,pre_third,DELTA_MT,12,3.932973087544104,1.7813117148934505,-1.187940989204239,1.0,1.0,0.4166666666666667,1.0,0.0,,,,0.0,0.0
bridge,exact,pre_third,DELTA_MT,12,1.1076213627732276,0.810840186646312,0.22040402554356783,0.2816244449475417,0.3176521810021823,0.5833333333333334,1.0,0.0,,,,0.0,0.0
indicator_revision_only_dfm_kalman_em,exact,pre_third,DELTA_MT,12,0.5869673912010218,0.4937166666666668,-0.21763333333333337,0.14924266658726268,0.2852918527964827,0.0,0.5833333333333334,41.416666666666664,0.0002050790008448844,9.921030111502684e-05,0.0006550403507292018,0.0,0.0
joint_indicator_revision_dfm_full_kalman_em,exact,pre_third,DELTA_MT,12,0.5878615851900114,0.4949132047806932,-0.21681306284583737,0.14947002486536062,0.285323208849149,0.4166666666666667,0.75,42.166666666666664,0.0001496865989840712,9.414876263966847e-05,0.0004681882521837303,0.0,0.0
midas_umidas,exact,pre_third,DELTA_MT,12,4.210275087448997,3.4960652729830035,-0.3470831850952448,1.0705069660362336,0.8916779046585566,0.25,1.0,0.0,,,,0.0,0.0
monthly_mixed_frequency_kalman_em,exact,pre_third,DELTA_MT,12,0.5785632400630882,0.501739964123204,-0.1828488643045474,0.14710582228376368,0.28489797670046196,0.5,1.0,28.416666666666668,9.410643926920017e-05,9.384653832010424e-05,9.999501178685107e-05,0.0,0.0
no_revision,exact,pre_third,DELTA_MT,12,0.5869673912010218,0.4937166666666668,-0.21763333333333337,0.14924266658726268,0.2852918527964827,0.0,1.0,0.0,,,,0.0,0.0
release_dfm,exact,pre_third,DELTA_MT,12,0.5717071089460181,0.4089228909659857,0.1953814718235556,0.14536257844139316,0.28545390228057593,0.75,1.0,0.0,,,,0.0,0.0
revision_dfm_kalman_em,exact,pre_third,DELTA_MT,12,0.5874039102556481,0.4949462478279984,-0.21633020787767276,0.14935365617323487,0.28530192797216325,0.5833333333333334,1.0,27.416666666666668,9.279909197277708e-05,9.29212481718382e-05,9.95639159074225e-05,0.0,0.0
standard_dfm,exact,pre_third,DELTA_MT,12,0.8763988277786433,0.6787905465327362,-0.05878767995697598,0.22283367017034425,0.3011245260710658,0.5,1.0,0.0,,,,0.0,0.0
ar,pseudo,pre_advance,DELTA_SA,12,0.2677032186437722,0.23100214519915815,0.05739800209275688,1.0,1.0,0.5833333333333334,1.0,0.0,,,,0.0,0.0
bridge,pseudo,pre_advance,DELTA_SA,12,0.3268941685998097,0.2832070708516317,0.06982437638899712,1.2211066055010784,0.12120772972142614,0.5833333333333334,1.0,0.0,,,,0.0,0.0
indicator_revision_only_dfm_kalman_em,pseudo,pre_advance,DELTA_SA,12,0.2421589698249203,0.20819999999999997,-0.028850000000000004,0.9045799712522575,0.2698071321429216,0.0,0.5833333333333334,44.083333333333336,0.0001788174646150765,9.825504565552057e-05,0.0004394967622963113,0.0,0.0
joint_indicator_revision_dfm_full_kalman_em,pseudo,pre_advance,DELTA_SA,12,0.40168640406793993,0.32391171976728445,0.06375715391113823,1.5004914998891241,0.09695116009164098,0.5,0.6666666666666666,44.583333333333336,0.00014245865485747105,9.650257369220512e-05,0.00040129950011171027,0.0,0.0
midas_umidas,pseudo,pre_advance,DELTA_SA,12,1.0310813767240443,0.7019709380532945,0.45374662817031314,3.8515837872539196,0.06393419483639952,0.5833333333333334,1.0,0.0,,,,0.0,0.0
monthly_mixed_frequency_kalman_em,pseudo,pre_advance,DELTA_SA,12,0.23874523451214996,0.1930353522425768,0.08137860810919299,0.8918280315106852,0.035079299933224305,0.5833333333333334,1.0,28.583333333333332,9.438332366821335e-05,9.464055731008136e-05,9.994961427105885e-05,0.0,0.0
no_revision,pseudo,pre_advance,DELTA_SA,12,0.2421589698249203,0.20819999999999997,-0.028850000000000004,0.9045799712522575,0.2698071321429216,0.0,1.0,0.0,,,,0.0,0.0
release_dfm,pseudo,pre_advance,DELTA_SA,12,0.2499958206649264,0.2076195428472318,0.06651086090413455,0.933854370266617,0.033912846767187234,0.5833333333333334,1.0,0.0,,,,0.0,0.0
revision_dfm_kalman_em,pseudo,pre_advance,DELTA_SA,12,0.2183276910674484,0.16009035582083306,0.10665737802982682,0.8155587077866743,0.06901603560936583,0.6666666666666666,1.0,27.75,9.250149441553778e-05,9.230397586688592e-05,9.810677046783878e-05,0.0,0.0
standard_dfm,pseudo,pre_advance,DELTA_SA,12,0.2499958206649264,0.2076195428472318,0.06651086090413455,0.933854370266617,0.033912846767187234,0.5833333333333334,1.0,0.0,,,,0.0,0.0
ar,pseudo,pre_second,DELTA_TS,12,0.25195965646734203,0.1848646173354902,-0.03766895112997195,1.0,1.0,0.6666666666666666,1.0,0.0,,,,0.0,0.0
bridge,pseudo,pre_second,DELTA_TS,12,0.36194018833266556,0.2762217995411756,0.048367683053749576,1.4365005628572873,0.0871615726826451,0.5,1.0,0.0,,,,0.0,0.0
indicator_revision_only_dfm_kalman_em,pseudo,pre_second,DELTA_TS,12,0.26819747854892295,0.18639166666666665,-0.10955833333333337,1.064446119308333,0.380038266158234,0.0,0.5,45.333333333333336,0.00021838594588948827,0.00012854219745057856,0.0005973184601490302,0.0,0.0
joint_indicator_revision_dfm_full_kalman_em,pseudo,pre_second,DELTA_TS,12,0.2708902696979795,0.18820312400299488,-0.10690593254121396,1.0751335094517054,0.33627692536032466,0.5833333333333334,0.5833333333333334,46.666666666666664,0.00017067675226733957,9.310908597748629e-05,0.000468695084013697,0.0,0.0
midas_umidas,pseudo,pre_second,DELTA_TS,12,0.5772594121427352,0.4437511658083622,0.014854670560084474,2.291078739494778,0.0207803164407266,0.5,1.0,0.0,,,,0.0,0.0
monthly_mixed_frequency_kalman_em,pseudo,pre_second,DELTA_TS,12,0.2587148110256348,0.19595504419870036,-0.04734393197776534,1.02681046105954,0.37538085718969144,0.6666666666666666,1.0,28.583333333333332,9.372632370715985e-05,9.333545536690685e-05,9.827650753848645e-05,0.0,0.0
no_revision,pseudo,pre_second,DELTA_TS,12,0.26819747854892295,0.18639166666666665,-0.10955833333333337,1.064446119308333,0.380038266158234,0.0,1.0,0.0,,,,0.0,0.0
release_dfm,pseudo,pre_second,DELTA_TS,12,0.25348556972404485,0.17801947499917284,-0.062376476740724274,1.0060561808906126,0.7806122941207081,0.6666666666666666,1.0,0.0,,,,0.0,0.0
revision_dfm_kalman_em,pseudo,pre_second,DELTA_TS,12,0.26741161566217003,0.18466851861898767,-0.10631705833233507,1.0613271164577525,0.38531548226889667,0.6666666666666666,1.0,27.333333333333332,9.22450110568597e-05,9.226780272378057e-05,9.797779605590041e-05,0.0,0.0
standard_dfm,pseudo,pre_second,DELTA_TS,12,0.25061570983350234,0.18278787560796325,-0.04191665636058173,0.9946660245029589,0.5985350114964143,0.6666666666666666,1.0,0.0,,,,0.0,0.0
ar,pseudo,pre_third,DELTA_MT,12,3.932973087544104,1.7813117148934505,-1.187940989204239,1.0,1.0,0.4166666666666667,1.0,0.0,,,,0.0,0.0
bridge,pseudo,pre_third,DELTA_MT,12,1.1043136490451386,0.7960913427605586,0.23746657525160123,0.2807834237520078,0.31731392082392906,0.5,1.0,0.0,,,,0.0,0.0
indicator_revision_only_dfm_kalman_em,pseudo,pre_third,DELTA_MT,12,0.5869673912010218,0.4937166666666668,-0.21763333333333337,0.14924266658726268,0.2852918527964827,0.0,0.5833333333333334,41.5,0.00020320981995690452,9.650332138541194e-05,0.0006546745726798688,0.0,0.0
joint_indicator_revision_dfm_full_kalman_em,pseudo,pre_third,DELTA_MT,12,0.5878459620358883,0.4948940886147839,-0.216789966495435,0.14946605251320483,0.285323333812573,0.4166666666666667,0.75,42.333333333333336,0.00014783893268289342,9.415719554634081e-05,0.00046828818972867247,0.0,0.0
midas_umidas,pseudo,pre_third,DELTA_MT,12,4.2094849521279505,3.5206111054209823,-0.22405202204825203,1.070306065774915,0.8917589789756226,0.25,1.0,0.0,,,,0.0,0.0
monthly_mixed_frequency_kalman_em,pseudo,pre_third,DELTA_MT,12,0.5784598744747702,0.5015474949789395,-0.18329647672848673,0.1470795404898085,0.28489288748713254,0.5,1.0,28.583333333333332,9.28181234038416e-05,9.220903281051679e-05,9.732688187162677e-05,0.0,0.0
no_revision,pseudo,pre_third,DELTA_MT,12,0.5869673912010218,0.4937166666666668,-0.21763333333333337,0.14924266658726268,0.2852918527964827,0.0,1.0,0.0,,,,0.0,0.0
release_dfm,pseudo,pre_third,DELTA_MT,12,0.5699932175570538,0.40764051620817493,0.1964854263930126,0.14492680343078038,0.2853873905221377,0.75,1.0,0.0,,,,0.0,0.0
revision_dfm_kalman_em,pseudo,pre_third,DELTA_MT,12,0.5873946481232009,0.49493619314715037,-0.21633552245101792,0.14935130117811005,0.28530167060567824,0.5833333333333334,1.0,27.416666666666668,9.314315942296663e-05,9.293223502268726e-05,9.956250512836063e-05,0.0,0.0
standard_dfm,pseudo,pre_third,DELTA_MT,12,0.8714588189457128,0.6763859085236993,-0.05681738658424473,0.2215776206823435,0.3008067814974284,0.5,1.0,0.0,,,,0.0,0.0
