timing_mode,checkpoint_id,outcome_id,baseline_model,model_id,n_obs,bootstrap_reps,block_length,rmse_diff_baseline_minus_model,rmse_diff_ci_low_95,rmse_diff_ci_high_95,mae_diff_baseline_minus_model,mae_diff_ci_low_95,mae_diff_ci_high_95,positive_diff_interpretation
exact,pre_advance,DELTA_SA,ar,bridge,79,1000,4,-0.0401533382126239,-0.1270913921756801,0.03697733618477649,-0.029864524649330926,-0.0664449943040347,0.003804323449523935,baseline_has_higher_error_than_model
exact,pre_advance,DELTA_SA,ar,indicator_revision_only_dfm_kalman_em,79,1000,4,0.10847939712025434,0.006742221459775483,0.24198274231709485,0.06854692808634405,-0.00824511829493913,0.16216159020815799,baseline_has_higher_error_than_model
exact,pre_advance,DELTA_SA,ar,joint_indicator_revision_dfm_full_kalman_em,79,1000,4,0.0726908751177131,-0.05916746115441981,0.19221716371088354,0.023359888140113083,-0.0452454168783158,0.10423199580812544,baseline_has_higher_error_than_model
exact,pre_advance,DELTA_SA,ar,midas_umidas,79,1000,4,-13.188525346704797,-18.15494220088268,-8.054083242145303,-7.462844595794316,-10.625060893144159,-4.649469689682501,baseline_has_higher_error_than_model
exact,pre_advance,DELTA_SA,ar,monthly_mixed_frequency_kalman_em,79,1000,4,0.10924191276655615,0.011330578694163715,0.20732994267227714,0.06419652867496467,-0.00158297715987843,0.14462611584712984,baseline_has_higher_error_than_model
exact,pre_advance,DELTA_SA,ar,no_revision,79,1000,4,0.10847939712025434,0.007661440095942266,0.22392648391269482,0.06854692808634405,-0.011351978365359163,0.15722900142149457,baseline_has_higher_error_than_model
exact,pre_advance,DELTA_SA,ar,release_dfm,79,1000,4,0.036495431052499194,-0.06262728314006576,0.13552721279202226,0.040720576490909266,-0.013133695322786227,0.11427719560758685,baseline_has_higher_error_than_model
exact,pre_advance,DELTA_SA,ar,revision_dfm_kalman_em,79,1000,4,0.052570384813732995,-0.05543245405725108,0.15742985869949033,0.030125390927902618,-0.02715841727455361,0.09884557918922178,baseline_has_higher_error_than_model
exact,pre_advance,DELTA_SA,ar,spf,79,1000,4,0.10847939712025434,0.008605628764519861,0.2412672158349489,0.06854692808634405,-0.008299995978859524,0.164237080553788,baseline_has_higher_error_than_model
exact,pre_advance,DELTA_SA,ar,standard_dfm,79,1000,4,0.036495431052499194,-0.06987996560116538,0.12803846129577295,0.040720576490909266,-0.01620714981504562,0.10621739426255752,baseline_has_higher_error_than_model
exact,pre_advance,DELTA_SA,no_revision,ar,79,1000,4,-0.10847939712025434,-0.2507096665578636,-0.007204611655115166,-0.06854692808634405,-0.16353613584959004,0.009965523888285859,baseline_has_higher_error_than_model
exact,pre_advance,DELTA_SA,no_revision,bridge,79,1000,4,-0.14863273533287824,-0.3155371388879267,-0.01501289237307736,-0.09841145273567498,-0.21265721942584573,-0.013252616265228884,baseline_has_higher_error_than_model
exact,pre_advance,DELTA_SA,no_revision,indicator_revision_only_dfm_kalman_em,79,1000,4,0.0,0.0,0.0,0.0,0.0,0.0,baseline_has_higher_error_than_model
exact,pre_advance,DELTA_SA,no_revision,joint_indicator_revision_dfm_full_kalman_em,79,1000,4,-0.035788522002541234,-0.14384597794095602,0.05569855957253043,-0.04518703994623097,-0.12085332364826434,0.027715607476975528,baseline_has_higher_error_than_model
exact,pre_advance,DELTA_SA,no_revision,midas_umidas,79,1000,4,-13.29700474382505,-18.522886979465856,-7.964502515266492,-7.53139152388066,-11.087385367682028,-4.603142560998852,baseline_has_higher_error_than_model
exact,pre_advance,DELTA_SA,no_revision,monthly_mixed_frequency_kalman_em,79,1000,4,0.000762515646301809,-0.05564082256758525,0.04911632454366419,-0.00435039941137938,-0.0556050399592717,0.040204164453287485,baseline_has_higher_error_than_model
exact,pre_advance,DELTA_SA,no_revision,release_dfm,79,1000,4,-0.07198396606775515,-0.19193122671712276,0.025045121254551328,-0.027826351595434784,-0.08127076739048107,0.019084286982874874,baseline_has_higher_error_than_model
exact,pre_advance,DELTA_SA,no_revision,revision_dfm_kalman_em,79,1000,4,-0.055909012306521344,-0.16187530516804766,0.03466147074364934,-0.03842153715844143,-0.10524816169636249,0.02324713764459721,baseline_has_higher_error_than_model
exact,pre_advance,DELTA_SA,no_revision,spf,79,1000,4,0.0,0.0,0.0,0.0,0.0,0.0,baseline_has_higher_error_than_model
exact,pre_advance,DELTA_SA,no_revision,standard_dfm,79,1000,4,-0.07198396606775515,-0.20199294883683713,0.020407804661869977,-0.027826351595434784,-0.09107485003447005,0.01899694947548591,baseline_has_higher_error_than_model
exact,pre_advance,DELTA_SA,bridge,ar,79,1000,4,0.0401533382126239,-0.031847954806734455,0.12423496541357452,0.029864524649330926,-0.0042127365041361945,0.06907974491488733,baseline_has_higher_error_than_model
exact,pre_advance,DELTA_SA,bridge,indicator_revision_only_dfm_kalman_em,79,1000,4,0.14863273533287824,0.012522262684874825,0.3188144234177584,0.09841145273567498,0.012200635961985836,0.22122769381418184,baseline_has_higher_error_than_model
exact,pre_advance,DELTA_SA,bridge,joint_indicator_revision_dfm_full_kalman_em,79,1000,4,0.112844213330337,-0.032821361451212026,0.23977889088384688,0.05322441278944401,-0.024035716616492887,0.13835724475387506,baseline_has_higher_error_than_model
exact,pre_advance,DELTA_SA,bridge,midas_umidas,79,1000,4,-13.148372008492172,-17.704613706019206,-7.89965784322489,-7.432980071144986,-10.470125749712809,-4.533704159829906,baseline_has_higher_error_than_model
exact,pre_advance,DELTA_SA,bridge,monthly_mixed_frequency_kalman_em,79,1000,4,0.14939525097918005,0.0206991014720722,0.27377713304652695,0.0940610533242956,0.02329445508584309,0.1859680943711086,baseline_has_higher_error_than_model
exact,pre_advance,DELTA_SA,bridge,no_revision,79,1000,4,0.14863273533287824,0.005351879956770088,0.3117966428042593,0.09841145273567498,0.00793040780441771,0.21192173316469606,baseline_has_higher_error_than_model
exact,pre_advance,DELTA_SA,bridge,release_dfm,79,1000,4,0.0766487692651231,-0.008648230465846193,0.16659164385503708,0.07058510114024019,0.017932462228032006,0.1394586523852045,baseline_has_higher_error_than_model
exact,pre_advance,DELTA_SA,bridge,revision_dfm_kalman_em,79,1000,4,0.0927237230263569,-0.016020811503271552,0.20187920748836374,0.059989915577233544,-0.00041162843967232235,0.13201828358952575,baseline_has_higher_error_than_model
exact,pre_advance,DELTA_SA,bridge,spf,79,1000,4,0.14863273533287824,0.008383686735858103,0.31597550820093,0.09841145273567498,0.009771577448219373,0.211358423396172,baseline_has_higher_error_than_model
exact,pre_advance,DELTA_SA,bridge,standard_dfm,79,1000,4,0.0766487692651231,-0.013872432360038435,0.15868071537198716,0.07058510114024019,0.015566115341604304,0.1349672218544532,baseline_has_higher_error_than_model
exact,pre_advance,DELTA_SA,midas_umidas,ar,79,1000,4,13.188525346704797,7.816403871392915,18.200448956516222,7.462844595794316,4.4783627088542035,10.954317692391573,baseline_has_higher_error_than_model
exact,pre_advance,DELTA_SA,midas_umidas,bridge,79,1000,4,13.148372008492172,8.142952585750924,18.1637311158837,7.432980071144986,4.570241196826136,10.757899726308363,baseline_has_higher_error_than_model
exact,pre_advance,DELTA_SA,midas_umidas,indicator_revision_only_dfm_kalman_em,79,1000,4,13.29700474382505,8.00287335754997,18.361264215174085,7.53139152388066,4.615096641055114,10.853252133148874,baseline_has_higher_error_than_model
exact,pre_advance,DELTA_SA,midas_umidas,joint_indicator_revision_dfm_full_kalman_em,79,1000,4,13.26121622182251,7.722274643536922,18.019207747368423,7.486204483934429,4.434603799368078,10.579049695441968,baseline_has_higher_error_than_model
exact,pre_advance,DELTA_SA,midas_umidas,monthly_mixed_frequency_kalman_em,79,1000,4,13.297767259471351,7.87230761783321,18.50442520435911,7.527041124469281,4.4234542370294765,10.834307294919427,baseline_has_higher_error_than_model
exact,pre_advance,DELTA_SA,midas_umidas,no_revision,79,1000,4,13.29700474382505,7.974317250789742,18.323734619764732,7.53139152388066,4.6545110248784525,10.916056887117534,baseline_has_higher_error_than_model
exact,pre_advance,DELTA_SA,midas_umidas,release_dfm,79,1000,4,13.225020777757296,8.053256310178272,18.1029900023527,7.503565172285225,4.746816153586021,10.728962762195527,baseline_has_higher_error_than_model
exact,pre_advance,DELTA_SA,midas_umidas,revision_dfm_kalman_em,79,1000,4,13.241095731518529,8.038780863976696,18.277134830056568,7.492969986722219,4.672170897778534,10.800414366356138,baseline_has_higher_error_than_model
exact,pre_advance,DELTA_SA,midas_umidas,spf,79,1000,4,13.29700474382505,7.758531405722506,18.557460786372317,7.53139152388066,4.4195354458292355,10.850421619854389,baseline_has_higher_error_than_model
exact,pre_advance,DELTA_SA,midas_umidas,standard_dfm,79,1000,4,13.225020777757296,8.24057752078411,18.21642684468127,7.503565172285225,4.6455428123100155,10.729726099166786,baseline_has_higher_error_than_model
exact,pre_advance,DELTA_SA,spf,ar,79,1000,4,-0.10847939712025434,-0.24071498180613712,-0.007306650777255759,-0.06854692808634405,-0.16513911013747976,0.010091524423808637,baseline_has_higher_error_than_model
exact,pre_advance,DELTA_SA,spf,bridge,79,1000,4,-0.14863273533287824,-0.31611562633088813,-0.013893231914482424,-0.09841145273567498,-0.2076416365786949,-0.011924637422473017,baseline_has_higher_error_than_model
exact,pre_advance,DELTA_SA,spf,indicator_revision_only_dfm_kalman_em,79,1000,4,0.0,0.0,0.0,0.0,0.0,0.0,baseline_has_higher_error_than_model
exact,pre_advance,DELTA_SA,spf,joint_indicator_revision_dfm_full_kalman_em,79,1000,4,-0.035788522002541234,-0.13699148668085703,0.0546829979422986,-0.04518703994623097,-0.11266001743348314,0.019040286009895175,baseline_has_higher_error_than_model
exact,pre_advance,DELTA_SA,spf,midas_umidas,79,1000,4,-13.29700474382505,-18.01338225531364,-7.858865237754391,-7.53139152388066,-10.607610615746658,-4.523136040998424,baseline_has_higher_error_than_model
exact,pre_advance,DELTA_SA,spf,monthly_mixed_frequency_kalman_em,79,1000,4,0.000762515646301809,-0.060177376240272605,0.049629951412858836,-0.00435039941137938,-0.05882567176947822,0.0405132100300226,baseline_has_higher_error_than_model
exact,pre_advance,DELTA_SA,spf,no_revision,79,1000,4,0.0,0.0,0.0,0.0,0.0,0.0,baseline_has_higher_error_than_model
exact,pre_advance,DELTA_SA,spf,release_dfm,79,1000,4,-0.07198396606775515,-0.20310612515107646,0.021424874064501782,-0.027826351595434784,-0.08731191540942022,0.019818659793985706,baseline_has_higher_error_than_model
exact,pre_advance,DELTA_SA,spf,revision_dfm_kalman_em,79,1000,4,-0.055909012306521344,-0.16386239044808734,0.04001308266237755,-0.03842153715844143,-0.10862295111848584,0.02170155957075625,baseline_has_higher_error_than_model
exact,pre_advance,DELTA_SA,spf,standard_dfm,79,1000,4,-0.07198396606775515,-0.19701592785996705,0.023370856398648044,-0.027826351595434784,-0.08430665458578929,0.022518111216903915,baseline_has_higher_error_than_model
exact,pre_advance,DELTA_SA,standard_dfm,ar,79,1000,4,-0.036495431052499194,-0.13588474603101006,0.07134038174873876,-0.040720576490909266,-0.10091590173453706,0.008220619082230556,baseline_has_higher_error_than_model
exact,pre_advance,DELTA_SA,standard_dfm,bridge,79,1000,4,-0.0766487692651231,-0.16350078651939792,0.009464417908971654,-0.07058510114024019,-0.13948065142978183,-0.015757802197447816,baseline_has_higher_error_than_model
exact,pre_advance,DELTA_SA,standard_dfm,indicator_revision_only_dfm_kalman_em,79,1000,4,0.07198396606775515,-0.020512128473637252,0.19833147932376186,0.027826351595434784,-0.01688188107195485,0.08793573670166036,baseline_has_higher_error_than_model
exact,pre_advance,DELTA_SA,standard_dfm,joint_indicator_revision_dfm_full_kalman_em,79,1000,4,0.03619544406521391,-0.06698483858463655,0.13747511706259108,-0.017360688350796183,-0.07041922263117083,0.04225349332145795,baseline_has_higher_error_than_model
exact,pre_advance,DELTA_SA,standard_dfm,midas_umidas,79,1000,4,-13.225020777757296,-18.210165976341486,-7.7507183531399875,-7.503565172285225,-10.857845013386036,-4.516091199812477,baseline_has_higher_error_than_model
exact,pre_advance,DELTA_SA,standard_dfm,monthly_mixed_frequency_kalman_em,79,1000,4,0.07274648171405695,-0.018738796150694376,0.17108165976611525,0.023475952184055404,-0.026169679920847497,0.07916303713963133,baseline_has_higher_error_than_model
exact,pre_advance,DELTA_SA,standard_dfm,no_revision,79,1000,4,0.07198396606775515,-0.021600946681545163,0.2031318085572109,0.027826351595434784,-0.019375116054018003,0.08375155319107924,baseline_has_higher_error_than_model
exact,pre_advance,DELTA_SA,standard_dfm,release_dfm,79,1000,4,0.0,0.0,0.0,0.0,0.0,0.0,baseline_has_higher_error_than_model
exact,pre_advance,DELTA_SA,standard_dfm,revision_dfm_kalman_em,79,1000,4,0.0160749537612338,-0.04855125616172356,0.07325318727591283,-0.010595185563006648,-0.04939688479183729,0.031082575543328553,baseline_has_higher_error_than_model
exact,pre_advance,DELTA_SA,standard_dfm,spf,79,1000,4,0.07198396606775515,-0.0204199424361926,0.19303359594657593,0.027826351595434784,-0.018414226749036852,0.08243152999596497,baseline_has_higher_error_than_model
exact,pre_advance,DELTA_SA,release_dfm,ar,79,1000,4,-0.036495431052499194,-0.14583977342818244,0.05821172413960745,-0.040720576490909266,-0.11308907465438477,0.011964214377005986,baseline_has_higher_error_than_model
exact,pre_advance,DELTA_SA,release_dfm,bridge,79,1000,4,-0.0766487692651231,-0.1624891951820942,0.006241191423313112,-0.07058510114024019,-0.1378795829448351,-0.015325766915020632,baseline_has_higher_error_than_model
exact,pre_advance,DELTA_SA,release_dfm,indicator_revision_only_dfm_kalman_em,79,1000,4,0.07198396606775515,-0.024842867880883728,0.19409409837714406,0.027826351595434784,-0.02125963873558173,0.08516851471444688,baseline_has_higher_error_than_model
exact,pre_advance,DELTA_SA,release_dfm,joint_indicator_revision_dfm_full_kalman_em,79,1000,4,0.03619544406521391,-0.06802171379054986,0.13703407581419275,-0.017360688350796183,-0.07610019065092191,0.04158202201418151,baseline_has_higher_error_than_model
exact,pre_advance,DELTA_SA,release_dfm,midas_umidas,79,1000,4,-13.225020777757296,-18.137186462527733,-8.167403686445692,-7.503565172285225,-10.637643412052139,-4.555636420397119,baseline_has_higher_error_than_model
exact,pre_advance,DELTA_SA,release_dfm,monthly_mixed_frequency_kalman_em,79,1000,4,0.07274648171405695,-0.017695423117280368,0.1763287732280373,0.023475952184055404,-0.023285918462076814,0.0834902253866297,baseline_has_higher_error_than_model
exact,pre_advance,DELTA_SA,release_dfm,no_revision,79,1000,4,0.07198396606775515,-0.024426880199475937,0.19196835030451137,0.027826351595434784,-0.020488564604058804,0.08550709842736817,baseline_has_higher_error_than_model
exact,pre_advance,DELTA_SA,release_dfm,revision_dfm_kalman_em,79,1000,4,0.0160749537612338,-0.04651087831820367,0.07403775934865638,-0.010595185563006648,-0.051708956027900675,0.03058559160070448,baseline_has_higher_error_than_model
exact,pre_advance,DELTA_SA,release_dfm,spf,79,1000,4,0.07198396606775515,-0.019393254065679412,0.19658345836269808,0.027826351595434784,-0.018195105401149735,0.08226781373310263,baseline_has_higher_error_than_model
exact,pre_advance,DELTA_SA,release_dfm,standard_dfm,79,1000,4,0.0,0.0,0.0,0.0,0.0,0.0,baseline_has_higher_error_than_model
exact,pre_second,DELTA_TS,ar,bridge,79,1000,4,-0.08376298643302749,-0.1674105378014975,-0.028941749823739423,-0.09912474959465972,-0.16121869715387674,-0.04444304900164233,baseline_has_higher_error_than_model
exact,pre_second,DELTA_TS,ar,indicator_revision_only_dfm_kalman_em,79,1000,4,0.04653382669626521,0.005971276159516807,0.08177351738442495,0.02198490961778618,-0.011935804178683361,0.05845949606885849,baseline_has_higher_error_than_model
exact,pre_second,DELTA_TS,ar,joint_indicator_revision_dfm_full_kalman_em,79,1000,4,0.045966351492855884,0.003252833275380011,0.08216917194640998,0.021031749250015108,-0.013140044743905387,0.059237366263799204,baseline_has_higher_error_than_model
exact,pre_second,DELTA_TS,ar,midas_umidas,79,1000,4,-2.7161968193026316,-4.779849221944504,-0.6351996295181005,-0.9874308041698256,-1.9515326055323248,-0.4029968231728096,baseline_has_higher_error_than_model
exact,pre_second,DELTA_TS,ar,monthly_mixed_frequency_kalman_em,79,1000,4,0.02670673458531192,-0.040958483825567,0.07519049072867635,0.004693761469208191,-0.04014391230568478,0.05095976301677973,baseline_has_higher_error_than_model
exact,pre_second,DELTA_TS,ar,no_revision,79,1000,4,0.04653382669626521,0.004193439063276396,0.08189118963228804,0.02198490961778618,-0.01401226344278294,0.05924618212752309,baseline_has_higher_error_than_model
exact,pre_second,DELTA_TS,ar,release_dfm,79,1000,4,0.04412423708505425,0.006972989506255972,0.0798516100217495,0.017626728239774708,-0.016306416462332635,0.05774440138926253,baseline_has_higher_error_than_model
exact,pre_second,DELTA_TS,ar,revision_dfm_kalman_em,79,1000,4,0.046462931765250404,0.0034260544283959693,0.08103819300957445,0.021808702116786927,-0.013028854331240593,0.060262011676830804,baseline_has_higher_error_than_model
exact,pre_second,DELTA_TS,ar,spf,79,1000,4,0.04653382669626521,0.00605907977080427,0.08274644199323938,0.02198490961778618,-0.015621533046831768,0.05710306027439694,baseline_has_higher_error_than_model
exact,pre_second,DELTA_TS,ar,standard_dfm,79,1000,4,0.040778852687028244,0.0011038682209261424,0.07853886549434486,0.013467455556810531,-0.023524161088611845,0.056399852123475355,baseline_has_higher_error_than_model
exact,pre_second,DELTA_TS,no_revision,ar,79,1000,4,-0.04653382669626521,-0.07917687586947332,-0.005870595238979651,-0.02198490961778618,-0.05799282925944029,0.012149185309084171,baseline_has_higher_error_than_model
exact,pre_second,DELTA_TS,no_revision,bridge,79,1000,4,-0.1302968131292927,-0.20137136009914755,-0.07723273931640082,-0.1211096592124459,-0.18800877942525496,-0.05923909286489517,baseline_has_higher_error_than_model
exact,pre_second,DELTA_TS,no_revision,indicator_revision_only_dfm_kalman_em,79,1000,4,0.0,0.0,0.0,0.0,0.0,0.0,baseline_has_higher_error_than_model
exact,pre_second,DELTA_TS,no_revision,joint_indicator_revision_dfm_full_kalman_em,79,1000,4,-0.0005674752034093289,-0.003085991650545032,0.0010988463425360762,-0.000953160367771072,-0.0032555889456738034,0.0011158008785891866,baseline_has_higher_error_than_model
exact,pre_second,DELTA_TS,no_revision,midas_umidas,79,1000,4,-2.762730645998897,-4.749821600134462,-0.6590417019047027,-1.0094157137876119,-1.9189272762248746,-0.43438845216903754,baseline_has_higher_error_than_model
exact,pre_second,DELTA_TS,no_revision,monthly_mixed_frequency_kalman_em,79,1000,4,-0.019827092110953293,-0.0683701034083061,0.011091384464925056,-0.01729114814857799,-0.04925894349687195,0.00938880955530365,baseline_has_higher_error_than_model
exact,pre_second,DELTA_TS,no_revision,release_dfm,79,1000,4,-0.0024095896112109605,-0.013528032647813599,0.007820930368296257,-0.004358181378011472,-0.016370484082115912,0.007532133455985792,baseline_has_higher_error_than_model
exact,pre_second,DELTA_TS,no_revision,revision_dfm_kalman_em,79,1000,4,-7.089493101480882e-05,-0.002409547023637065,0.0014962392794189274,-0.00017620750099925364,-0.002170415616197707,0.0016812665951508935,baseline_has_higher_error_than_model
exact,pre_second,DELTA_TS,no_revision,spf,79,1000,4,0.0,0.0,0.0,0.0,0.0,0.0,baseline_has_higher_error_than_model
exact,pre_second,DELTA_TS,no_revision,standard_dfm,79,1000,4,-0.005754974009236968,-0.02368387295156865,0.010238962466433958,-0.008517454060975649,-0.027353747901153812,0.01019608763520427,baseline_has_higher_error_than_model
exact,pre_second,DELTA_TS,bridge,ar,79,1000,4,0.08376298643302749,0.027933895816262395,0.16756226618946268,0.09912474959465972,0.04449954781647335,0.16269824305714536,baseline_has_higher_error_than_model
exact,pre_second,DELTA_TS,bridge,indicator_revision_only_dfm_kalman_em,79,1000,4,0.1302968131292927,0.08082702106742366,0.19706220249490267,0.1211096592124459,0.0623415782433922,0.1818280234555236,baseline_has_higher_error_than_model
exact,pre_second,DELTA_TS,bridge,joint_indicator_revision_dfm_full_kalman_em,79,1000,4,0.12972933792588337,0.07307266986815404,0.19998482165133685,0.12015649884467483,0.06014170009678135,0.18865276883574356,baseline_has_higher_error_than_model
exact,pre_second,DELTA_TS,bridge,midas_umidas,79,1000,4,-2.632433832869604,-4.571584141194361,-0.5547577877082404,-0.888306054575166,-1.6961050960998476,-0.3389960012232279,baseline_has_higher_error_than_model
exact,pre_second,DELTA_TS,bridge,monthly_mixed_frequency_kalman_em,79,1000,4,0.1104697210183394,0.05378138049396455,0.17782886501092002,0.10381851106386791,0.04406108040189708,0.16727948527566722,baseline_has_higher_error_than_model
exact,pre_second,DELTA_TS,bridge,no_revision,79,1000,4,0.1302968131292927,0.07835122468547397,0.2048291112245619,0.1211096592124459,0.06274588285345811,0.188759606595436,baseline_has_higher_error_than_model
exact,pre_second,DELTA_TS,bridge,release_dfm,79,1000,4,0.12788722351808174,0.07962098275529006,0.19546805669026854,0.11675147783443443,0.06150436264530859,0.18148457493547396,baseline_has_higher_error_than_model
exact,pre_second,DELTA_TS,bridge,revision_dfm_kalman_em,79,1000,4,0.1302259181982779,0.07892416342007406,0.196013519837113,0.12093345171144665,0.060517035949254595,0.18607641629258218,baseline_has_higher_error_than_model
exact,pre_second,DELTA_TS,bridge,spf,79,1000,4,0.1302968131292927,0.0784758596258394,0.20416842825186846,0.1211096592124459,0.06066885385498469,0.18785786990945474,baseline_has_higher_error_than_model
exact,pre_second,DELTA_TS,bridge,standard_dfm,79,1000,4,0.12454183912005573,0.07538168758793325,0.1853194108653464,0.11259220515147025,0.05632647246146625,0.17432333865516622,baseline_has_higher_error_than_model
exact,pre_second,DELTA_TS,midas_umidas,ar,79,1000,4,2.7161968193026316,0.6167907639429702,4.880861344451015,0.9874308041698256,0.3942094190402778,1.974001103214738,baseline_has_higher_error_than_model
exact,pre_second,DELTA_TS,midas_umidas,bridge,79,1000,4,2.632433832869604,0.5252112656797687,4.902098444721357,0.888306054575166,0.3076852103680929,1.9123286165713798,baseline_has_higher_error_than_model
exact,pre_second,DELTA_TS,midas_umidas,indicator_revision_only_dfm_kalman_em,79,1000,4,2.762730645998897,0.6521125497856147,5.033609581800766,1.0094157137876119,0.41655922763249426,2.0212878537565953,baseline_has_higher_error_than_model
exact,pre_second,DELTA_TS,midas_umidas,joint_indicator_revision_dfm_full_kalman_em,79,1000,4,2.7621631707954877,0.6952708516347321,4.842014281364177,1.0084625534198408,0.43371417635142856,2.012667726247759,baseline_has_higher_error_than_model
exact,pre_second,DELTA_TS,midas_umidas,monthly_mixed_frequency_kalman_em,79,1000,4,2.7429035538879436,0.6675727132705638,4.760606152351824,0.9921245656390338,0.43268455962159463,1.8809971380876662,baseline_has_higher_error_than_model
exact,pre_second,DELTA_TS,midas_umidas,no_revision,79,1000,4,2.762730645998897,0.6409839806858422,4.761323758074808,1.0094157137876119,0.4142245894139796,1.909213598457264,baseline_has_higher_error_than_model
exact,pre_second,DELTA_TS,midas_umidas,release_dfm,79,1000,4,2.760321056387686,0.6723673379749644,4.81563473315576,1.0050575324096003,0.43390264732500855,1.9345424689670216,baseline_has_higher_error_than_model
exact,pre_second,DELTA_TS,midas_umidas,revision_dfm_kalman_em,79,1000,4,2.7626597510678823,0.663198193851844,4.791512100679876,1.0092395062866126,0.42349163147953767,1.9413306081757395,baseline_has_higher_error_than_model
exact,pre_second,DELTA_TS,midas_umidas,spf,79,1000,4,2.762730645998897,0.6610632507577396,4.824107088047353,1.0094157137876119,0.4192673867055446,1.9450117679013192,baseline_has_higher_error_than_model
exact,pre_second,DELTA_TS,midas_umidas,standard_dfm,79,1000,4,2.75697567198966,0.6463254941059084,4.78389038939051,1.0008982597266363,0.4332598108358931,1.9712929798895689,baseline_has_higher_error_than_model
exact,pre_second,DELTA_TS,spf,ar,79,1000,4,-0.04653382669626521,-0.08118255965752758,-0.0032150267209295914,-0.02198490961778618,-0.057816073991940976,0.01581047406068404,baseline_has_higher_error_than_model
exact,pre_second,DELTA_TS,spf,bridge,79,1000,4,-0.1302968131292927,-0.19516608590835818,-0.07375075213648181,-0.1211096592124459,-0.18623413386620874,-0.058472332325795996,baseline_has_higher_error_than_model
exact,pre_second,DELTA_TS,spf,indicator_revision_only_dfm_kalman_em,79,1000,4,0.0,0.0,0.0,0.0,0.0,0.0,baseline_has_higher_error_than_model
exact,pre_second,DELTA_TS,spf,joint_indicator_revision_dfm_full_kalman_em,79,1000,4,-0.0005674752034093289,-0.0030739200343041033,0.0010614917395389799,-0.000953160367771072,-0.0033705553046008267,0.001139662218830062,baseline_has_higher_error_than_model
exact,pre_second,DELTA_TS,spf,midas_umidas,79,1000,4,-2.762730645998897,-4.796525364123232,-0.6688875013532692,-1.0094157137876119,-1.8906266602457573,-0.4183424007524587,baseline_has_higher_error_than_model
exact,pre_second,DELTA_TS,spf,monthly_mixed_frequency_kalman_em,79,1000,4,-0.019827092110953293,-0.07108599395822232,0.010831451179744288,-0.01729114814857799,-0.049743867312612454,0.00871397319631647,baseline_has_higher_error_than_model
exact,pre_second,DELTA_TS,spf,no_revision,79,1000,4,0.0,0.0,0.0,0.0,0.0,0.0,baseline_has_higher_error_than_model
exact,pre_second,DELTA_TS,spf,release_dfm,79,1000,4,-0.0024095896112109605,-0.013701733330363942,0.007728947332154815,-0.004358181378011472,-0.016598136023734462,0.007338051941336694,baseline_has_higher_error_than_model
exact,pre_second,DELTA_TS,spf,revision_dfm_kalman_em,79,1000,4,-7.089493101480882e-05,-0.0024190665973103016,0.001511257464804385,-0.00017620750099925364,-0.002118732729675591,0.0015901055136358587,baseline_has_higher_error_than_model
exact,pre_second,DELTA_TS,spf,standard_dfm,79,1000,4,-0.005754974009236968,-0.023441233473655475,0.012020865525625587,-0.008517454060975649,-0.027439757263841496,0.010156359630633615,baseline_has_higher_error_than_model
exact,pre_second,DELTA_TS,standard_dfm,ar,79,1000,4,-0.040778852687028244,-0.0742696014003204,0.0005717650425708038,-0.013467455556810531,-0.05338386691304421,0.02142411927087655,baseline_has_higher_error_than_model
exact,pre_second,DELTA_TS,standard_dfm,bridge,79,1000,4,-0.12454183912005573,-0.18117890341789383,-0.07795099695335941,-0.11259220515147025,-0.1759331999945695,-0.0560965868934122,baseline_has_higher_error_than_model
exact,pre_second,DELTA_TS,standard_dfm,indicator_revision_only_dfm_kalman_em,79,1000,4,0.005754974009236968,-0.010781946573421557,0.02544390287924565,0.008517454060975649,-0.010324653974911925,0.027498207564667324,baseline_has_higher_error_than_model
exact,pre_second,DELTA_TS,standard_dfm,joint_indicator_revision_dfm_full_kalman_em,79,1000,4,0.0051874988058276394,-0.011159560647741793,0.022232124715926525,0.007564293693204577,-0.009153126642110706,0.025935700512037058,baseline_has_higher_error_than_model
exact,pre_second,DELTA_TS,standard_dfm,midas_umidas,79,1000,4,-2.75697567198966,-4.78370561148628,-0.6617120554273677,-1.0008982597266363,-1.8742334916413717,-0.4088322163726823,baseline_has_higher_error_than_model
exact,pre_second,DELTA_TS,standard_dfm,monthly_mixed_frequency_kalman_em,79,1000,4,-0.014072118101716324,-0.05761852115529437,0.009133217170004839,-0.00877369408760234,-0.03436656011352218,0.01301718033293626,baseline_has_higher_error_than_model
exact,pre_second,DELTA_TS,standard_dfm,no_revision,79,1000,4,0.005754974009236968,-0.010332094872698008,0.024799009899729607,0.008517454060975649,-0.010060693167322426,0.02658705180189831,baseline_has_higher_error_than_model
exact,pre_second,DELTA_TS,standard_dfm,release_dfm,79,1000,4,0.003345384398026008,-0.003119512566521698,0.011447732459828944,0.004159272682964177,-0.003292253465940953,0.011806538969062018,baseline_has_higher_error_than_model
exact,pre_second,DELTA_TS,standard_dfm,revision_dfm_kalman_em,79,1000,4,0.0056840790782221595,-0.01038927004327323,0.022211649034648503,0.008341246559976395,-0.008111166588251442,0.026425142912869314,baseline_has_higher_error_than_model
exact,pre_second,DELTA_TS,standard_dfm,spf,79,1000,4,0.005754974009236968,-0.009785998071433365,0.02514119456196388,0.008517454060975649,-0.008739678579709042,0.027441042257605602,baseline_has_higher_error_than_model
exact,pre_second,DELTA_TS,release_dfm,ar,79,1000,4,-0.04412423708505425,-0.08201570081209857,-0.0034992347155408153,-0.017626728239774708,-0.05782754681800363,0.020342684638036273,baseline_has_higher_error_than_model
exact,pre_second,DELTA_TS,release_dfm,bridge,79,1000,4,-0.12788722351808174,-0.19418547829976965,-0.07752995981575585,-0.11675147783443443,-0.1769097741227451,-0.05860205157352711,baseline_has_higher_error_than_model
exact,pre_second,DELTA_TS,release_dfm,indicator_revision_only_dfm_kalman_em,79,1000,4,0.0024095896112109605,-0.008605087457631192,0.014861814960613826,0.004358181378011472,-0.007369169766631307,0.016290935814333937,baseline_has_higher_error_than_model
exact,pre_second,DELTA_TS,release_dfm,joint_indicator_revision_dfm_full_kalman_em,79,1000,4,0.0018421144078016316,-0.007166977527744726,0.012425641769215408,0.0034050210102404,-0.0073465020881555605,0.014998240694754124,baseline_has_higher_error_than_model
exact,pre_second,DELTA_TS,release_dfm,midas_umidas,79,1000,4,-2.760321056387686,-4.813014170582818,-0.6522474183296493,-1.0050575324096003,-1.9200318902111126,-0.40965783023341085,baseline_has_higher_error_than_model
exact,pre_second,DELTA_TS,release_dfm,monthly_mixed_frequency_kalman_em,79,1000,4,-0.017417502499742332,-0.059796091427497096,0.008131271473144805,-0.012932966770566517,-0.037074629308770875,0.009519581167378097,baseline_has_higher_error_than_model
exact,pre_second,DELTA_TS,release_dfm,no_revision,79,1000,4,0.0024095896112109605,-0.007678910507892147,0.014074494973848795,0.004358181378011472,-0.007265869049219773,0.017049608087036143,baseline_has_higher_error_than_model
exact,pre_second,DELTA_TS,release_dfm,revision_dfm_kalman_em,79,1000,4,0.0023386946801961517,-0.006617864030850245,0.01171815931851909,0.004181973877012218,-0.005982108571776979,0.014632409938046919,baseline_has_higher_error_than_model
exact,pre_second,DELTA_TS,release_dfm,spf,79,1000,4,0.0024095896112109605,-0.009377515324829003,0.014471143830264066,0.004358181378011472,-0.008429218814168152,0.016379731569463672,baseline_has_higher_error_than_model
exact,pre_second,DELTA_TS,release_dfm,standard_dfm,79,1000,4,-0.003345384398026008,-0.010678919439823662,0.0037498781102644234,-0.004159272682964177,-0.011665966266131568,0.0036835123232552397,baseline_has_higher_error_than_model
exact,pre_third,DELTA_MT,ar,bridge,80,1000,4,1.53396518817685,-0.031928490370996786,2.7229028974082263,0.5038585033030785,-0.04037031154627269,1.1210238731263695,baseline_has_higher_error_than_model
exact,pre_third,DELTA_MT,ar,indicator_revision_only_dfm_kalman_em,80,1000,4,2.322173923751106,0.5061725957562231,4.0168869650208725,0.9800448417245842,0.38464927963368784,1.7221717279016393,baseline_has_higher_error_than_model
exact,pre_third,DELTA_MT,ar,joint_indicator_revision_dfm_full_kalman_em,80,1000,4,2.319708701248819,0.48313225589413095,4.08733440013297,0.97757894622463,0.3641192104501477,1.800853077733896,baseline_has_higher_error_than_model
exact,pre_third,DELTA_MT,ar,midas_umidas,80,1000,4,-5.5803754928127205,-7.6622306133268285,-3.0855871804584103,-4.08220097471852,-5.818615621124687,-2.508087370935561,baseline_has_higher_error_than_model
exact,pre_third,DELTA_MT,ar,monthly_mixed_frequency_kalman_em,80,1000,4,2.2756737986532167,0.4239905471784601,3.9647184580271473,0.9435065554778959,0.3259029387720918,1.7207679294488765,baseline_has_higher_error_than_model
exact,pre_third,DELTA_MT,ar,no_revision,80,1000,4,2.322173923751106,0.4512437543403088,3.8921511448662915,0.9800448417245842,0.36426814322890183,1.752021839013141,baseline_has_higher_error_than_model
exact,pre_third,DELTA_MT,ar,release_dfm,80,1000,4,2.208430032849751,0.3330132540298831,4.017228946916282,0.9093783117868282,0.24823386625161864,1.7140618357215607,baseline_has_higher_error_than_model
exact,pre_third,DELTA_MT,ar,revision_dfm_kalman_em,80,1000,4,2.3198656629509653,0.4773870168427023,3.9936669022857094,0.9778119175388045,0.37020224219430337,1.7789731320795004,baseline_has_higher_error_than_model
exact,pre_third,DELTA_MT,ar,spf,80,1000,4,2.322173923751106,0.46045843862597957,3.997644565365875,0.9800448417245842,0.3502612991054424,1.7236494509688252,baseline_has_higher_error_than_model
exact,pre_third,DELTA_MT,ar,standard_dfm,80,1000,4,2.2260154608972944,0.32725255387929836,4.056587698334154,0.8754457127310442,0.21571530231275501,1.6870625579478422,baseline_has_higher_error_than_model
exact,pre_third,DELTA_MT,no_revision,ar,80,1000,4,-2.322173923751106,-4.048148559058393,-0.49154731047422956,-0.9800448417245842,-1.8073055859601417,-0.3620357875098968,baseline_has_higher_error_than_model
exact,pre_third,DELTA_MT,no_revision,bridge,80,1000,4,-0.788208735574256,-1.3589089759502238,-0.3238388109746307,-0.4761863384215057,-0.8706244100298738,-0.18992778191809825,baseline_has_higher_error_than_model
exact,pre_third,DELTA_MT,no_revision,indicator_revision_only_dfm_kalman_em,80,1000,4,0.0,0.0,0.0,0.0,0.0,0.0,baseline_has_higher_error_than_model
exact,pre_third,DELTA_MT,no_revision,joint_indicator_revision_dfm_full_kalman_em,80,1000,4,-0.002465222502286979,-0.00487410381495898,0.0006436883456506273,-0.0024658954999541294,-0.0045306083278049995,-0.0003716276254810809,baseline_has_higher_error_than_model
exact,pre_third,DELTA_MT,no_revision,midas_umidas,80,1000,4,-7.902549416563827,-10.8470756430724,-4.735208776698485,-5.062245816443104,-7.019382584897838,-3.352779516979074,baseline_has_higher_error_than_model
exact,pre_third,DELTA_MT,no_revision,monthly_mixed_frequency_kalman_em,80,1000,4,-0.04650012509788892,-0.0782021612394313,-0.009087938597924727,-0.03653828624668831,-0.06295482697157607,-0.010872369881254288,baseline_has_higher_error_than_model
exact,pre_third,DELTA_MT,no_revision,release_dfm,80,1000,4,-0.11374389090135506,-0.23779012778449013,0.018377123854074435,-0.07066652993775602,-0.19267506728682737,0.06042187416531298,baseline_has_higher_error_than_model
exact,pre_third,DELTA_MT,no_revision,revision_dfm_kalman_em,80,1000,4,-0.0023082608001407934,-0.00453161660498898,0.0003749067698560192,-0.0022329241857796944,-0.004134653917044873,-0.00034811112328841974,baseline_has_higher_error_than_model
exact,pre_third,DELTA_MT,no_revision,spf,80,1000,4,0.0,0.0,0.0,0.0,0.0,0.0,baseline_has_higher_error_than_model
exact,pre_third,DELTA_MT,no_revision,standard_dfm,80,1000,4,-0.09615846285381147,-0.2142632979838947,0.05068151002308485,-0.10459912899353996,-0.2098320846055091,0.013558818977816913,baseline_has_higher_error_than_model
exact,pre_third,DELTA_MT,bridge,ar,80,1000,4,-1.53396518817685,-2.7950616904534202,0.012516281491920456,-0.5038585033030785,-1.1441862275336567,0.013418849112592113,baseline_has_higher_error_than_model
exact,pre_third,DELTA_MT,bridge,indicator_revision_only_dfm_kalman_em,80,1000,4,0.788208735574256,0.325537849045074,1.3498662762343818,0.4761863384215057,0.18898621128879733,0.8594513575615129,baseline_has_higher_error_than_model
exact,pre_third,DELTA_MT,bridge,joint_indicator_revision_dfm_full_kalman_em,80,1000,4,0.785743513071969,0.2998609156176649,1.3443527480227973,0.4737204429215516,0.16439450595468466,0.8350378025347323,baseline_has_higher_error_than_model
exact,pre_third,DELTA_MT,bridge,midas_umidas,80,1000,4,-7.114340680989571,-9.695913292119576,-4.064498837275615,-4.586059478021599,-6.383704591662371,-2.9286936413548017,baseline_has_higher_error_than_model
exact,pre_third,DELTA_MT,bridge,monthly_mixed_frequency_kalman_em,80,1000,4,0.741708610476367,0.29098365951638805,1.251563625919591,0.4396480521748174,0.13761653781136834,0.8065273624348147,baseline_has_higher_error_than_model
exact,pre_third,DELTA_MT,bridge,no_revision,80,1000,4,0.788208735574256,0.324636877469958,1.3384932357049077,0.4761863384215057,0.1787971684016747,0.8494711143926155,baseline_has_higher_error_than_model
exact,pre_third,DELTA_MT,bridge,release_dfm,80,1000,4,0.6744648446729009,0.1560586500408662,1.2715555364682627,0.4055198084837497,0.07173298459388855,0.8110506385357338,baseline_has_higher_error_than_model
exact,pre_third,DELTA_MT,bridge,revision_dfm_kalman_em,80,1000,4,0.7859004747741152,0.32244055378861125,1.3603907327413547,0.473953414235726,0.1909766475381552,0.8584774547807286,baseline_has_higher_error_than_model
exact,pre_third,DELTA_MT,bridge,spf,80,1000,4,0.788208735574256,0.3261160734245075,1.346290945989723,0.4761863384215057,0.16602585917874124,0.8715960992039795,baseline_has_higher_error_than_model
exact,pre_third,DELTA_MT,bridge,standard_dfm,80,1000,4,0.6920502727204445,0.16670824338182452,1.3551987725384522,0.37158720942796575,0.06421885538835158,0.7908446840384525,baseline_has_higher_error_than_model
exact,pre_third,DELTA_MT,midas_umidas,ar,80,1000,4,5.5803754928127205,3.007105387150285,7.9142462837361975,4.08220097471852,2.4556665825406516,6.024245351642528,baseline_has_higher_error_than_model
exact,pre_third,DELTA_MT,midas_umidas,bridge,80,1000,4,7.114340680989571,4.219434006941314,9.48615919365908,4.586059478021599,3.0030370053825997,6.3867147801383775,baseline_has_higher_error_than_model
exact,pre_third,DELTA_MT,midas_umidas,indicator_revision_only_dfm_kalman_em,80,1000,4,7.902549416563827,4.686093061134478,10.563767265325097,5.062245816443104,3.405769477525829,6.900336963172219,baseline_has_higher_error_than_model
exact,pre_third,DELTA_MT,midas_umidas,joint_indicator_revision_dfm_full_kalman_em,80,1000,4,7.90008419406154,4.7746348034466815,10.529436521359363,5.05977992094315,3.369785832911624,6.858365626412655,baseline_has_higher_error_than_model
exact,pre_third,DELTA_MT,midas_umidas,monthly_mixed_frequency_kalman_em,80,1000,4,7.856049291465938,4.632197188959982,10.690923954136789,5.025707530196416,3.370470448836679,6.991288450136245,baseline_has_higher_error_than_model
exact,pre_third,DELTA_MT,midas_umidas,no_revision,80,1000,4,7.902549416563827,4.844809345443131,10.750092262803195,5.062245816443104,3.345258471519146,7.082767562645638,baseline_has_higher_error_than_model
exact,pre_third,DELTA_MT,midas_umidas,release_dfm,80,1000,4,7.788805525662472,4.326708258568001,10.445871071224946,4.991579286505349,3.2332300151871785,6.74352274742933,baseline_has_higher_error_than_model
exact,pre_third,DELTA_MT,midas_umidas,revision_dfm_kalman_em,80,1000,4,7.900241155763686,4.9354673275809535,10.62854547812514,5.060012892257324,3.385574140045578,6.969737713972536,baseline_has_higher_error_than_model
exact,pre_third,DELTA_MT,midas_umidas,spf,80,1000,4,7.902549416563827,4.662852357510196,10.833066070224312,5.062245816443104,3.2813733184509974,6.965531213369242,baseline_has_higher_error_than_model
exact,pre_third,DELTA_MT,midas_umidas,standard_dfm,80,1000,4,7.806390953710015,4.652295583926996,10.996971506655354,4.957646687449564,3.279254799416419,7.010415837179859,baseline_has_higher_error_than_model
exact,pre_third,DELTA_MT,spf,ar,80,1000,4,-2.322173923751106,-4.08997414068868,-0.5062418911181517,-0.9800448417245842,-1.7377136070695858,-0.37472204858081465,baseline_has_higher_error_than_model
exact,pre_third,DELTA_MT,spf,bridge,80,1000,4,-0.788208735574256,-1.3030872600084378,-0.33376759907755144,-0.4761863384215057,-0.8508802655415215,-0.20068532366783243,baseline_has_higher_error_than_model
exact,pre_third,DELTA_MT,spf,indicator_revision_only_dfm_kalman_em,80,1000,4,0.0,0.0,0.0,0.0,0.0,0.0,baseline_has_higher_error_than_model
exact,pre_third,DELTA_MT,spf,joint_indicator_revision_dfm_full_kalman_em,80,1000,4,-0.002465222502286979,-0.004882105255988029,0.0002868005502118722,-0.0024658954999541294,-0.004514849860193859,-0.00039188421980436726,baseline_has_higher_error_than_model
exact,pre_third,DELTA_MT,spf,midas_umidas,80,1000,4,-7.902549416563827,-10.786134453653325,-4.939201728649712,-5.062245816443104,-7.09819772917747,-3.458861814377578,baseline_has_higher_error_than_model
exact,pre_third,DELTA_MT,spf,monthly_mixed_frequency_kalman_em,80,1000,4,-0.04650012509788892,-0.07691590191772352,-0.010329660588955484,-0.03653828624668831,-0.06290626370977617,-0.008817106260275178,baseline_has_higher_error_than_model
exact,pre_third,DELTA_MT,spf,no_revision,80,1000,4,0.0,0.0,0.0,0.0,0.0,0.0,baseline_has_higher_error_than_model
exact,pre_third,DELTA_MT,spf,release_dfm,80,1000,4,-0.11374389090135506,-0.23395100825643267,0.029334185528058755,-0.07066652993775602,-0.18572925878046176,0.051124625002425865,baseline_has_higher_error_than_model
exact,pre_third,DELTA_MT,spf,revision_dfm_kalman_em,80,1000,4,-0.0023082608001407934,-0.004624711691238648,4.8156590355374176e-05,-0.0022329241857796944,-0.004144016570565246,-0.00041411793155651523,baseline_has_higher_error_than_model
exact,pre_third,DELTA_MT,spf,standard_dfm,80,1000,4,-0.09615846285381147,-0.21460264435308893,0.047796590409831384,-0.10459912899353996,-0.2116053761924723,0.008324598432052376,baseline_has_higher_error_than_model
exact,pre_third,DELTA_MT,standard_dfm,ar,80,1000,4,-2.2260154608972944,-4.072302781907644,-0.3727785136752462,-0.8754457127310442,-1.7408898565557023,-0.23687938567617609,baseline_has_higher_error_than_model
exact,pre_third,DELTA_MT,standard_dfm,bridge,80,1000,4,-0.6920502727204445,-1.3645109229385917,-0.17521894479319222,-0.37158720942796575,-0.8152480450426374,-0.07293274433249648,baseline_has_higher_error_than_model
exact,pre_third,DELTA_MT,standard_dfm,indicator_revision_only_dfm_kalman_em,80,1000,4,0.09615846285381147,-0.04187128736111465,0.2111253350815826,0.10459912899353996,-0.003915649432427389,0.20213614440268643,baseline_has_higher_error_than_model
exact,pre_third,DELTA_MT,standard_dfm,joint_indicator_revision_dfm_full_kalman_em,80,1000,4,0.09369324035152449,-0.04189668733035818,0.21073351401551715,0.10213323349358583,-0.009786763624569136,0.20636839468769835,baseline_has_higher_error_than_model
exact,pre_third,DELTA_MT,standard_dfm,midas_umidas,80,1000,4,-7.806390953710015,-10.870029304990949,-4.718166561509472,-4.957646687449564,-7.059171570332887,-3.329578553783134,baseline_has_higher_error_than_model
exact,pre_third,DELTA_MT,standard_dfm,monthly_mixed_frequency_kalman_em,80,1000,4,0.049658337755922544,-0.09119226958602063,0.19046528122643894,0.06806084274685165,-0.04756087825897318,0.17761498028905343,baseline_has_higher_error_than_model
exact,pre_third,DELTA_MT,standard_dfm,no_revision,80,1000,4,0.09615846285381147,-0.05171462887695866,0.21579702844673146,0.10459912899353996,-0.00782691933044941,0.21413087949089119,baseline_has_higher_error_than_model
exact,pre_third,DELTA_MT,standard_dfm,release_dfm,80,1000,4,-0.017585428047543594,-0.16138756591402945,0.09181426920622715,0.03393259905578394,-0.08799219055949592,0.13783702438659334,baseline_has_higher_error_than_model
exact,pre_third,DELTA_MT,standard_dfm,revision_dfm_kalman_em,80,1000,4,0.09385020205367067,-0.045674840464052964,0.20804448280690632,0.10236620480776026,-0.012838425695403397,0.21468956231158165,baseline_has_higher_error_than_model
exact,pre_third,DELTA_MT,standard_dfm,spf,80,1000,4,0.09615846285381147,-0.03532511914129036,0.2096256868665428,0.10459912899353996,0.00012487250918211503,0.21633435485578328,baseline_has_higher_error_than_model
exact,pre_third,DELTA_MT,release_dfm,ar,80,1000,4,-2.208430032849751,-3.8456727350450626,-0.41622138042340723,-0.9093783117868282,-1.6328411030226189,-0.30003418006428295,baseline_has_higher_error_than_model
exact,pre_third,DELTA_MT,release_dfm,bridge,80,1000,4,-0.6744648446729009,-1.3496773183757909,-0.1472482244193595,-0.4055198084837497,-0.8370183038726012,-0.08194331313886154,baseline_has_higher_error_than_model
exact,pre_third,DELTA_MT,release_dfm,indicator_revision_only_dfm_kalman_em,80,1000,4,0.11374389090135506,-0.02546274233932818,0.2373904706450022,0.07066652993775602,-0.04434694086446558,0.1960973051032982,baseline_has_higher_error_than_model
exact,pre_third,DELTA_MT,release_dfm,joint_indicator_revision_dfm_full_kalman_em,80,1000,4,0.11127866839906808,-0.019740738072659404,0.23897336825289706,0.06820063443780189,-0.04896689935894806,0.1871349793648972,baseline_has_higher_error_than_model
exact,pre_third,DELTA_MT,release_dfm,midas_umidas,80,1000,4,-7.788805525662472,-10.697822630227943,-4.505215643423818,-4.991579286505349,-6.915558474858222,-3.2532814148478235,baseline_has_higher_error_than_model
exact,pre_third,DELTA_MT,release_dfm,monthly_mixed_frequency_kalman_em,80,1000,4,0.06724376580346614,-0.09131876284072651,0.2116856195658742,0.034128243691067706,-0.0982528692972341,0.1519380069013476,baseline_has_higher_error_than_model
exact,pre_third,DELTA_MT,release_dfm,no_revision,80,1000,4,0.11374389090135506,-0.0213488033950153,0.23518451300740204,0.07066652993775602,-0.05622873064439053,0.19704225151072183,baseline_has_higher_error_than_model
exact,pre_third,DELTA_MT,release_dfm,revision_dfm_kalman_em,80,1000,4,0.11143563010121427,-0.025752532403253318,0.23706596549063705,0.06843360575197632,-0.05504693289375396,0.18648758786293892,baseline_has_higher_error_than_model
exact,pre_third,DELTA_MT,release_dfm,spf,80,1000,4,0.11374389090135506,-0.021148885000240158,0.24102803264373882,0.07066652993775602,-0.05127019446737536,0.1913057782701102,baseline_has_higher_error_than_model
exact,pre_third,DELTA_MT,release_dfm,standard_dfm,80,1000,4,0.017585428047543594,-0.09326775646640442,0.14674759210176258,-0.03393259905578394,-0.14231525900571526,0.08527510329346324,baseline_has_higher_error_than_model
pseudo,pre_advance,DELTA_SA,ar,bridge,79,1000,4,-0.043984826062092974,-0.12859899482591466,0.038489869319392515,-0.03111285521133461,-0.06762760910603469,0.005192613581339278,baseline_has_higher_error_than_model
pseudo,pre_advance,DELTA_SA,ar,indicator_revision_only_dfm_kalman_em,79,1000,4,0.10847939712025434,0.006876758058783497,0.231785968205748,0.06854692808634405,-0.012528253433333294,0.1669346997741052,baseline_has_higher_error_than_model
pseudo,pre_advance,DELTA_SA,ar,joint_indicator_revision_dfm_full_kalman_em,79,1000,4,0.07142296691928163,-0.0626641829464932,0.19851478570283712,0.022271633779771705,-0.043754991120931376,0.10237755745548706,baseline_has_higher_error_than_model
pseudo,pre_advance,DELTA_SA,ar,midas_umidas,79,1000,4,-12.819010850157987,-17.948287438505034,-7.390856036820837,-7.222087005905442,-10.432450094277431,-4.308854618465861,baseline_has_higher_error_than_model
pseudo,pre_advance,DELTA_SA,ar,monthly_mixed_frequency_kalman_em,79,1000,4,0.10958604092313817,0.008715003873786624,0.20961262000584518,0.0648130752556566,-0.007090582788369963,0.15079586164352912,baseline_has_higher_error_than_model
pseudo,pre_advance,DELTA_SA,ar,no_revision,79,1000,4,0.10847939712025434,0.006362483042640962,0.24590073082042976,0.06854692808634405,-0.010267981936684635,0.1719106929348786,baseline_has_higher_error_than_model
pseudo,pre_advance,DELTA_SA,ar,release_dfm,79,1000,4,0.037563804120641975,-0.05874764007475503,0.12365601748050804,0.041308711147051924,-0.013104796403702535,0.10044540712763306,baseline_has_higher_error_than_model
pseudo,pre_advance,DELTA_SA,ar,revision_dfm_kalman_em,79,1000,4,0.05307288852943781,-0.0496026360479978,0.1598259918686872,0.030549297594847258,-0.030038299301909287,0.09752692828278108,baseline_has_higher_error_than_model
pseudo,pre_advance,DELTA_SA,ar,spf,79,1000,4,0.10847939712025434,0.005638460157352596,0.2385174105715202,0.06854692808634405,-0.011983785607045357,0.16760733156900398,baseline_has_higher_error_than_model
pseudo,pre_advance,DELTA_SA,ar,standard_dfm,79,1000,4,0.037563804120641975,-0.06691274416499265,0.12253720908007276,0.041308711147051924,-0.01604372776727553,0.10240762549454173,baseline_has_higher_error_than_model
pseudo,pre_advance,DELTA_SA,no_revision,ar,79,1000,4,-0.10847939712025434,-0.25124874544038855,-0.003136695841353982,-0.06854692808634405,-0.16242759115105065,0.011528351850273911,baseline_has_higher_error_than_model
pseudo,pre_advance,DELTA_SA,no_revision,bridge,79,1000,4,-0.1524642231823473,-0.3132980060401439,-0.010475215724760038,-0.09965978329767866,-0.20551508925896497,-0.013140948194791367,baseline_has_higher_error_than_model
pseudo,pre_advance,DELTA_SA,no_revision,indicator_revision_only_dfm_kalman_em,79,1000,4,0.0,0.0,0.0,0.0,0.0,0.0,baseline_has_higher_error_than_model
pseudo,pre_advance,DELTA_SA,no_revision,joint_indicator_revision_dfm_full_kalman_em,79,1000,4,-0.03705643020097271,-0.14466305911609265,0.05703303823428261,-0.046275294306572345,-0.11986833359136025,0.018752236209335197,baseline_has_higher_error_than_model
pseudo,pre_advance,DELTA_SA,no_revision,midas_umidas,79,1000,4,-12.927490247278241,-18.180821061895948,-7.549846776868314,-7.290633933991785,-10.549330518946043,-4.270833078421183,baseline_has_higher_error_than_model
pseudo,pre_advance,DELTA_SA,no_revision,monthly_mixed_frequency_kalman_em,79,1000,4,0.0011066438028838332,-0.05610059558717008,0.04561728656845199,-0.0037338528306874452,-0.05504144200557777,0.0404858736101704,baseline_has_higher_error_than_model
pseudo,pre_advance,DELTA_SA,no_revision,release_dfm,79,1000,4,-0.07091559299961236,-0.20268448580059117,0.02497763130089254,-0.027238216939292126,-0.08445747296495056,0.020735603102478562,baseline_has_higher_error_than_model
pseudo,pre_advance,DELTA_SA,no_revision,revision_dfm_kalman_em,79,1000,4,-0.05540650859081653,-0.16011553960475863,0.03138096403203229,-0.03799763049149679,-0.10706957164716384,0.01589439116289216,baseline_has_higher_error_than_model
pseudo,pre_advance,DELTA_SA,no_revision,spf,79,1000,4,0.0,0.0,0.0,0.0,0.0,0.0,baseline_has_higher_error_than_model
pseudo,pre_advance,DELTA_SA,no_revision,standard_dfm,79,1000,4,-0.07091559299961236,-0.19254457805221942,0.022739869307093402,-0.027238216939292126,-0.08121417207657529,0.01798357175116566,baseline_has_higher_error_than_model
pseudo,pre_advance,DELTA_SA,bridge,ar,79,1000,4,0.043984826062092974,-0.036863685235431536,0.12870176013185491,0.03111285521133461,-0.005807648264468977,0.06586336455714799,baseline_has_higher_error_than_model
pseudo,pre_advance,DELTA_SA,bridge,indicator_revision_only_dfm_kalman_em,79,1000,4,0.1524642231823473,-0.0014463022159984635,0.3013023307502983,0.09965978329767866,0.009794853621058225,0.2053298977090498,baseline_has_higher_error_than_model
pseudo,pre_advance,DELTA_SA,bridge,joint_indicator_revision_dfm_full_kalman_em,79,1000,4,0.1154077929813746,-0.027150227861142677,0.24313356955242044,0.053384488991106316,-0.023811875715210554,0.137183926571269,baseline_has_higher_error_than_model
pseudo,pre_advance,DELTA_SA,bridge,midas_umidas,79,1000,4,-12.775026024095894,-18.056408602512004,-7.457151546165143,-7.190974150694107,-10.430409009273896,-4.3399419454034085,baseline_has_higher_error_than_model
pseudo,pre_advance,DELTA_SA,bridge,monthly_mixed_frequency_kalman_em,79,1000,4,0.15357086698523115,0.022219906337419805,0.29040247032174166,0.09592593046699122,0.0211335696676969,0.1916133565529081,baseline_has_higher_error_than_model
pseudo,pre_advance,DELTA_SA,bridge,no_revision,79,1000,4,0.1524642231823473,0.001480189723747042,0.3223142576222275,0.09965978329767866,0.009228270306399552,0.2111915262933605,baseline_has_higher_error_than_model
pseudo,pre_advance,DELTA_SA,bridge,release_dfm,79,1000,4,0.08154863018273495,-0.008913373593379773,0.17916981000531068,0.07242156635838654,0.01854871046137571,0.1368663825683599,baseline_has_higher_error_than_model
pseudo,pre_advance,DELTA_SA,bridge,revision_dfm_kalman_em,79,1000,4,0.09705771459153079,-0.011694127754501448,0.21338163884233777,0.06166215280618187,-0.003245995841811164,0.13537474387740386,baseline_has_higher_error_than_model
pseudo,pre_advance,DELTA_SA,bridge,spf,79,1000,4,0.1524642231823473,0.007507651644323959,0.3116742215309589,0.09965978329767866,0.005493995364921396,0.21099085709318147,baseline_has_higher_error_than_model
pseudo,pre_advance,DELTA_SA,bridge,standard_dfm,79,1000,4,0.08154863018273495,-0.010349988737281731,0.17904628040208398,0.07242156635838654,0.01764195893469454,0.14185633599045314,baseline_has_higher_error_than_model
pseudo,pre_advance,DELTA_SA,midas_umidas,ar,79,1000,4,12.819010850157987,7.668211408598016,17.71717433303472,7.222087005905442,4.429680114252241,10.445280008705161,baseline_has_higher_error_than_model
pseudo,pre_advance,DELTA_SA,midas_umidas,bridge,79,1000,4,12.775026024095894,7.410301784745421,18.226817314059605,7.190974150694107,4.221448118591142,10.359631730654577,baseline_has_higher_error_than_model
pseudo,pre_advance,DELTA_SA,midas_umidas,indicator_revision_only_dfm_kalman_em,79,1000,4,12.927490247278241,7.683224533753256,18.4823080129666,7.290633933991785,4.325527724341621,10.675242985773716,baseline_has_higher_error_than_model
pseudo,pre_advance,DELTA_SA,midas_umidas,joint_indicator_revision_dfm_full_kalman_em,79,1000,4,12.890433817077268,7.86314464920143,17.66378323531498,7.244358639685213,4.5610940637953865,10.215380522174733,baseline_has_higher_error_than_model
pseudo,pre_advance,DELTA_SA,midas_umidas,monthly_mixed_frequency_kalman_em,79,1000,4,12.928596891081124,7.537038950787279,18.003929102091316,7.2869000811610976,4.172982020152424,10.417150875825008,baseline_has_higher_error_than_model
pseudo,pre_advance,DELTA_SA,midas_umidas,no_revision,79,1000,4,12.927490247278241,7.581240027720206,18.08043404507209,7.290633933991785,4.393265248554075,10.420785015104325,baseline_has_higher_error_than_model
pseudo,pre_advance,DELTA_SA,midas_umidas,release_dfm,79,1000,4,12.856574654278628,7.78568993428868,17.831565099232066,7.263395717052493,4.359453113632702,10.293405016086496,baseline_has_higher_error_than_model
pseudo,pre_advance,DELTA_SA,midas_umidas,revision_dfm_kalman_em,79,1000,4,12.872083738687424,7.319564574447198,18.108847661324457,7.252636303500289,4.2271053734634005,10.526530531071952,baseline_has_higher_error_than_model
pseudo,pre_advance,DELTA_SA,midas_umidas,spf,79,1000,4,12.927490247278241,7.3874997697528775,18.467807452363537,7.290633933991785,4.4041601802964285,10.895220355257937,baseline_has_higher_error_than_model
pseudo,pre_advance,DELTA_SA,midas_umidas,standard_dfm,79,1000,4,12.856574654278628,7.419866935060352,17.788911648318166,7.263395717052493,4.378846373636304,10.490254898623954,baseline_has_higher_error_than_model
pseudo,pre_advance,DELTA_SA,spf,ar,79,1000,4,-0.10847939712025434,-0.24491317000611296,-0.00322490785345498,-0.06854692808634405,-0.1703742678659541,0.013252830642342157,baseline_has_higher_error_than_model
pseudo,pre_advance,DELTA_SA,spf,bridge,79,1000,4,-0.1524642231823473,-0.3234023045519393,-0.008512837660843136,-0.09965978329767866,-0.21484492613424924,-0.005250322817552759,baseline_has_higher_error_than_model
pseudo,pre_advance,DELTA_SA,spf,indicator_revision_only_dfm_kalman_em,79,1000,4,0.0,0.0,0.0,0.0,0.0,0.0,baseline_has_higher_error_than_model
pseudo,pre_advance,DELTA_SA,spf,joint_indicator_revision_dfm_full_kalman_em,79,1000,4,-0.03705643020097271,-0.13438367245837432,0.06022862091641646,-0.046275294306572345,-0.12129760650916939,0.023081646118171987,baseline_has_higher_error_than_model
pseudo,pre_advance,DELTA_SA,spf,midas_umidas,79,1000,4,-12.927490247278241,-18.094284118214794,-7.520340533961936,-7.290633933991785,-10.533197052834822,-4.369944315545687,baseline_has_higher_error_than_model
pseudo,pre_advance,DELTA_SA,spf,monthly_mixed_frequency_kalman_em,79,1000,4,0.0011066438028838332,-0.058136366760293996,0.05030884587950637,-0.0037338528306874452,-0.05519760079855918,0.04212766630172979,baseline_has_higher_error_than_model
pseudo,pre_advance,DELTA_SA,spf,no_revision,79,1000,4,0.0,0.0,0.0,0.0,0.0,0.0,baseline_has_higher_error_than_model
pseudo,pre_advance,DELTA_SA,spf,release_dfm,79,1000,4,-0.07091559299961236,-0.20225792126697437,0.018546276667301943,-0.027238216939292126,-0.08653915172946826,0.018505555450217055,baseline_has_higher_error_than_model
pseudo,pre_advance,DELTA_SA,spf,revision_dfm_kalman_em,79,1000,4,-0.05540650859081653,-0.17115517339850378,0.029826027201090746,-0.03799763049149679,-0.11001741936405403,0.019490931902291883,baseline_has_higher_error_than_model
pseudo,pre_advance,DELTA_SA,spf,standard_dfm,79,1000,4,-0.07091559299961236,-0.19244747665678566,0.018418740318129456,-0.027238216939292126,-0.08281375946005894,0.01998329280186041,baseline_has_higher_error_than_model
pseudo,pre_advance,DELTA_SA,standard_dfm,ar,79,1000,4,-0.037563804120641975,-0.13135250365543188,0.059520405096795966,-0.041308711147051924,-0.10318042661819561,0.013489203209162878,baseline_has_higher_error_than_model
pseudo,pre_advance,DELTA_SA,standard_dfm,bridge,79,1000,4,-0.08154863018273495,-0.17424124606776675,0.01086787602629002,-0.07242156635838654,-0.13529523986941258,-0.01593716510774701,baseline_has_higher_error_than_model
pseudo,pre_advance,DELTA_SA,standard_dfm,indicator_revision_only_dfm_kalman_em,79,1000,4,0.07091559299961236,-0.020861768714140003,0.19869399842304256,0.027238216939292126,-0.019879376532560014,0.08361184164602842,baseline_has_higher_error_than_model
pseudo,pre_advance,DELTA_SA,standard_dfm,joint_indicator_revision_dfm_full_kalman_em,79,1000,4,0.03385916279863965,-0.0694455115868184,0.13603532467752058,-0.01903707736728022,-0.07197318072501142,0.041012297855845745,baseline_has_higher_error_than_model
pseudo,pre_advance,DELTA_SA,standard_dfm,midas_umidas,79,1000,4,-12.856574654278628,-17.66321535559222,-7.816211455471126,-7.263395717052493,-10.329433917053473,-4.582470836008054,baseline_has_higher_error_than_model
pseudo,pre_advance,DELTA_SA,standard_dfm,monthly_mixed_frequency_kalman_em,79,1000,4,0.0720222368024962,-0.018985822033034148,0.17264786321200218,0.02350436410860468,-0.026767790695607113,0.082294117496781,baseline_has_higher_error_than_model
pseudo,pre_advance,DELTA_SA,standard_dfm,no_revision,79,1000,4,0.07091559299961236,-0.023291657860387283,0.1945480774071437,0.027238216939292126,-0.0208244750017386,0.08389815428813834,baseline_has_higher_error_than_model
pseudo,pre_advance,DELTA_SA,standard_dfm,release_dfm,79,1000,4,0.0,0.0,0.0,0.0,0.0,0.0,baseline_has_higher_error_than_model
pseudo,pre_advance,DELTA_SA,standard_dfm,revision_dfm_kalman_em,79,1000,4,0.015509084408795837,-0.04641989306309901,0.07732138245949577,-0.010759413552204666,-0.04725536764256924,0.030344051708969744,baseline_has_higher_error_than_model
pseudo,pre_advance,DELTA_SA,standard_dfm,spf,79,1000,4,0.07091559299961236,-0.02091413192841292,0.20590774468108042,0.027238216939292126,-0.020059790004686873,0.0849048032600229,baseline_has_higher_error_than_model
pseudo,pre_advance,DELTA_SA,release_dfm,ar,79,1000,4,-0.037563804120641975,-0.12389622346468579,0.0725419826088501,-0.041308711147051924,-0.10343013984779377,0.013861363516728906,baseline_has_higher_error_than_model
pseudo,pre_advance,DELTA_SA,release_dfm,bridge,79,1000,4,-0.08154863018273495,-0.17742750836137106,0.006655829270419638,-0.07242156635838654,-0.13999095579912918,-0.014419383259711526,baseline_has_higher_error_than_model
pseudo,pre_advance,DELTA_SA,release_dfm,indicator_revision_only_dfm_kalman_em,79,1000,4,0.07091559299961236,-0.021171440537205127,0.19780171439040956,0.027238216939292126,-0.01738566224803579,0.08492005005714627,baseline_has_higher_error_than_model
pseudo,pre_advance,DELTA_SA,release_dfm,joint_indicator_revision_dfm_full_kalman_em,79,1000,4,0.03385916279863965,-0.07639142354010711,0.12207008732632056,-0.01903707736728022,-0.07625401173255814,0.03860652425210984,baseline_has_higher_error_than_model
pseudo,pre_advance,DELTA_SA,release_dfm,midas_umidas,79,1000,4,-12.856574654278628,-18.376053099154365,-7.653682172809244,-7.263395717052493,-10.673367888295328,-4.446232361879413,baseline_has_higher_error_than_model
pseudo,pre_advance,DELTA_SA,release_dfm,monthly_mixed_frequency_kalman_em,79,1000,4,0.0720222368024962,-0.018875928781674635,0.17301112561727955,0.02350436410860468,-0.025000657181400408,0.08146292713431078,baseline_has_higher_error_than_model
pseudo,pre_advance,DELTA_SA,release_dfm,no_revision,79,1000,4,0.07091559299961236,-0.017596520655863042,0.2001087864899996,0.027238216939292126,-0.018342911446328596,0.08796462005179226,baseline_has_higher_error_than_model
pseudo,pre_advance,DELTA_SA,release_dfm,revision_dfm_kalman_em,79,1000,4,0.015509084408795837,-0.0555554142555495,0.07462564911285732,-0.010759413552204666,-0.050248386194649435,0.03149501226040724,baseline_has_higher_error_than_model
pseudo,pre_advance,DELTA_SA,release_dfm,spf,79,1000,4,0.07091559299961236,-0.020855502352517107,0.19086926601061716,0.027238216939292126,-0.019164922052147662,0.077734067457625,baseline_has_higher_error_than_model
pseudo,pre_advance,DELTA_SA,release_dfm,standard_dfm,79,1000,4,0.0,0.0,0.0,0.0,0.0,0.0,baseline_has_higher_error_than_model
pseudo,pre_second,DELTA_TS,ar,bridge,79,1000,4,-0.08442801410260092,-0.16914017278178498,-0.025063421250739265,-0.09856576043142451,-0.15898882933422356,-0.039920159021712254,baseline_has_higher_error_than_model
pseudo,pre_second,DELTA_TS,ar,indicator_revision_only_dfm_kalman_em,79,1000,4,0.04653382669626521,0.003277461231293315,0.07894809166272923,0.02198490961778618,-0.013960860288325065,0.05822235991217548,baseline_has_higher_error_than_model
pseudo,pre_second,DELTA_TS,ar,joint_indicator_revision_dfm_full_kalman_em,79,1000,4,0.04603387361599265,0.003955153231898636,0.07988816392265972,0.021067901198018463,-0.016309474623989476,0.05509556211443661,baseline_has_higher_error_than_model
pseudo,pre_second,DELTA_TS,ar,midas_umidas,79,1000,4,-2.7162821180914007,-4.774181312588443,-0.6246463037351558,-0.9922276629548772,-1.9236402286861416,-0.4255187277189922,baseline_has_higher_error_than_model
pseudo,pre_second,DELTA_TS,ar,monthly_mixed_frequency_kalman_em,79,1000,4,0.027419595852109457,-0.03281824584365765,0.074653805640351,0.0054639017462848605,-0.03437191672020162,0.051763316674144876,baseline_has_higher_error_than_model
pseudo,pre_second,DELTA_TS,ar,no_revision,79,1000,4,0.04653382669626521,0.006652939150023301,0.08372955074257973,0.02198490961778618,-0.013954152048359647,0.05931244180362403,baseline_has_higher_error_than_model
pseudo,pre_second,DELTA_TS,ar,release_dfm,79,1000,4,0.04408725831955884,0.002902617809982897,0.07871854540454719,0.01758125633624144,-0.016170255331929312,0.0541396629010961,baseline_has_higher_error_than_model
pseudo,pre_second,DELTA_TS,ar,revision_dfm_kalman_em,79,1000,4,0.04646421730599576,0.004892037818087786,0.0836574478985405,0.021836267812684773,-0.014949210691835121,0.059749139649554965,baseline_has_higher_error_than_model
pseudo,pre_second,DELTA_TS,ar,spf,79,1000,4,0.04653382669626521,0.0055615145618877915,0.07917933014049017,0.02198490961778618,-0.011416257895931002,0.05541850360368103,baseline_has_higher_error_than_model
pseudo,pre_second,DELTA_TS,ar,standard_dfm,79,1000,4,0.040807096447323554,0.0003045118307641398,0.07391395599309655,0.013438898278136269,-0.02121198767835373,0.04843910295520051,baseline_has_higher_error_than_model
pseudo,pre_second,DELTA_TS,no_revision,ar,79,1000,4,-0.04653382669626521,-0.08049484472329174,-0.005689585285437167,-0.02198490961778618,-0.05726457667346044,0.014248885131235484,baseline_has_higher_error_than_model
pseudo,pre_second,DELTA_TS,no_revision,bridge,79,1000,4,-0.13096184079886614,-0.2047289049940403,-0.07895138339096186,-0.12055067004921069,-0.1901398993352179,-0.061354222616169705,baseline_has_higher_error_than_model
pseudo,pre_second,DELTA_TS,no_revision,indicator_revision_only_dfm_kalman_em,79,1000,4,0.0,0.0,0.0,0.0,0.0,0.0,baseline_has_higher_error_than_model
pseudo,pre_second,DELTA_TS,no_revision,joint_indicator_revision_dfm_full_kalman_em,79,1000,4,-0.0004999530802725638,-0.0027849454623928654,0.0010541380879924497,-0.0009170084197677175,-0.0033050535311870827,0.0012251940995335285,baseline_has_higher_error_than_model
pseudo,pre_second,DELTA_TS,no_revision,midas_umidas,79,1000,4,-2.762815944787666,-4.802216591334985,-0.6611956826044143,-1.0142125725726634,-1.964576301285516,-0.43358395218047424,baseline_has_higher_error_than_model
pseudo,pre_second,DELTA_TS,no_revision,monthly_mixed_frequency_kalman_em,79,1000,4,-0.019114230844155755,-0.06789195251630267,0.01096258026852627,-0.01652100787150132,-0.04656623350567183,0.008006172735552911,baseline_has_higher_error_than_model
pseudo,pre_second,DELTA_TS,no_revision,release_dfm,79,1000,4,-0.0024465683767063706,-0.01361811616259231,0.007477100620137135,-0.004403653281544739,-0.016364011662267895,0.007439823629217497,baseline_has_higher_error_than_model
pseudo,pre_second,DELTA_TS,no_revision,revision_dfm_kalman_em,79,1000,4,-6.96093902694539e-05,-0.002384365397857935,0.0015046070872839837,-0.00014864180510140712,-0.0020512903752249296,0.0016053015174543133,baseline_has_higher_error_than_model
pseudo,pre_second,DELTA_TS,no_revision,spf,79,1000,4,0.0,0.0,0.0,0.0,0.0,0.0,baseline_has_higher_error_than_model
pseudo,pre_second,DELTA_TS,no_revision,standard_dfm,79,1000,4,-0.005726730248941658,-0.0245161358866848,0.012461047453659372,-0.008546011339649912,-0.027117377195563046,0.010642066646588151,baseline_has_higher_error_than_model
pseudo,pre_second,DELTA_TS,bridge,ar,79,1000,4,0.08442801410260092,0.02869072777386912,0.1666604477558581,0.09856576043142451,0.04186420091720165,0.17022850651808277,baseline_has_higher_error_than_model
pseudo,pre_second,DELTA_TS,bridge,indicator_revision_only_dfm_kalman_em,79,1000,4,0.13096184079886614,0.07211975032046541,0.2033951799640999,0.12055067004921069,0.057628955958808445,0.18534349147724666,baseline_has_higher_error_than_model
pseudo,pre_second,DELTA_TS,bridge,joint_indicator_revision_dfm_full_kalman_em,79,1000,4,0.13046188771859357,0.07611336202659023,0.20239287699993133,0.11963366162944297,0.05562204331867782,0.18759995886748054,baseline_has_higher_error_than_model
pseudo,pre_second,DELTA_TS,bridge,midas_umidas,79,1000,4,-2.6318541039888,-4.691466036086894,-0.5495845924459128,-0.8936619025234527,-1.8425872838160724,-0.32715385034639144,baseline_has_higher_error_than_model
pseudo,pre_second,DELTA_TS,bridge,monthly_mixed_frequency_kalman_em,79,1000,4,0.11184760995471038,0.05116019126730779,0.18080525937773745,0.10402966217770937,0.03885760430229582,0.17167499580113435,baseline_has_higher_error_than_model
pseudo,pre_second,DELTA_TS,bridge,no_revision,79,1000,4,0.13096184079886614,0.07553317863311822,0.20675638505764798,0.12055067004921069,0.05372003601538377,0.18999369179747705,baseline_has_higher_error_than_model
pseudo,pre_second,DELTA_TS,bridge,release_dfm,79,1000,4,0.12851527242215977,0.07602213119133153,0.19799336360493758,0.11614701676766595,0.055415657629116176,0.18034258304870754,baseline_has_higher_error_than_model
pseudo,pre_second,DELTA_TS,bridge,revision_dfm_kalman_em,79,1000,4,0.13089223140859668,0.07645795563427503,0.20378344989183908,0.12040202824410928,0.05733919845671208,0.1907353920763302,baseline_has_higher_error_than_model
pseudo,pre_second,DELTA_TS,bridge,spf,79,1000,4,0.13096184079886614,0.07685166490018416,0.20357969515358146,0.12055067004921069,0.052809476565785066,0.1939514099704504,baseline_has_higher_error_than_model
pseudo,pre_second,DELTA_TS,bridge,standard_dfm,79,1000,4,0.12523511054992448,0.0729570277031521,0.1923764023057324,0.11200465870956078,0.05278828321041423,0.17497119295101313,baseline_has_higher_error_than_model
pseudo,pre_second,DELTA_TS,midas_umidas,ar,79,1000,4,2.7162821180914007,0.6243786141417716,4.82019155978758,0.9922276629548772,0.4125149226983134,1.9206663837442677,baseline_has_higher_error_than_model
pseudo,pre_second,DELTA_TS,midas_umidas,bridge,79,1000,4,2.6318541039888,0.5411517226055912,4.86038328681627,0.8936619025234527,0.33258803396689895,1.890168441004681,baseline_has_higher_error_than_model
pseudo,pre_second,DELTA_TS,midas_umidas,indicator_revision_only_dfm_kalman_em,79,1000,4,2.762815944787666,0.6720705809505191,4.838776477689635,1.0142125725726634,0.4425212231570743,1.9652001739914584,baseline_has_higher_error_than_model
pseudo,pre_second,DELTA_TS,midas_umidas,joint_indicator_revision_dfm_full_kalman_em,79,1000,4,2.7623159917073936,0.6572743227090926,4.787622413005913,1.0132955641528956,0.43250952471647636,1.971023052997309,baseline_has_higher_error_than_model
pseudo,pre_second,DELTA_TS,midas_umidas,monthly_mixed_frequency_kalman_em,79,1000,4,2.7437017139435103,0.6341710772914291,4.836886162417729,0.997691564701162,0.4216684914706155,1.9480539174602127,baseline_has_higher_error_than_model
pseudo,pre_second,DELTA_TS,midas_umidas,no_revision,79,1000,4,2.762815944787666,0.6908883403979277,4.794867304841376,1.0142125725726634,0.4399751735108779,1.9331644895127507,baseline_has_higher_error_than_model
pseudo,pre_second,DELTA_TS,midas_umidas,release_dfm,79,1000,4,2.7603693764109596,0.6767907546606381,4.7982032080015165,1.0098089192911186,0.43819282987945374,1.9456817228700916,baseline_has_higher_error_than_model
pseudo,pre_second,DELTA_TS,midas_umidas,revision_dfm_kalman_em,79,1000,4,2.762746335397397,0.6621187532225752,4.769359473368701,1.0140639307675618,0.42969643147310244,1.8933211936577874,baseline_has_higher_error_than_model
pseudo,pre_second,DELTA_TS,midas_umidas,spf,79,1000,4,2.762815944787666,0.6568476334672882,4.753628913967472,1.0142125725726634,0.42511145627307406,1.87937818821427,baseline_has_higher_error_than_model
pseudo,pre_second,DELTA_TS,midas_umidas,standard_dfm,79,1000,4,2.7570892145387242,0.6555609188629604,4.781764581546369,1.0056665612330136,0.42881544663552645,1.9409820093136616,baseline_has_higher_error_than_model
pseudo,pre_second,DELTA_TS,spf,ar,79,1000,4,-0.04653382669626521,-0.07925877311153977,-0.005055395176511261,-0.02198490961778618,-0.05598435356149681,0.016431675370451253,baseline_has_higher_error_than_model
pseudo,pre_second,DELTA_TS,spf,bridge,79,1000,4,-0.13096184079886614,-0.20337819581467975,-0.07451761619713594,-0.12055067004921069,-0.18871650860350694,-0.05477967926657232,baseline_has_higher_error_than_model
pseudo,pre_second,DELTA_TS,spf,indicator_revision_only_dfm_kalman_em,79,1000,4,0.0,0.0,0.0,0.0,0.0,0.0,baseline_has_higher_error_than_model
pseudo,pre_second,DELTA_TS,spf,joint_indicator_revision_dfm_full_kalman_em,79,1000,4,-0.0004999530802725638,-0.0029664428788271037,0.0010604904995520719,-0.0009170084197677175,-0.00319462733103089,0.0011131144476336568,baseline_has_higher_error_than_model
pseudo,pre_second,DELTA_TS,spf,midas_umidas,79,1000,4,-2.762815944787666,-4.877497818898804,-0.6584034668771221,-1.0142125725726634,-2.027563506405965,-0.43245086079048284,baseline_has_higher_error_than_model
pseudo,pre_second,DELTA_TS,spf,monthly_mixed_frequency_kalman_em,79,1000,4,-0.019114230844155755,-0.07171568511814942,0.011526679446620947,-0.01652100787150132,-0.046965270176320684,0.009284713280708238,baseline_has_higher_error_than_model
pseudo,pre_second,DELTA_TS,spf,no_revision,79,1000,4,0.0,0.0,0.0,0.0,0.0,0.0,baseline_has_higher_error_than_model
pseudo,pre_second,DELTA_TS,spf,release_dfm,79,1000,4,-0.0024465683767063706,-0.013676020473865794,0.007987651171435047,-0.004403653281544739,-0.0162185824849006,0.007602980206580895,baseline_has_higher_error_than_model
pseudo,pre_second,DELTA_TS,spf,revision_dfm_kalman_em,79,1000,4,-6.96093902694539e-05,-0.0023424812257521453,0.0014556494891758878,-0.00014864180510140712,-0.002121530562709245,0.0016674986647558744,baseline_has_higher_error_than_model
pseudo,pre_second,DELTA_TS,spf,standard_dfm,79,1000,4,-0.005726730248941658,-0.024230233906439413,0.011165853206156371,-0.008546011339649912,-0.02713087607443299,0.009516945956851123,baseline_has_higher_error_than_model
pseudo,pre_second,DELTA_TS,standard_dfm,ar,79,1000,4,-0.040807096447323554,-0.07575219059446157,0.00031592731349723194,-0.013438898278136269,-0.05132436129510037,0.021461017760986623,baseline_has_higher_error_than_model
pseudo,pre_second,DELTA_TS,standard_dfm,bridge,79,1000,4,-0.12523511054992448,-0.18731993028387295,-0.07660299552758976,-0.11200465870956078,-0.16698109920814316,-0.05656445401296774,baseline_has_higher_error_than_model
pseudo,pre_second,DELTA_TS,standard_dfm,indicator_revision_only_dfm_kalman_em,79,1000,4,0.005726730248941658,-0.010930024237868137,0.0266437608145686,0.008546011339649912,-0.01100297472856573,0.027789263205847323,baseline_has_higher_error_than_model
pseudo,pre_second,DELTA_TS,standard_dfm,joint_indicator_revision_dfm_full_kalman_em,79,1000,4,0.0052267771686690945,-0.010995796034696104,0.022201565763779667,0.007629002919882194,-0.010301722844215759,0.02529489884473298,baseline_has_higher_error_than_model
pseudo,pre_second,DELTA_TS,standard_dfm,midas_umidas,79,1000,4,-2.7570892145387242,-5.001768763586276,-0.6609216850871668,-1.0056665612330136,-1.9972731299888582,-0.4275053224693711,baseline_has_higher_error_than_model
pseudo,pre_second,DELTA_TS,standard_dfm,monthly_mixed_frequency_kalman_em,79,1000,4,-0.013387500595214097,-0.0557789018598594,0.009823793653677828,-0.007974996531851408,-0.031727838520950076,0.011720722960995118,baseline_has_higher_error_than_model
pseudo,pre_second,DELTA_TS,standard_dfm,no_revision,79,1000,4,0.005726730248941658,-0.009640253415306952,0.02437062635630991,0.008546011339649912,-0.010216159952865313,0.027252999519494055,baseline_has_higher_error_than_model
pseudo,pre_second,DELTA_TS,standard_dfm,release_dfm,79,1000,4,0.0032801618722352877,-0.003771165070972855,0.011054177269838946,0.004142358058105172,-0.003255341086169526,0.01173701254784107,baseline_has_higher_error_than_model
pseudo,pre_second,DELTA_TS,standard_dfm,revision_dfm_kalman_em,79,1000,4,0.005657120858672204,-0.009847847976355129,0.023526006107479378,0.008397369534548504,-0.008684959735535914,0.026862221322455165,baseline_has_higher_error_than_model
pseudo,pre_second,DELTA_TS,standard_dfm,spf,79,1000,4,0.005726730248941658,-0.010813716755059297,0.02306550786231342,0.008546011339649912,-0.009276091000436826,0.025139464894237455,baseline_has_higher_error_than_model
pseudo,pre_second,DELTA_TS,release_dfm,ar,79,1000,4,-0.04408725831955884,-0.07775226189247883,-0.005174486277537988,-0.01758125633624144,-0.054697529923753846,0.015304712287956712,baseline_has_higher_error_than_model
pseudo,pre_second,DELTA_TS,release_dfm,bridge,79,1000,4,-0.12851527242215977,-0.20267340585483287,-0.07501919105555273,-0.11614701676766595,-0.18305040123568994,-0.059161488057935245,baseline_has_higher_error_than_model
pseudo,pre_second,DELTA_TS,release_dfm,indicator_revision_only_dfm_kalman_em,79,1000,4,0.0024465683767063706,-0.008114641274121924,0.013588459388990422,0.004403653281544739,-0.007301175914114234,0.01682496745207256,baseline_has_higher_error_than_model
pseudo,pre_second,DELTA_TS,release_dfm,joint_indicator_revision_dfm_full_kalman_em,79,1000,4,0.0019466152964338068,-0.00796073870667314,0.01228672163735918,0.003486644861777022,-0.0069111247612683,0.014314246524964044,baseline_has_higher_error_than_model
pseudo,pre_second,DELTA_TS,release_dfm,midas_umidas,79,1000,4,-2.7603693764109596,-4.789035732667616,-0.6590119977403531,-1.0098089192911186,-1.902950555958324,-0.43064987817041084,baseline_has_higher_error_than_model
pseudo,pre_second,DELTA_TS,release_dfm,monthly_mixed_frequency_kalman_em,79,1000,4,-0.016667662467449385,-0.05672768290923782,0.008409147435566491,-0.01211735458995658,-0.03402705044834492,0.008167336934189019,baseline_has_higher_error_than_model
pseudo,pre_second,DELTA_TS,release_dfm,no_revision,79,1000,4,0.0024465683767063706,-0.007831670505843937,0.014098917755069638,0.004403653281544739,-0.007697046581234932,0.016300388248968824,baseline_has_higher_error_than_model
pseudo,pre_second,DELTA_TS,release_dfm,revision_dfm_kalman_em,79,1000,4,0.0023769589864369167,-0.0071146633736453935,0.011919249835731708,0.004255011476443332,-0.006107651254912851,0.01531036884768585,baseline_has_higher_error_than_model
pseudo,pre_second,DELTA_TS,release_dfm,spf,79,1000,4,0.0024465683767063706,-0.007681960976748221,0.014610430624292754,0.004403653281544739,-0.007698542445283843,0.01650633926424275,baseline_has_higher_error_than_model
pseudo,pre_second,DELTA_TS,release_dfm,standard_dfm,79,1000,4,-0.0032801618722352877,-0.01112406035313156,0.0038324761369665818,-0.004142358058105172,-0.011956242861151153,0.0029330695374421762,baseline_has_higher_error_than_model
pseudo,pre_third,DELTA_MT,ar,bridge,80,1000,4,1.5360228732439687,0.014856385306359793,2.747213971634291,0.5075666167411712,0.0013448918426567107,1.1007148124925035,baseline_has_higher_error_than_model
pseudo,pre_third,DELTA_MT,ar,indicator_revision_only_dfm_kalman_em,80,1000,4,2.322173923751106,0.5298330247828785,4.119681901649805,0.9800448417245842,0.39382416927504726,1.7796081713608316,baseline_has_higher_error_than_model
pseudo,pre_third,DELTA_MT,ar,joint_indicator_revision_dfm_full_kalman_em,80,1000,4,2.3197029679699,0.5072162925608288,4.001783162637519,0.9775731593785255,0.359605495904495,1.7542640322729985,baseline_has_higher_error_than_model
pseudo,pre_third,DELTA_MT,ar,midas_umidas,80,1000,4,-5.56421415125706,-7.916957262125723,-2.806438734471714,-4.118310511191279,-6.044880374213949,-2.4472765581776357,baseline_has_higher_error_than_model
pseudo,pre_third,DELTA_MT,ar,monthly_mixed_frequency_kalman_em,80,1000,4,2.2754151706965065,0.43568197448249996,3.716861645301147,0.9434475648781167,0.31672047311936274,1.6604249258796029,baseline_has_higher_error_than_model
pseudo,pre_third,DELTA_MT,ar,no_revision,80,1000,4,2.322173923751106,0.5084076952026488,3.908451682326591,0.9800448417245842,0.4004559829718612,1.750198468802746,baseline_has_higher_error_than_model
pseudo,pre_third,DELTA_MT,ar,release_dfm,80,1000,4,2.209149670073736,0.3397619392974181,3.895753066798508,0.910755107166278,0.27759599950470865,1.6871051025307788,baseline_has_higher_error_than_model
pseudo,pre_third,DELTA_MT,ar,revision_dfm_kalman_em,80,1000,4,2.319866077819169,0.5074781774060906,3.989623310034696,0.9778115988800731,0.3657730580629317,1.7068995257301058,baseline_has_higher_error_than_model
pseudo,pre_third,DELTA_MT,ar,spf,80,1000,4,2.322173923751106,0.5016052862835294,4.037100021382403,0.9800448417245842,0.3897837668738097,1.7872056809910117,baseline_has_higher_error_than_model
pseudo,pre_third,DELTA_MT,ar,standard_dfm,80,1000,4,2.22895289483188,0.3362230120273007,3.96645696611831,0.8771997770388711,0.20608739166411877,1.6495449325692073,baseline_has_higher_error_than_model
pseudo,pre_third,DELTA_MT,no_revision,ar,80,1000,4,-2.322173923751106,-4.051187360944445,-0.480782570474773,-0.9800448417245842,-1.7715652277324236,-0.371583107947931,baseline_has_higher_error_than_model
pseudo,pre_third,DELTA_MT,no_revision,bridge,80,1000,4,-0.7861510505071372,-1.355330443054491,-0.3103412626717952,-0.47247822498341296,-0.8730009738358228,-0.18585411922942818,baseline_has_higher_error_than_model
pseudo,pre_third,DELTA_MT,no_revision,indicator_revision_only_dfm_kalman_em,80,1000,4,0.0,0.0,0.0,0.0,0.0,0.0,baseline_has_higher_error_than_model
pseudo,pre_third,DELTA_MT,no_revision,joint_indicator_revision_dfm_full_kalman_em,80,1000,4,-0.00247095578120593,-0.004856171390645358,0.0002585315601436154,-0.0024716823460586568,-0.004461056200235564,-0.00044126697333568836,baseline_has_higher_error_than_model
pseudo,pre_third,DELTA_MT,no_revision,midas_umidas,80,1000,4,-7.886388075008166,-10.753791416027147,-4.803240944998163,-5.098355352915863,-7.034090957342524,-3.418825879380648,baseline_has_higher_error_than_model
pseudo,pre_third,DELTA_MT,no_revision,monthly_mixed_frequency_kalman_em,80,1000,4,-0.0467587530545992,-0.07634841397999907,-0.0070950854790852395,-0.03659727684646752,-0.06296277753764594,-0.010751128993828156,baseline_has_higher_error_than_model
pseudo,pre_third,DELTA_MT,no_revision,release_dfm,80,1000,4,-0.11302425367736957,-0.24266559803264426,0.030454415150614936,-0.06928973455830612,-0.19185058949499484,0.062008103228819285,baseline_has_higher_error_than_model
pseudo,pre_third,DELTA_MT,no_revision,revision_dfm_kalman_em,80,1000,4,-0.0023078459319367806,-0.004355386268566674,0.00014775079567114763,-0.0022332428445110963,-0.003959105938193902,-0.00041572691519603836,baseline_has_higher_error_than_model
pseudo,pre_third,DELTA_MT,no_revision,spf,80,1000,4,0.0,0.0,0.0,0.0,0.0,0.0,baseline_has_higher_error_than_model
pseudo,pre_third,DELTA_MT,no_revision,standard_dfm,80,1000,4,-0.09322102891922568,-0.20898312023148954,0.06393955938235388,-0.10284506468571308,-0.2175223454109925,0.0016388006106154763,baseline_has_higher_error_than_model
pseudo,pre_third,DELTA_MT,bridge,ar,80,1000,4,-1.5360228732439687,-2.8048785423710325,0.0793653005277308,-0.5075666167411712,-1.1447771146692731,0.03149610166720338,baseline_has_higher_error_than_model
pseudo,pre_third,DELTA_MT,bridge,indicator_revision_only_dfm_kalman_em,80,1000,4,0.7861510505071372,0.33102295678459903,1.3868324855377698,0.47247822498341296,0.18490344172213374,0.895344172976417,baseline_has_higher_error_than_model
pseudo,pre_third,DELTA_MT,bridge,joint_indicator_revision_dfm_full_kalman_em,80,1000,4,0.7836800947259313,0.3116311114689551,1.3652899439732773,0.4700065426373543,0.17175619685810292,0.8825169373813752,baseline_has_higher_error_than_model
pseudo,pre_third,DELTA_MT,bridge,midas_umidas,80,1000,4,-7.100237024501029,-9.575866622588205,-4.047790843037843,-4.6258771279324495,-6.531586977352007,-3.01763373254206,baseline_has_higher_error_than_model
pseudo,pre_third,DELTA_MT,bridge,monthly_mixed_frequency_kalman_em,80,1000,4,0.739392297452538,0.2706319943505004,1.279466785776549,0.43588094813694545,0.14497548760840123,0.7956058994022581,baseline_has_higher_error_than_model
pseudo,pre_third,DELTA_MT,bridge,no_revision,80,1000,4,0.7861510505071372,0.33244527631982607,1.3299991895852568,0.47247822498341296,0.17860912604198975,0.8567620830626644,baseline_has_higher_error_than_model
pseudo,pre_third,DELTA_MT,bridge,release_dfm,80,1000,4,0.6731267968297676,0.13532924067994867,1.3197040757550782,0.40318849042510685,0.07828875962110123,0.8295621971455007,baseline_has_higher_error_than_model
pseudo,pre_third,DELTA_MT,bridge,revision_dfm_kalman_em,80,1000,4,0.7838432045752004,0.3088861673345306,1.3630052039150815,0.47024498213890187,0.17899665902726009,0.8603172225095324,baseline_has_higher_error_than_model
pseudo,pre_third,DELTA_MT,bridge,spf,80,1000,4,0.7861510505071372,0.2962992787044474,1.2874654965722507,0.47247822498341296,0.18167583665577453,0.822420003065738,baseline_has_higher_error_than_model
pseudo,pre_third,DELTA_MT,bridge,standard_dfm,80,1000,4,0.6929300215879115,0.1580856713440649,1.3331083116468867,0.3696331602976999,0.047191205944827924,0.7645155676729238,baseline_has_higher_error_than_model
pseudo,pre_third,DELTA_MT,midas_umidas,ar,80,1000,4,5.56421415125706,3.130329123688803,7.826116383971534,4.118310511191279,2.450851326470863,5.9281871119499785,baseline_has_higher_error_than_model
pseudo,pre_third,DELTA_MT,midas_umidas,bridge,80,1000,4,7.100237024501029,4.131740713559897,9.539424274696636,4.6258771279324495,3.001465205177127,6.3505181449551715,baseline_has_higher_error_than_model
pseudo,pre_third,DELTA_MT,midas_umidas,indicator_revision_only_dfm_kalman_em,80,1000,4,7.886388075008166,4.816190860881281,10.89362583782316,5.098355352915863,3.3851196315349115,7.0577241333065315,baseline_has_higher_error_than_model
pseudo,pre_third,DELTA_MT,midas_umidas,joint_indicator_revision_dfm_full_kalman_em,80,1000,4,7.88391711922696,5.00943264211473,10.68693565169823,5.095883670569805,3.4594003335658328,6.938890795506236,baseline_has_higher_error_than_model
pseudo,pre_third,DELTA_MT,midas_umidas,monthly_mixed_frequency_kalman_em,80,1000,4,7.839629321953567,4.704602467605739,10.528381355163297,5.061758076069395,3.3766558742974144,6.86736981975155,baseline_has_higher_error_than_model
pseudo,pre_third,DELTA_MT,midas_umidas,no_revision,80,1000,4,7.886388075008166,4.562193616035863,10.614112018140762,5.098355352915863,3.3405586470420365,6.917164105712488,baseline_has_higher_error_than_model
pseudo,pre_third,DELTA_MT,midas_umidas,release_dfm,80,1000,4,7.773363821330797,4.392372921758739,10.400784373258295,5.029065618357556,3.2874766938441353,6.902305609954655,baseline_has_higher_error_than_model
pseudo,pre_third,DELTA_MT,midas_umidas,revision_dfm_kalman_em,80,1000,4,7.884080229076229,4.634366777436863,10.85570718661338,5.096122110071352,3.327357994423002,7.036877530557933,baseline_has_higher_error_than_model
pseudo,pre_third,DELTA_MT,midas_umidas,spf,80,1000,4,7.886388075008166,4.719057769457501,10.913327432804119,5.098355352915863,3.4042533804763617,7.064653564204715,baseline_has_higher_error_than_model
pseudo,pre_third,DELTA_MT,midas_umidas,standard_dfm,80,1000,4,7.793167046088941,4.372079347105815,10.939120415378033,4.99551028823015,3.203418762400996,7.138246049263033,baseline_has_higher_error_than_model
pseudo,pre_third,DELTA_MT,spf,ar,80,1000,4,-2.322173923751106,-4.049606145700489,-0.4829756916348681,-0.9800448417245842,-1.7388654348801484,-0.35758470788217755,baseline_has_higher_error_than_model
pseudo,pre_third,DELTA_MT,spf,bridge,80,1000,4,-0.7861510505071372,-1.3294511937244318,-0.3240182982695156,-0.47247822498341296,-0.8444867376030766,-0.17981849435663083,baseline_has_higher_error_than_model
pseudo,pre_third,DELTA_MT,spf,indicator_revision_only_dfm_kalman_em,80,1000,4,0.0,0.0,0.0,0.0,0.0,0.0,baseline_has_higher_error_than_model
pseudo,pre_third,DELTA_MT,spf,joint_indicator_revision_dfm_full_kalman_em,80,1000,4,-0.00247095578120593,-0.004731121409848072,0.00020139247392927291,-0.0024716823460586568,-0.004325310950831232,-0.00038645223049555707,baseline_has_higher_error_than_model
pseudo,pre_third,DELTA_MT,spf,midas_umidas,80,1000,4,-7.886388075008166,-10.597313930707543,-4.74688234567584,-5.098355352915863,-7.03855321405535,-3.4722415835418,baseline_has_higher_error_than_model
pseudo,pre_third,DELTA_MT,spf,monthly_mixed_frequency_kalman_em,80,1000,4,-0.0467587530545992,-0.07835197955506283,-0.012176665197298032,-0.03659727684646752,-0.06278036463403897,-0.012568653402620719,baseline_has_higher_error_than_model
pseudo,pre_third,DELTA_MT,spf,no_revision,80,1000,4,0.0,0.0,0.0,0.0,0.0,0.0,baseline_has_higher_error_than_model
pseudo,pre_third,DELTA_MT,spf,release_dfm,80,1000,4,-0.11302425367736957,-0.244158773634284,0.026583510321514455,-0.06928973455830612,-0.18204771947118026,0.05775035309794119,baseline_has_higher_error_than_model
pseudo,pre_third,DELTA_MT,spf,revision_dfm_kalman_em,80,1000,4,-0.0023078459319367806,-0.004501923591425805,0.0003372471337587778,-0.0022332428445110963,-0.00412899646252618,-0.00035900911368184674,baseline_has_higher_error_than_model
pseudo,pre_third,DELTA_MT,spf,standard_dfm,80,1000,4,-0.09322102891922568,-0.20917540937318294,0.0537087927636781,-0.10284506468571308,-0.21355804162388883,0.006096276506240224,baseline_has_higher_error_than_model
pseudo,pre_third,DELTA_MT,standard_dfm,ar,80,1000,4,-2.22895289483188,-4.108235675475931,-0.3933659177010989,-0.8771997770388711,-1.7548285066637606,-0.23911778781142284,baseline_has_higher_error_than_model
pseudo,pre_third,DELTA_MT,standard_dfm,bridge,80,1000,4,-0.6929300215879115,-1.2928963066162837,-0.1527662508631533,-0.3696331602976999,-0.7639924073455004,-0.04444668275053851,baseline_has_higher_error_than_model
pseudo,pre_third,DELTA_MT,standard_dfm,indicator_revision_only_dfm_kalman_em,80,1000,4,0.09322102891922568,-0.048620774914093556,0.209429575052046,0.10284506468571308,-0.008096560553399506,0.20847825272470147,baseline_has_higher_error_than_model
pseudo,pre_third,DELTA_MT,standard_dfm,joint_indicator_revision_dfm_full_kalman_em,80,1000,4,0.09075007313801975,-0.047090708500144365,0.20762297813567324,0.10037338233965443,-0.0068263670981054065,0.21648354685165433,baseline_has_higher_error_than_model
pseudo,pre_third,DELTA_MT,standard_dfm,midas_umidas,80,1000,4,-7.793167046088941,-10.667923653617628,-4.59420195090841,-4.99551028823015,-6.972854502201038,-3.3136882346625103,baseline_has_higher_error_than_model
pseudo,pre_third,DELTA_MT,standard_dfm,monthly_mixed_frequency_kalman_em,80,1000,4,0.04646227586462648,-0.10841223664026436,0.17196387798031526,0.06624778783924556,-0.04427790438715064,0.17502465466001624,baseline_has_higher_error_than_model
pseudo,pre_third,DELTA_MT,standard_dfm,no_revision,80,1000,4,0.09322102891922568,-0.054256307443497055,0.20893485452645558,0.10284506468571308,-0.01242563106479823,0.20416892245641793,baseline_has_higher_error_than_model
pseudo,pre_third,DELTA_MT,standard_dfm,release_dfm,80,1000,4,-0.01980322475814389,-0.16554973350126906,0.09228298410394324,0.03355533012740697,-0.091087101598132,0.1324646612277856,baseline_has_higher_error_than_model
pseudo,pre_third,DELTA_MT,standard_dfm,revision_dfm_kalman_em,80,1000,4,0.0909131829872889,-0.05002060075313809,0.20962827412695922,0.10061182184120199,-0.011421390860996023,0.20769793561008792,baseline_has_higher_error_than_model
pseudo,pre_third,DELTA_MT,standard_dfm,spf,80,1000,4,0.09322102891922568,-0.0489493765152628,0.2080649509012586,0.10284506468571308,-0.010507876487696082,0.2085387736227131,baseline_has_higher_error_than_model
pseudo,pre_third,DELTA_MT,release_dfm,ar,80,1000,4,-2.209149670073736,-3.888223983020917,-0.3464551614355204,-0.910755107166278,-1.7452307520596204,-0.2728756209587876,baseline_has_higher_error_than_model
pseudo,pre_third,DELTA_MT,release_dfm,bridge,80,1000,4,-0.6731267968297676,-1.2964809528507546,-0.13757102587917924,-0.40318849042510685,-0.8161106806452891,-0.07014952700522405,baseline_has_higher_error_than_model
pseudo,pre_third,DELTA_MT,release_dfm,indicator_revision_only_dfm_kalman_em,80,1000,4,0.11302425367736957,-0.020631010982392152,0.24190792190755311,0.06928973455830612,-0.05879716958493681,0.18727840523460423,baseline_has_higher_error_than_model
pseudo,pre_third,DELTA_MT,release_dfm,joint_indicator_revision_dfm_full_kalman_em,80,1000,4,0.11055329789616364,-0.02141655528660776,0.2427555050116103,0.06681805221224746,-0.05516360521946951,0.19528708706253703,baseline_has_higher_error_than_model
pseudo,pre_third,DELTA_MT,release_dfm,midas_umidas,80,1000,4,-7.773363821330797,-10.649492664902226,-4.655797261936067,-5.029065618357556,-6.853201085706557,-3.3929451331569127,baseline_has_higher_error_than_model
pseudo,pre_third,DELTA_MT,release_dfm,monthly_mixed_frequency_kalman_em,80,1000,4,0.06626550062277037,-0.0918332441091146,0.20911263458754506,0.032692457711838596,-0.0888925874378594,0.15158344456774672,baseline_has_higher_error_than_model
pseudo,pre_third,DELTA_MT,release_dfm,no_revision,80,1000,4,0.11302425367736957,-0.023796765430806176,0.2402378952229121,0.06928973455830612,-0.06008972128260347,0.18624994747382004,baseline_has_higher_error_than_model
pseudo,pre_third,DELTA_MT,release_dfm,revision_dfm_kalman_em,80,1000,4,0.11071640774543279,-0.02643857369075924,0.23531203038007448,0.06705649171379502,-0.06127296319708557,0.18861701668901676,baseline_has_higher_error_than_model
pseudo,pre_third,DELTA_MT,release_dfm,spf,80,1000,4,0.11302425367736957,-0.011879402187722536,0.25075818234572295,0.06928973455830612,-0.045456014487055774,0.19085373317716173,baseline_has_higher_error_than_model
pseudo,pre_third,DELTA_MT,release_dfm,standard_dfm,80,1000,4,0.01980322475814389,-0.08912453697566419,0.1563426766945967,-0.03355533012740697,-0.13455845047436196,0.08819556889902565,baseline_has_higher_error_than_model
