model_id,timing_mode,checkpoint_id,revision_target_id,n_forecasts,n_variance,share_positive_variance,share_finite_sd,min_forecast_variance,median_forecast_variance,max_forecast_variance,mean_forecast_sd,empirical_error_sd,RMSE,mean_sd_to_rmse,mean_sd_to_empirical_error_sd,coverage_68,coverage_90,model_implied_share
ar,exact,pre_advance,DELTA_SA,79,0,0.0,0.0,,,,,0.6773397609913052,0.6781421206748106,,,,,0.0
ar,exact,pre_second,DELTA_TS,79,0,0.0,0.0,,,,,0.41019163488335636,0.40791620019200964,,,,,0.0
ar,exact,pre_third,DELTA_MT,80,0,0.0,0.0,,,,,3.884123072184548,3.8893401754701458,,,,,0.0
ar,pseudo,pre_advance,DELTA_SA,79,0,0.0,0.0,,,,,0.6773397609913052,0.6781421206748106,,,,,0.0
ar,pseudo,pre_second,DELTA_TS,79,0,0.0,0.0,,,,,0.41019163488335636,0.40791620019200964,,,,,0.0
ar,pseudo,pre_third,DELTA_MT,80,0,0.0,0.0,,,,,3.884123072184548,3.8893401754701458,,,,,0.0
bridge,exact,pre_advance,DELTA_SA,79,0,0.0,0.0,,,,,0.722885248043382,0.7182954588874345,,,,,0.0
bridge,exact,pre_second,DELTA_TS,79,0,0.0,0.0,,,,,0.4944408692661488,0.4916791866250371,,,,,0.0
bridge,exact,pre_third,DELTA_MT,80,0,0.0,0.0,,,,,2.08566533889512,2.1290652600630544,,,,,0.0
bridge,pseudo,pre_advance,DELTA_SA,79,0,0.0,0.0,,,,,0.7267392633602563,0.7221269467369036,,,,,0.0
bridge,pseudo,pre_second,DELTA_TS,79,0,0.0,0.0,,,,,0.49511434520623226,0.49234421429461056,,,,,0.0
bridge,pseudo,pre_third,DELTA_MT,80,0,0.0,0.0,,,,,2.0868704579177786,2.1299563533049155,,,,,0.0
indicator_revision_only_dfm_kalman_em,exact,pre_advance,DELTA_SA,79,79,1.0,1.0,0.4058819800101272,0.4527828243281568,0.4861615488167956,0.6715540136812508,0.5694656229901923,0.5696627235545563,1.1788624846135582,1.1792705065408604,0.8354430379746836,0.9367088607594937,1.0
indicator_revision_only_dfm_kalman_em,exact,pre_second,DELTA_TS,79,79,1.0,1.0,0.1315587365878678,0.143063055137781,0.1586232438934255,0.3786218483775385,0.3595420355888921,0.3613823734957444,1.0477042494215536,1.0530669877234122,0.8481012658227848,0.9493670886075949,1.0
indicator_revision_only_dfm_kalman_em,exact,pre_third,DELTA_MT,80,80,1.0,1.0,0.6083509309530835,0.6642956140048841,0.8628822444982294,0.8239335188513689,0.9637577194443875,1.0016142136324435,0.8226056575847704,0.8549176854597563,0.8625,0.95,1.0
indicator_revision_only_dfm_kalman_em,pseudo,pre_advance,DELTA_SA,79,79,1.0,1.0,0.405882346495968,0.4527829021833867,0.4861646900358281,0.6714587226226738,0.5694656229901923,0.5696627235545563,1.178695208338252,1.179103172368735,0.8354430379746836,0.9367088607594937,1.0
indicator_revision_only_dfm_kalman_em,pseudo,pre_second,DELTA_TS,79,79,1.0,1.0,0.131736904531301,0.1430630612274978,0.1586232438934255,0.378626744292756,0.3595420355888921,0.3613823734957444,1.0477177971637144,1.0530806048105201,0.8481012658227848,0.9493670886075949,1.0
indicator_revision_only_dfm_kalman_em,pseudo,pre_third,DELTA_MT,80,80,1.0,1.0,0.608351059654368,0.6642817475530725,0.8628822215207018,0.8239177256783676,0.9637577194443875,1.0016142136324435,0.8225898898642385,0.8549012983816736,0.8625,0.95,1.0
joint_indicator_revision_dfm_full_kalman_em,exact,pre_advance,DELTA_SA,79,79,1.0,1.0,0.3664066573835276,0.4199844313013736,0.4411352599016069,0.6416833534849632,0.6423212001579814,0.6424227853346578,0.9988489949818492,0.9990069661831785,0.759493670886076,0.9113924050632911,1.0
joint_indicator_revision_dfm_full_kalman_em,exact,pre_second,DELTA_TS,79,79,1.0,1.0,0.1275391943858562,0.138524548767856,0.1528335296144999,0.37224214994416843,0.3607969795593268,0.3621166815971901,1.0279618942223756,1.0317219129683974,0.8481012658227848,0.9493670886075949,1.0
joint_indicator_revision_dfm_full_kalman_em,exact,pre_third,DELTA_MT,80,80,1.0,1.0,0.5988554935118835,0.6481669602048928,0.8729557728555615,0.8141677829359288,0.9662453238723032,1.004485174263573,0.8105324038583515,0.8426098039709917,0.8375,0.95,1.0
joint_indicator_revision_dfm_full_kalman_em,pseudo,pre_advance,DELTA_SA,79,79,1.0,1.0,0.3664292290429838,0.4199693351151348,0.4411359500664868,0.641701332210422,0.6433337478773455,0.6435519895894873,0.9971243078896457,0.9974625679558866,0.759493670886076,0.9113924050632911,1.0
joint_indicator_revision_dfm_full_kalman_em,pseudo,pre_second,DELTA_TS,79,79,1.0,1.0,0.1275390966417823,0.1385155818026626,0.1528335296144999,0.3722456921555418,0.3607184624836627,0.36204273036677476,1.0281816507637944,1.0319563062908133,0.8481012658227848,0.9493670886075949,1.0
joint_indicator_revision_dfm_full_kalman_em,pseudo,pre_third,DELTA_MT,80,80,1.0,1.0,0.5988551703764116,0.6481861695635229,0.8729550714686287,0.8141747556298238,0.9662443881157828,1.0044840897586393,0.8105402205279889,0.8426178362779407,0.8375,0.95,1.0
midas_umidas,exact,pre_advance,DELTA_SA,79,0,0.0,0.0,,,,,13.920103314063764,13.866667467379607,,,,,0.0
midas_umidas,exact,pre_second,DELTA_TS,79,0,0.0,0.0,,,,,3.144075085918269,3.1241130194946414,,,,,0.0
midas_umidas,exact,pre_third,DELTA_MT,80,0,0.0,0.0,,,,,8.219016739124159,8.189349081226077,,,,,0.0
midas_umidas,pseudo,pre_advance,DELTA_SA,79,0,0.0,0.0,,,,,13.530921369812377,13.497152970832797,,,,,0.0
midas_umidas,pseudo,pre_second,DELTA_TS,79,0,0.0,0.0,,,,,3.144152367806338,3.1241983182834105,,,,,0.0
midas_umidas,pseudo,pre_third,DELTA_MT,80,0,0.0,0.0,,,,,8.216213669382778,8.185354586560583,,,,,0.0
monthly_mixed_frequency_kalman_em,exact,pre_advance,DELTA_SA,79,79,1.0,1.0,0.3579930962879043,0.3870846621001007,0.400734333244392,0.6181869343667994,0.5750559636991045,0.5718545673079508,1.081021241601622,1.0750030838568314,0.7721518987341772,0.8987341772151899,1.0
monthly_mixed_frequency_kalman_em,exact,pre_second,DELTA_TS,79,79,1.0,1.0,0.1359851733375566,0.1449941554152551,0.1674113769251541,0.3841453253571005,0.3801728606317559,0.37809264950037325,1.0160084462491548,1.0104491012818309,0.8607594936708861,0.9240506329113924,1.0
monthly_mixed_frequency_kalman_em,exact,pre_third,DELTA_MT,80,80,1.0,1.0,0.5567161800741158,0.6208231989428926,0.8208348321311913,0.7940056526972694,0.9802499461043983,1.0265968773214025,0.7734347047392056,0.8100032607527493,0.7875,0.95,1.0
monthly_mixed_frequency_kalman_em,pseudo,pre_advance,DELTA_SA,79,79,1.0,1.0,0.3577450417434393,0.3870145911202751,0.4006239807638714,0.6181818628461088,0.5747490036036158,0.5715551258080861,1.0815787225634623,1.075568394151488,0.7721518987341772,0.8987341772151899,1.0
monthly_mixed_frequency_kalman_em,pseudo,pre_second,DELTA_TS,79,79,1.0,1.0,0.1359426604900165,0.1449819015572765,0.1674085153461444,0.3840415456678273,0.3795764880293282,0.3775392661016555,1.0172227901836863,1.0117632618966486,0.8607594936708861,0.9240506329113924,1.0
monthly_mixed_frequency_kalman_em,pseudo,pre_third,DELTA_MT,80,80,1.0,1.0,0.5567153130979805,0.6208325865842154,0.820836503742807,0.7939917372189353,0.9800725677104885,1.026412938597554,0.7735597510138669,0.8101356607437246,0.7875,0.95,1.0
no_revision,exact,pre_advance,DELTA_SA,79,0,0.0,0.0,,,,,0.5694656229901923,0.5696627235545563,,,,,0.0
no_revision,exact,pre_second,DELTA_TS,79,0,0.0,0.0,,,,,0.3595420355888921,0.3613823734957444,,,,,0.0
no_revision,exact,pre_third,DELTA_MT,80,0,0.0,0.0,,,,,0.9637577194443875,1.0016142136324435,,,,,0.0
no_revision,pseudo,pre_advance,DELTA_SA,79,0,0.0,0.0,,,,,0.5694656229901923,0.5696627235545563,,,,,0.0
no_revision,pseudo,pre_second,DELTA_TS,79,0,0.0,0.0,,,,,0.3595420355888921,0.3613823734957444,,,,,0.0
no_revision,pseudo,pre_third,DELTA_MT,80,0,0.0,0.0,,,,,0.9637577194443875,1.0016142136324435,,,,,0.0
release_dfm,exact,pre_advance,DELTA_SA,79,0,0.0,0.0,,,,,0.6456924170756912,0.6416466896223114,,,,,0.0
release_dfm,exact,pre_second,DELTA_TS,79,0,0.0,0.0,,,,,0.36551622900170333,0.3637919631069554,,,,,0.0
release_dfm,exact,pre_third,DELTA_MT,80,0,0.0,0.0,,,,,1.0254570450582263,1.1538502570072733,,,,,0.0
release_dfm,pseudo,pre_advance,DELTA_SA,79,0,0.0,0.0,,,,,0.644626237924784,0.6405783165541686,,,,,0.0
release_dfm,pseudo,pre_second,DELTA_TS,79,0,0.0,0.0,,,,,0.3655540312921149,0.3638289418724508,,,,,0.0
release_dfm,pseudo,pre_third,DELTA_MT,80,0,0.0,0.0,,,,,1.0251454678586718,1.1535986114275298,,,,,0.0
revision_dfm_kalman_em,exact,pre_advance,DELTA_SA,79,79,1.0,1.0,0.4009568442060782,0.4400494154411998,0.4676375300440245,0.661398561802356,0.6462263403667867,0.6473857119977422,1.02164528741509,1.0234781847904215,0.7974683544303798,0.8860759493670886,1.0
revision_dfm_kalman_em,exact,pre_second,DELTA_TS,79,79,1.0,1.0,0.1275997163061385,0.1395387733101573,0.1532666289511178,0.3729242859752137,0.3600765134378357,0.3613388294922605,1.0320625837506383,1.035680673573274,0.8354430379746836,0.9493670886075949,1.0
revision_dfm_kalman_em,exact,pre_third,DELTA_MT,80,80,1.0,1.0,0.5944242760977798,0.6454663068601401,0.8479204475283585,0.812033147798051,0.9653077618388879,1.003598672838071,0.8091213846484143,0.841216842855534,0.8375,0.95,1.0
revision_dfm_kalman_em,pseudo,pre_advance,DELTA_SA,79,79,1.0,1.0,0.4009569075421222,0.4400495413769558,0.4676347714216877,0.6613959743106927,0.6454968224130537,0.646698281714718,1.0227272794926932,1.0246308755451397,0.7974683544303798,0.8860759493670886,1.0
revision_dfm_kalman_em,pseudo,pre_second,DELTA_TS,79,79,1.0,1.0,0.1275999549337954,0.1395387733101573,0.1532666522708274,0.3729249610075748,0.36006928068032623,0.3613356130062197,1.0320736389777212,1.0357033521520043,0.8354430379746836,0.9493670886075949,1.0
revision_dfm_kalman_em,pseudo,pre_third,DELTA_MT,80,80,1.0,1.0,0.594424417929896,0.6451339771610396,0.8479203714519432,0.8120322443663615,0.9653137091653814,1.0036031459466677,0.8091168781664158,0.8412107241991327,0.8375,0.95,1.0
spf,exact,pre_advance,DELTA_SA,79,0,0.0,0.0,,,,,0.5694656229901923,0.5696627235545563,,,,,0.0
spf,exact,pre_second,DELTA_TS,79,0,0.0,0.0,,,,,0.3595420355888921,0.3613823734957444,,,,,0.0
spf,exact,pre_third,DELTA_MT,80,0,0.0,0.0,,,,,0.9637577194443875,1.0016142136324435,,,,,0.0
spf,pseudo,pre_advance,DELTA_SA,79,0,0.0,0.0,,,,,0.5694656229901923,0.5696627235545563,,,,,0.0
spf,pseudo,pre_second,DELTA_TS,79,0,0.0,0.0,,,,,0.3595420355888921,0.3613823734957444,,,,,0.0
spf,pseudo,pre_third,DELTA_MT,80,0,0.0,0.0,,,,,0.9637577194443875,1.0016142136324435,,,,,0.0
standard_dfm,exact,pre_advance,DELTA_SA,79,0,0.0,0.0,,,,,0.6456924170756912,0.6416466896223114,,,,,0.0
standard_dfm,exact,pre_second,DELTA_TS,79,0,0.0,0.0,,,,,0.36947641177978274,0.3671373475049814,,,,,0.0
standard_dfm,exact,pre_third,DELTA_MT,80,0,0.0,0.0,,,,,1.0641376788046952,1.1152914893484263,,,,,0.0
standard_dfm,pseudo,pre_advance,DELTA_SA,79,0,0.0,0.0,,,,,0.644626237924784,0.6405783165541686,,,,,0.0
standard_dfm,pseudo,pre_second,DELTA_TS,79,0,0.0,0.0,,,,,0.369448018728027,0.3671091037446861,,,,,0.0
standard_dfm,pseudo,pre_third,DELTA_MT,80,0,0.0,0.0,,,,,1.0633948961059108,1.1144400093532312,,,,,0.0
