timing_mode,checkpoint_id,outcome_id,baseline_model,model_id,test_type,positive_mean_interpretation,n_obs,mean_loss_diff,hac_lag,test_stat,p_value_two_sided,p_value_model_better_one_sided
exact,pre_advance,A,ar,bridge,DM_HAC_squared_error,model_has_lower_squared_error_than_baseline,80,27.18208243308107,4,1.076277214301289,0.2818032959767955,0.14090164798839774
exact,pre_advance,A,ar,indicator_revision_only_dfm_kalman_em,DM_HAC_squared_error,model_has_lower_squared_error_than_baseline,80,36.17698733469747,4,1.003697476118854,0.3155244539661799,0.15776222698308995
exact,pre_advance,A,ar,joint_indicator_revision_dfm_full_kalman_em,DM_HAC_squared_error,model_has_lower_squared_error_than_baseline,80,36.68105384470488,4,1.0237523817477887,0.3059522470352144,0.1529761235176072
exact,pre_advance,A,ar,midas_umidas,DM_HAC_squared_error,model_has_lower_squared_error_than_baseline,80,-127.7273129894724,4,-2.6386254749665197,0.0083242888720876,0.9958378555639562
exact,pre_advance,A,ar,monthly_mixed_frequency_kalman_em,DM_HAC_squared_error,model_has_lower_squared_error_than_baseline,80,29.271450911049975,4,0.9981109229246182,0.31822557405928437,0.15911278702964218
exact,pre_advance,A,ar,no_revision,DM_HAC_squared_error,model_has_lower_squared_error_than_baseline,80,-1.9097956519365524,4,-1.2208889243511079,0.22212807854117209,0.8889359607294139
exact,pre_advance,A,ar,release_dfm,DM_HAC_squared_error,model_has_lower_squared_error_than_baseline,80,41.5354888389522,4,1.081217616045569,0.27960032372167715,0.13980016186083857
exact,pre_advance,A,ar,revision_dfm_kalman_em,DM_HAC_squared_error,model_has_lower_squared_error_than_baseline,80,38.50788202448027,4,1.0616624760800308,0.28838894004652865,0.14419447002326433
exact,pre_advance,A,ar,spf,DM_HAC_squared_error,model_has_lower_squared_error_than_baseline,80,45.98455834240112,4,1.108398228666507,0.26768986957022556,0.13384493478511278
exact,pre_advance,A,ar,standard_dfm,DM_HAC_squared_error,model_has_lower_squared_error_than_baseline,80,41.5354888389522,4,1.081217616045569,0.27960032372167715,0.13980016186083857
exact,pre_advance,A,no_revision,ar,DM_HAC_squared_error,model_has_lower_squared_error_than_baseline,80,1.9097956519365524,4,1.2208889243511079,0.22212807854117209,0.11106403927058604
exact,pre_advance,A,no_revision,bridge,DM_HAC_squared_error,model_has_lower_squared_error_than_baseline,80,29.09187808501763,4,1.0930627801217552,0.27436623636135565,0.13718311818067783
exact,pre_advance,A,no_revision,indicator_revision_only_dfm_kalman_em,DM_HAC_squared_error,model_has_lower_squared_error_than_baseline,80,38.08678298663402,4,1.0188995074331533,0.3082506775812067,0.15412533879060336
exact,pre_advance,A,no_revision,joint_indicator_revision_dfm_full_kalman_em,DM_HAC_squared_error,model_has_lower_squared_error_than_baseline,80,38.590849496641425,4,1.0383027478205589,0.299129129824327,0.1495645649121635
exact,pre_advance,A,no_revision,midas_umidas,DM_HAC_squared_error,model_has_lower_squared_error_than_baseline,80,-125.81751733753586,4,-2.654793543549217,0.007935696098724637,0.9960321519506377
exact,pre_advance,A,no_revision,monthly_mixed_frequency_kalman_em,DM_HAC_squared_error,model_has_lower_squared_error_than_baseline,80,31.181246562986537,4,1.0155860389634912,0.309826555853777,0.1549132779268885
exact,pre_advance,A,no_revision,release_dfm,DM_HAC_squared_error,model_has_lower_squared_error_than_baseline,80,43.445284490888746,4,1.0921906587383194,0.27474930749325116,0.13737465374662558
exact,pre_advance,A,no_revision,revision_dfm_kalman_em,DM_HAC_squared_error,model_has_lower_squared_error_than_baseline,80,40.41767767641682,4,1.0745020008117,0.28259774850557134,0.14129887425278567
exact,pre_advance,A,no_revision,spf,DM_HAC_squared_error,model_has_lower_squared_error_than_baseline,80,47.89435399433768,4,1.1181204061485557,0.2635155721972272,0.1317577860986136
exact,pre_advance,A,no_revision,standard_dfm,DM_HAC_squared_error,model_has_lower_squared_error_than_baseline,80,43.445284490888746,4,1.0921906587383194,0.27474930749325116,0.13737465374662558
exact,pre_advance,A,bridge,ar,DM_HAC_squared_error,model_has_lower_squared_error_than_baseline,80,-27.18208243308107,4,-1.076277214301289,0.2818032959767955,0.8590983520116022
exact,pre_advance,A,bridge,indicator_revision_only_dfm_kalman_em,DM_HAC_squared_error,model_has_lower_squared_error_than_baseline,80,8.9949049016164,4,0.8198850564283418,0.4122816364538173,0.20614081822690866
exact,pre_advance,A,bridge,joint_indicator_revision_dfm_full_kalman_em,DM_HAC_squared_error,model_has_lower_squared_error_than_baseline,80,9.498971411623804,4,0.8837129036060022,0.3768512129047186,0.1884256064523593
exact,pre_advance,A,bridge,midas_umidas,DM_HAC_squared_error,model_has_lower_squared_error_than_baseline,80,-154.90939542255347,4,-2.1632830339414513,0.030519417190919305,0.9847402914045403
exact,pre_advance,A,bridge,monthly_mixed_frequency_kalman_em,DM_HAC_squared_error,model_has_lower_squared_error_than_baseline,80,2.0893684779689083,4,0.4005575129193648,0.6887459318615327,0.34437296593076633
exact,pre_advance,A,bridge,no_revision,DM_HAC_squared_error,model_has_lower_squared_error_than_baseline,80,-29.09187808501763,4,-1.0930627801217552,0.27436623636135565,0.8628168818193221
exact,pre_advance,A,bridge,release_dfm,DM_HAC_squared_error,model_has_lower_squared_error_than_baseline,80,14.353406405871116,4,1.0891564532031088,0.27608489855910967,0.13804244927955484
exact,pre_advance,A,bridge,revision_dfm_kalman_em,DM_HAC_squared_error,model_has_lower_squared_error_than_baseline,80,11.325799591399187,4,1.0214320720542487,0.3070497766963688,0.1535248883481844
exact,pre_advance,A,bridge,spf,DM_HAC_squared_error,model_has_lower_squared_error_than_baseline,80,18.80247590932006,4,1.1557381946594625,0.24778826022510134,0.12389413011255067
exact,pre_advance,A,bridge,standard_dfm,DM_HAC_squared_error,model_has_lower_squared_error_than_baseline,80,14.353406405871116,4,1.0891564532031088,0.27608489855910967,0.13804244927955484
exact,pre_advance,A,midas_umidas,ar,DM_HAC_squared_error,model_has_lower_squared_error_than_baseline,80,127.7273129894724,4,2.6386254749665197,0.0083242888720876,0.0041621444360438
exact,pre_advance,A,midas_umidas,bridge,DM_HAC_squared_error,model_has_lower_squared_error_than_baseline,80,154.90939542255347,4,2.1632830339414513,0.030519417190919305,0.015259708595459652
exact,pre_advance,A,midas_umidas,indicator_revision_only_dfm_kalman_em,DM_HAC_squared_error,model_has_lower_squared_error_than_baseline,80,163.9043003241699,4,1.9965356708714217,0.045875647051809784,0.022937823525904892
exact,pre_advance,A,midas_umidas,joint_indicator_revision_dfm_full_kalman_em,DM_HAC_squared_error,model_has_lower_squared_error_than_baseline,80,164.4083668341773,4,2.007238570835783,0.044724266491713766,0.022362133245856883
exact,pre_advance,A,midas_umidas,monthly_mixed_frequency_kalman_em,DM_HAC_squared_error,model_has_lower_squared_error_than_baseline,80,156.99876390052236,4,2.1028894339504034,0.03547543567352982,0.01773771783676491
exact,pre_advance,A,midas_umidas,no_revision,DM_HAC_squared_error,model_has_lower_squared_error_than_baseline,80,125.81751733753586,4,2.654793543549217,0.007935696098724637,0.0039678480493623184
exact,pre_advance,A,midas_umidas,release_dfm,DM_HAC_squared_error,model_has_lower_squared_error_than_baseline,80,169.2628018284246,4,2.0139683149192598,0.04401286021523042,0.02200643010761521
exact,pre_advance,A,midas_umidas,revision_dfm_kalman_em,DM_HAC_squared_error,model_has_lower_squared_error_than_baseline,80,166.23519501395268,4,2.01966444947324,0.043418205034118834,0.021709102517059417
exact,pre_advance,A,midas_umidas,spf,DM_HAC_squared_error,model_has_lower_squared_error_than_baseline,80,173.7118713318735,4,1.9899361420647357,0.04659797039736144,0.02329898519868072
exact,pre_advance,A,midas_umidas,standard_dfm,DM_HAC_squared_error,model_has_lower_squared_error_than_baseline,80,169.2628018284246,4,2.0139683149192598,0.04401286021523042,0.02200643010761521
exact,pre_advance,A,spf,ar,DM_HAC_squared_error,model_has_lower_squared_error_than_baseline,80,-45.98455834240112,4,-1.108398228666507,0.26768986957022556,0.8661550652148873
exact,pre_advance,A,spf,bridge,DM_HAC_squared_error,model_has_lower_squared_error_than_baseline,80,-18.80247590932006,4,-1.1557381946594625,0.24778826022510134,0.8761058698874493
exact,pre_advance,A,spf,indicator_revision_only_dfm_kalman_em,DM_HAC_squared_error,model_has_lower_squared_error_than_baseline,80,-9.807571007703658,4,-1.7201842953423274,0.08539894679802834,0.9573005266009859
exact,pre_advance,A,spf,joint_indicator_revision_dfm_full_kalman_em,DM_HAC_squared_error,model_has_lower_squared_error_than_baseline,80,-9.303504497696252,4,-1.5836595101960038,0.11327122355795098,0.9433643882210245
exact,pre_advance,A,spf,midas_umidas,DM_HAC_squared_error,model_has_lower_squared_error_than_baseline,80,-173.7118713318735,4,-1.9899361420647357,0.04659797039736144,0.9767010148013193
exact,pre_advance,A,spf,monthly_mixed_frequency_kalman_em,DM_HAC_squared_error,model_has_lower_squared_error_than_baseline,80,-16.71310743135115,4,-1.2712986458211926,0.20362242392546545,0.8981887880372673
exact,pre_advance,A,spf,no_revision,DM_HAC_squared_error,model_has_lower_squared_error_than_baseline,80,-47.89435399433768,4,-1.1181204061485557,0.2635155721972272,0.8682422139013863
exact,pre_advance,A,spf,release_dfm,DM_HAC_squared_error,model_has_lower_squared_error_than_baseline,80,-4.449069503448941,4,-1.237738072258807,0.2158131973495945,0.8920934013252028
exact,pre_advance,A,spf,revision_dfm_kalman_em,DM_HAC_squared_error,model_has_lower_squared_error_than_baseline,80,-7.476676317920868,4,-1.4133518420938782,0.15755229792924993,0.9212238510353751
exact,pre_advance,A,spf,standard_dfm,DM_HAC_squared_error,model_has_lower_squared_error_than_baseline,80,-4.449069503448941,4,-1.237738072258807,0.2158131973495945,0.8920934013252028
exact,pre_advance,A,standard_dfm,ar,DM_HAC_squared_error,model_has_lower_squared_error_than_baseline,80,-41.5354888389522,4,-1.081217616045569,0.27960032372167715,0.8601998381391615
exact,pre_advance,A,standard_dfm,bridge,DM_HAC_squared_error,model_has_lower_squared_error_than_baseline,80,-14.353406405871116,4,-1.0891564532031088,0.27608489855910967,0.8619575507204451
exact,pre_advance,A,standard_dfm,indicator_revision_only_dfm_kalman_em,DM_HAC_squared_error,model_has_lower_squared_error_than_baseline,80,-5.358501504254717,4,-1.4231140367311956,0.15470309989356965,0.9226484500532152
exact,pre_advance,A,standard_dfm,joint_indicator_revision_dfm_full_kalman_em,DM_HAC_squared_error,model_has_lower_squared_error_than_baseline,80,-4.8544349942473115,4,-1.2571209312923404,0.20870984885749608,0.895645075571252
exact,pre_advance,A,standard_dfm,midas_umidas,DM_HAC_squared_error,model_has_lower_squared_error_than_baseline,80,-169.2628018284246,4,-2.0139683149192598,0.04401286021523042,0.9779935698923848
exact,pre_advance,A,standard_dfm,monthly_mixed_frequency_kalman_em,DM_HAC_squared_error,model_has_lower_squared_error_than_baseline,80,-12.264037927902212,4,-1.2640430410026824,0.2062145788416924,0.8968927105791538
exact,pre_advance,A,standard_dfm,no_revision,DM_HAC_squared_error,model_has_lower_squared_error_than_baseline,80,-43.445284490888746,4,-1.0921906587383194,0.27474930749325116,0.8626253462533744
exact,pre_advance,A,standard_dfm,release_dfm,DM_HAC_squared_error,model_has_lower_squared_error_than_baseline,80,0.0,4,,,
exact,pre_advance,A,standard_dfm,revision_dfm_kalman_em,DM_HAC_squared_error,model_has_lower_squared_error_than_baseline,80,-3.027606814471929,4,-1.026686165219012,0.30456826584882635,0.8477158670755869
exact,pre_advance,A,standard_dfm,spf,DM_HAC_squared_error,model_has_lower_squared_error_than_baseline,80,4.449069503448941,4,1.237738072258807,0.2158131973495945,0.10790659867479725
exact,pre_advance,A,release_dfm,ar,DM_HAC_squared_error,model_has_lower_squared_error_than_baseline,80,-41.5354888389522,4,-1.081217616045569,0.27960032372167715,0.8601998381391615
exact,pre_advance,A,release_dfm,bridge,DM_HAC_squared_error,model_has_lower_squared_error_than_baseline,80,-14.353406405871116,4,-1.0891564532031088,0.27608489855910967,0.8619575507204451
exact,pre_advance,A,release_dfm,indicator_revision_only_dfm_kalman_em,DM_HAC_squared_error,model_has_lower_squared_error_than_baseline,80,-5.358501504254717,4,-1.4231140367311956,0.15470309989356965,0.9226484500532152
exact,pre_advance,A,release_dfm,joint_indicator_revision_dfm_full_kalman_em,DM_HAC_squared_error,model_has_lower_squared_error_than_baseline,80,-4.8544349942473115,4,-1.2571209312923404,0.20870984885749608,0.895645075571252
exact,pre_advance,A,release_dfm,midas_umidas,DM_HAC_squared_error,model_has_lower_squared_error_than_baseline,80,-169.2628018284246,4,-2.0139683149192598,0.04401286021523042,0.9779935698923848
exact,pre_advance,A,release_dfm,monthly_mixed_frequency_kalman_em,DM_HAC_squared_error,model_has_lower_squared_error_than_baseline,80,-12.264037927902212,4,-1.2640430410026824,0.2062145788416924,0.8968927105791538
exact,pre_advance,A,release_dfm,no_revision,DM_HAC_squared_error,model_has_lower_squared_error_than_baseline,80,-43.445284490888746,4,-1.0921906587383194,0.27474930749325116,0.8626253462533744
exact,pre_advance,A,release_dfm,revision_dfm_kalman_em,DM_HAC_squared_error,model_has_lower_squared_error_than_baseline,80,-3.027606814471929,4,-1.026686165219012,0.30456826584882635,0.8477158670755869
exact,pre_advance,A,release_dfm,spf,DM_HAC_squared_error,model_has_lower_squared_error_than_baseline,80,4.449069503448941,4,1.237738072258807,0.2158131973495945,0.10790659867479725
exact,pre_advance,A,release_dfm,standard_dfm,DM_HAC_squared_error,model_has_lower_squared_error_than_baseline,80,0.0,4,,,
exact,pre_second,S,ar,bridge,DM_HAC_squared_error,model_has_lower_squared_error_than_baseline,79,27.557263359648193,4,1.1020195588302988,0.270453168580268,0.135226584290134
exact,pre_second,S,ar,indicator_revision_only_dfm_kalman_em,DM_HAC_squared_error,model_has_lower_squared_error_than_baseline,79,47.83490145890295,4,1.1726752143868964,0.2409260744841119,0.12046303724205595
exact,pre_second,S,ar,joint_indicator_revision_dfm_full_kalman_em,DM_HAC_squared_error,model_has_lower_squared_error_than_baseline,79,47.77919969082929,4,1.1720549678636838,0.24117498805143178,0.12058749402571589
exact,pre_second,S,ar,midas_umidas,DM_HAC_squared_error,model_has_lower_squared_error_than_baseline,79,25.43691738650876,4,0.992487177796902,0.32095993122958244,0.16047996561479122
exact,pre_second,S,ar,monthly_mixed_frequency_kalman_em,DM_HAC_squared_error,model_has_lower_squared_error_than_baseline,79,47.817429002365735,4,1.1730543699925466,0.2407740031933525,0.12038700159667624
exact,pre_second,S,ar,no_revision,DM_HAC_squared_error,model_has_lower_squared_error_than_baseline,79,47.86845172907163,4,1.1734471755253992,0.24061652852272167,0.12030826426136083
exact,pre_second,S,ar,release_dfm,DM_HAC_squared_error,model_has_lower_squared_error_than_baseline,79,47.715848097304765,4,1.1730250057520972,0.24078577815303023,0.12039288907651512
exact,pre_second,S,ar,revision_dfm_kalman_em,DM_HAC_squared_error,model_has_lower_squared_error_than_baseline,79,47.749466869773265,4,1.1732237660655442,0.24070608386783196,0.12035304193391598
exact,pre_second,S,ar,spf,DM_HAC_squared_error,model_has_lower_squared_error_than_baseline,79,42.72933383679317,4,1.1197084228389325,0.2628380345680621,0.13141901728403105
exact,pre_second,S,ar,standard_dfm,DM_HAC_squared_error,model_has_lower_squared_error_than_baseline,79,39.64678574805464,4,1.0927660502872933,0.2744965311860729,0.13724826559303646
exact,pre_second,S,no_revision,ar,DM_HAC_squared_error,model_has_lower_squared_error_than_baseline,79,-47.86845172907163,4,-1.1734471755253992,0.24061652852272167,0.8796917357386391
exact,pre_second,S,no_revision,bridge,DM_HAC_squared_error,model_has_lower_squared_error_than_baseline,79,-20.311188369423455,4,-1.2830168600174223,0.19948616931200183,0.9002569153439991
exact,pre_second,S,no_revision,indicator_revision_only_dfm_kalman_em,DM_HAC_squared_error,model_has_lower_squared_error_than_baseline,79,-0.03355027016870087,4,-1.052435447844168,0.29259981240967786,0.8537000937951611
exact,pre_second,S,no_revision,joint_indicator_revision_dfm_full_kalman_em,DM_HAC_squared_error,model_has_lower_squared_error_than_baseline,79,-0.08925203824235156,4,-1.6591245676595445,0.0970906936581472,0.9514546531709264
exact,pre_second,S,no_revision,midas_umidas,DM_HAC_squared_error,model_has_lower_squared_error_than_baseline,79,-22.431534342562877,4,-1.4131577106211262,0.15760935772359563,0.9211953211382022
exact,pre_second,S,no_revision,monthly_mixed_frequency_kalman_em,DM_HAC_squared_error,model_has_lower_squared_error_than_baseline,79,-0.051022726705905,4,-1.2994993029412287,0.19377263252636573,0.9031136837368171
exact,pre_second,S,no_revision,release_dfm,DM_HAC_squared_error,model_has_lower_squared_error_than_baseline,79,-0.1526036317668722,4,-1.143485303756711,0.25283715303355764,0.8735814234832212
exact,pre_second,S,no_revision,revision_dfm_kalman_em,DM_HAC_squared_error,model_has_lower_squared_error_than_baseline,79,-0.11898485929838344,4,-1.1203129849750653,0.26258041057855297,0.8687097947107235
exact,pre_second,S,no_revision,spf,DM_HAC_squared_error,model_has_lower_squared_error_than_baseline,79,-5.13911789227848,4,-1.8934633773137717,0.05829627406554074,0.9708518629672296
exact,pre_second,S,no_revision,standard_dfm,DM_HAC_squared_error,model_has_lower_squared_error_than_baseline,79,-8.221665981017013,4,-1.724805681017574,0.08456249761053325,0.9577187511947334
exact,pre_second,S,bridge,ar,DM_HAC_squared_error,model_has_lower_squared_error_than_baseline,79,-27.557263359648193,4,-1.1020195588302988,0.270453168580268,0.864773415709866
exact,pre_second,S,bridge,indicator_revision_only_dfm_kalman_em,DM_HAC_squared_error,model_has_lower_squared_error_than_baseline,79,20.277638099254748,4,1.281120674665561,0.20015128302242197,0.10007564151121098
exact,pre_second,S,bridge,joint_indicator_revision_dfm_full_kalman_em,DM_HAC_squared_error,model_has_lower_squared_error_than_baseline,79,20.221936331181098,4,1.2796887954737641,0.20065460674154487,0.10032730337077243
exact,pre_second,S,bridge,midas_umidas,DM_HAC_squared_error,model_has_lower_squared_error_than_baseline,79,-2.120345973139432,4,-0.5508995549167064,0.5817025326032439,0.709148733698378
exact,pre_second,S,bridge,monthly_mixed_frequency_kalman_em,DM_HAC_squared_error,model_has_lower_squared_error_than_baseline,79,20.260165642717546,4,1.2822085886530548,0.1997694841592634,0.0998847420796317
exact,pre_second,S,bridge,no_revision,DM_HAC_squared_error,model_has_lower_squared_error_than_baseline,79,20.311188369423455,4,1.2830168600174223,0.19948616931200183,0.09974308465600092
exact,pre_second,S,bridge,release_dfm,DM_HAC_squared_error,model_has_lower_squared_error_than_baseline,79,20.15858473765658,4,1.2827946722750228,0.1995640211694443,0.09978201058472215
exact,pre_second,S,bridge,revision_dfm_kalman_em,DM_HAC_squared_error,model_has_lower_squared_error_than_baseline,79,20.19220351012507,4,1.2831599668244518,0.19943603819248237,0.09971801909624119
exact,pre_second,S,bridge,spf,DM_HAC_squared_error,model_has_lower_squared_error_than_baseline,79,15.172070477144974,4,1.1488111922542499,0.2506338432728272,0.1253169216364136
exact,pre_second,S,bridge,standard_dfm,DM_HAC_squared_error,model_has_lower_squared_error_than_baseline,79,12.089522388406436,4,1.0704777783096626,0.2844043061709348,0.1422021530854674
exact,pre_second,S,midas_umidas,ar,DM_HAC_squared_error,model_has_lower_squared_error_than_baseline,79,-25.43691738650876,4,-0.992487177796902,0.32095993122958244,0.8395200343852087
exact,pre_second,S,midas_umidas,bridge,DM_HAC_squared_error,model_has_lower_squared_error_than_baseline,79,2.120345973139432,4,0.5508995549167064,0.5817025326032439,0.29085126630162195
exact,pre_second,S,midas_umidas,indicator_revision_only_dfm_kalman_em,DM_HAC_squared_error,model_has_lower_squared_error_than_baseline,79,22.397984072394184,4,1.4109674791430147,0.1582542033666618,0.0791271016833309
exact,pre_second,S,midas_umidas,joint_indicator_revision_dfm_full_kalman_em,DM_HAC_squared_error,model_has_lower_squared_error_than_baseline,79,22.34228230432053,4,1.4099711772018633,0.15854819378932383,0.07927409689466192
exact,pre_second,S,midas_umidas,monthly_mixed_frequency_kalman_em,DM_HAC_squared_error,model_has_lower_squared_error_than_baseline,79,22.380511615856985,4,1.4129362773562504,0.15767446126860943,0.07883723063430471
exact,pre_second,S,midas_umidas,no_revision,DM_HAC_squared_error,model_has_lower_squared_error_than_baseline,79,22.431534342562877,4,1.4131577106211262,0.15760935772359563,0.07880467886179782
exact,pre_second,S,midas_umidas,release_dfm,DM_HAC_squared_error,model_has_lower_squared_error_than_baseline,79,22.27893071079601,4,1.41467066269811,0.1571650798899656,0.0785825399449828
exact,pre_second,S,midas_umidas,revision_dfm_kalman_em,DM_HAC_squared_error,model_has_lower_squared_error_than_baseline,79,22.312549483264497,4,1.414434316877899,0.15723442012631736,0.07861721006315868
exact,pre_second,S,midas_umidas,spf,DM_HAC_squared_error,model_has_lower_squared_error_than_baseline,79,17.292416450284406,4,1.2879411959097926,0.19776643370481564,0.09888321685240782
exact,pre_second,S,midas_umidas,standard_dfm,DM_HAC_squared_error,model_has_lower_squared_error_than_baseline,79,14.209868361545864,4,1.2433105414020222,0.21375342119182283,0.10687671059591142
exact,pre_second,S,spf,ar,DM_HAC_squared_error,model_has_lower_squared_error_than_baseline,79,-42.72933383679317,4,-1.1197084228389325,0.2628380345680621,0.868580982715969
exact,pre_second,S,spf,bridge,DM_HAC_squared_error,model_has_lower_squared_error_than_baseline,79,-15.172070477144974,4,-1.1488111922542499,0.2506338432728272,0.8746830783635864
exact,pre_second,S,spf,indicator_revision_only_dfm_kalman_em,DM_HAC_squared_error,model_has_lower_squared_error_than_baseline,79,5.105567622109781,4,1.8838769360017382,0.0595816236525802,0.0297908118262901
exact,pre_second,S,spf,joint_indicator_revision_dfm_full_kalman_em,DM_HAC_squared_error,model_has_lower_squared_error_than_baseline,79,5.049865854036129,4,1.8794060913804869,0.060189065224883216,0.030094532612441608
exact,pre_second,S,spf,midas_umidas,DM_HAC_squared_error,model_has_lower_squared_error_than_baseline,79,-17.292416450284406,4,-1.2879411959097926,0.19776643370481564,0.9011167831475921
exact,pre_second,S,spf,monthly_mixed_frequency_kalman_em,DM_HAC_squared_error,model_has_lower_squared_error_than_baseline,79,5.088095165572576,4,1.8941329062647416,0.05820737093095212,0.02910368546547606
exact,pre_second,S,spf,no_revision,DM_HAC_squared_error,model_has_lower_squared_error_than_baseline,79,5.13911789227848,4,1.8934633773137717,0.05829627406554074,0.02914813703277037
exact,pre_second,S,spf,release_dfm,DM_HAC_squared_error,model_has_lower_squared_error_than_baseline,79,4.98651426051161,4,1.9098641166413137,0.05615071129658812,0.02807535564829406
exact,pre_second,S,spf,revision_dfm_kalman_em,DM_HAC_squared_error,model_has_lower_squared_error_than_baseline,79,5.020133032980097,4,1.909432615216781,0.05620630672855489,0.028103153364277444
exact,pre_second,S,spf,standard_dfm,DM_HAC_squared_error,model_has_lower_squared_error_than_baseline,79,-3.0825480887385313,4,-1.2663874016708236,0.20537441912363935,0.8973127904381804
exact,pre_second,S,standard_dfm,ar,DM_HAC_squared_error,model_has_lower_squared_error_than_baseline,79,-39.64678574805464,4,-1.0927660502872933,0.2744965311860729,0.8627517344069635
exact,pre_second,S,standard_dfm,bridge,DM_HAC_squared_error,model_has_lower_squared_error_than_baseline,79,-12.089522388406436,4,-1.0704777783096626,0.2844043061709348,0.8577978469145326
exact,pre_second,S,standard_dfm,indicator_revision_only_dfm_kalman_em,DM_HAC_squared_error,model_has_lower_squared_error_than_baseline,79,8.188115710848312,4,1.719651152645456,0.08549587197352386,0.04274793598676193
exact,pre_second,S,standard_dfm,joint_indicator_revision_dfm_full_kalman_em,DM_HAC_squared_error,model_has_lower_squared_error_than_baseline,79,8.132413942774662,4,1.7168152680375977,0.08601293036834125,0.043006465184170624
exact,pre_second,S,standard_dfm,midas_umidas,DM_HAC_squared_error,model_has_lower_squared_error_than_baseline,79,-14.209868361545864,4,-1.2433105414020222,0.21375342119182283,0.8931232894040886
exact,pre_second,S,standard_dfm,monthly_mixed_frequency_kalman_em,DM_HAC_squared_error,model_has_lower_squared_error_than_baseline,79,8.170643254311107,4,1.725494644129997,0.08443836817247717,0.042219184086238586
exact,pre_second,S,standard_dfm,no_revision,DM_HAC_squared_error,model_has_lower_squared_error_than_baseline,79,8.221665981017013,4,1.724805681017574,0.08456249761053325,0.042281248805266625
exact,pre_second,S,standard_dfm,release_dfm,DM_HAC_squared_error,model_has_lower_squared_error_than_baseline,79,8.069062349250139,4,1.7363844253695135,0.08249588425761123,0.041247942128805615
exact,pre_second,S,standard_dfm,revision_dfm_kalman_em,DM_HAC_squared_error,model_has_lower_squared_error_than_baseline,79,8.10268112171863,4,1.7347701881265511,0.08278151858028995,0.04139075929014498
exact,pre_second,S,standard_dfm,spf,DM_HAC_squared_error,model_has_lower_squared_error_than_baseline,79,3.0825480887385313,4,1.2663874016708236,0.20537441912363935,0.10268720956181968
exact,pre_second,S,release_dfm,ar,DM_HAC_squared_error,model_has_lower_squared_error_than_baseline,79,-47.715848097304765,4,-1.1730250057520972,0.24078577815303023,0.8796071109234849
exact,pre_second,S,release_dfm,bridge,DM_HAC_squared_error,model_has_lower_squared_error_than_baseline,79,-20.15858473765658,4,-1.2827946722750228,0.1995640211694443,0.9002179894152779
exact,pre_second,S,release_dfm,indicator_revision_only_dfm_kalman_em,DM_HAC_squared_error,model_has_lower_squared_error_than_baseline,79,0.1190533615981713,4,0.8759186374005523,0.38107426681597484,0.19053713340798742
exact,pre_second,S,release_dfm,joint_indicator_revision_dfm_full_kalman_em,DM_HAC_squared_error,model_has_lower_squared_error_than_baseline,79,0.06335159352452056,4,0.5820462869150957,0.5605355035060288,0.2802677517530144
exact,pre_second,S,release_dfm,midas_umidas,DM_HAC_squared_error,model_has_lower_squared_error_than_baseline,79,-22.27893071079601,4,-1.41467066269811,0.1571650798899656,0.9214174600550172
exact,pre_second,S,release_dfm,monthly_mixed_frequency_kalman_em,DM_HAC_squared_error,model_has_lower_squared_error_than_baseline,79,0.10158090506096717,4,1.0177100337600367,0.3088157774889569,0.15440788874447844
exact,pre_second,S,release_dfm,no_revision,DM_HAC_squared_error,model_has_lower_squared_error_than_baseline,79,0.1526036317668722,4,1.143485303756711,0.25283715303355764,0.12641857651677882
exact,pre_second,S,release_dfm,revision_dfm_kalman_em,DM_HAC_squared_error,model_has_lower_squared_error_than_baseline,79,0.033618772468488746,4,0.8915730997020894,0.3726217940081507,0.18631089700407535
exact,pre_second,S,release_dfm,spf,DM_HAC_squared_error,model_has_lower_squared_error_than_baseline,79,-4.98651426051161,4,-1.9098641166413137,0.05615071129658812,0.9719246443517059
exact,pre_second,S,release_dfm,standard_dfm,DM_HAC_squared_error,model_has_lower_squared_error_than_baseline,79,-8.069062349250139,4,-1.7363844253695135,0.08249588425761123,0.9587520578711943
exact,pre_third,T,ar,bridge,DM_HAC_squared_error,model_has_lower_squared_error_than_baseline,80,27.59896321999612,4,1.11371562783628,0.2654012027336565,0.13270060136682826
exact,pre_third,T,ar,indicator_revision_only_dfm_kalman_em,DM_HAC_squared_error,model_has_lower_squared_error_than_baseline,80,46.83765228648049,4,1.1888285960273555,0.23450712277500108,0.11725356138750054
exact,pre_third,T,ar,joint_indicator_revision_dfm_full_kalman_em,DM_HAC_squared_error,model_has_lower_squared_error_than_baseline,80,46.83719328978752,4,1.1888035488568147,0.23451698121251588,0.11725849060625794
exact,pre_third,T,ar,midas_umidas,DM_HAC_squared_error,model_has_lower_squared_error_than_baseline,80,8.653776120126556,4,0.864837036468603,0.38712823997285645,0.19356411998642822
exact,pre_third,T,ar,monthly_mixed_frequency_kalman_em,DM_HAC_squared_error,model_has_lower_squared_error_than_baseline,80,46.83719106212629,4,1.1889094387482386,0.2344753054985521,0.11723765274927606
exact,pre_third,T,ar,no_revision,DM_HAC_squared_error,model_has_lower_squared_error_than_baseline,80,46.844769645019745,4,1.1890039039092104,0.23443813071150568,0.11721906535575284
exact,pre_third,T,ar,release_dfm,DM_HAC_squared_error,model_has_lower_squared_error_than_baseline,80,46.77826486123284,4,1.187883680838101,0.2348792399098964,0.1174396199549482
exact,pre_third,T,ar,revision_dfm_kalman_em,DM_HAC_squared_error,model_has_lower_squared_error_than_baseline,80,46.836894446027244,4,1.188812845680052,0.2345133219964427,0.11725666099822135
exact,pre_third,T,ar,spf,DM_HAC_squared_error,model_has_lower_squared_error_than_baseline,80,41.31065582076973,4,1.1258242068715112,0.2602399358112015,0.13011996790560074
exact,pre_third,T,ar,standard_dfm,DM_HAC_squared_error,model_has_lower_squared_error_than_baseline,80,38.52444697478214,4,1.0990509821575307,0.2717458289376126,0.1358729144688063
exact,pre_third,T,no_revision,ar,DM_HAC_squared_error,model_has_lower_squared_error_than_baseline,80,-46.844769645019745,4,-1.1890039039092104,0.23443813071150568,0.8827809346442471
exact,pre_third,T,no_revision,bridge,DM_HAC_squared_error,model_has_lower_squared_error_than_baseline,80,-19.24580642502362,4,-1.3136010915895706,0.1889804811926864,0.9055097594036567
exact,pre_third,T,no_revision,indicator_revision_only_dfm_kalman_em,DM_HAC_squared_error,model_has_lower_squared_error_than_baseline,80,-0.007117358539250336,4,-1.3588045080364972,0.17420854444496478,0.9128957277775176
exact,pre_third,T,no_revision,joint_indicator_revision_dfm_full_kalman_em,DM_HAC_squared_error,model_has_lower_squared_error_than_baseline,80,-0.0075763552322187285,4,-1.8762446145515834,0.06062169840921553,0.9696891507953922
exact,pre_third,T,no_revision,midas_umidas,DM_HAC_squared_error,model_has_lower_squared_error_than_baseline,80,-38.19099352489318,4,-1.280814166980533,0.2002589467473812,0.8998705266263094
exact,pre_third,T,no_revision,monthly_mixed_frequency_kalman_em,DM_HAC_squared_error,model_has_lower_squared_error_than_baseline,80,-0.007578582893449372,4,-1.1798614211028933,0.23805533588039782,0.8809723320598011
exact,pre_third,T,no_revision,release_dfm,DM_HAC_squared_error,model_has_lower_squared_error_than_baseline,80,-0.06650478378689602,4,-2.0994413760864203,0.035778010535045805,0.9821109947324771
exact,pre_third,T,no_revision,revision_dfm_kalman_em,DM_HAC_squared_error,model_has_lower_squared_error_than_baseline,80,-0.007875198992494876,4,-1.7829611929022198,0.07459262068850346,0.9627036896557483
exact,pre_third,T,no_revision,spf,DM_HAC_squared_error,model_has_lower_squared_error_than_baseline,80,-5.53411382425,4,-1.9858903222953832,0.04704550355156113,0.9764772482242194
exact,pre_third,T,no_revision,standard_dfm,DM_HAC_squared_error,model_has_lower_squared_error_than_baseline,80,-8.320322670237598,4,-1.819876905371237,0.06877775264772189,0.9656111236761391
exact,pre_third,T,bridge,ar,DM_HAC_squared_error,model_has_lower_squared_error_than_baseline,80,-27.59896321999612,4,-1.11371562783628,0.2654012027336565,0.8672993986331717
exact,pre_third,T,bridge,indicator_revision_only_dfm_kalman_em,DM_HAC_squared_error,model_has_lower_squared_error_than_baseline,80,19.23868906648437,4,1.3131319650879385,0.18913848439387254,0.09456924219693627
exact,pre_third,T,bridge,joint_indicator_revision_dfm_full_kalman_em,DM_HAC_squared_error,model_has_lower_squared_error_than_baseline,80,19.238230069791403,4,1.313059791042196,0.1891628014683998,0.0945814007341999
exact,pre_third,T,bridge,midas_umidas,DM_HAC_squared_error,model_has_lower_squared_error_than_baseline,80,-18.94518709986956,4,-1.2405701801468771,0.214764573564877,0.8926177132175614
exact,pre_third,T,bridge,monthly_mixed_frequency_kalman_em,DM_HAC_squared_error,model_has_lower_squared_error_than_baseline,80,19.238227842130172,4,1.3133798805745445,0.1890549735910962,0.0945274867955481
exact,pre_third,T,bridge,no_revision,DM_HAC_squared_error,model_has_lower_squared_error_than_baseline,80,19.24580642502362,4,1.3136010915895706,0.1889804811926864,0.0944902405963432
exact,pre_third,T,bridge,release_dfm,DM_HAC_squared_error,model_has_lower_squared_error_than_baseline,80,19.179301641236727,4,1.310745358423454,0.18994380874973246,0.09497190437486623
exact,pre_third,T,bridge,revision_dfm_kalman_em,DM_HAC_squared_error,model_has_lower_squared_error_than_baseline,80,19.237931226031126,4,1.3130894705894256,0.18915280147615512,0.09457640073807756
exact,pre_third,T,bridge,spf,DM_HAC_squared_error,model_has_lower_squared_error_than_baseline,80,13.71169260077362,4,1.146171503486606,0.2517241963434129,0.12586209817170646
exact,pre_third,T,bridge,standard_dfm,DM_HAC_squared_error,model_has_lower_squared_error_than_baseline,80,10.925483754786022,4,1.0617537725510415,0.28834748089214024,0.14417374044607012
exact,pre_third,T,midas_umidas,ar,DM_HAC_squared_error,model_has_lower_squared_error_than_baseline,80,-8.653776120126556,4,-0.864837036468603,0.38712823997285645,0.8064358800135718
exact,pre_third,T,midas_umidas,bridge,DM_HAC_squared_error,model_has_lower_squared_error_than_baseline,80,18.94518709986956,4,1.2405701801468771,0.214764573564877,0.1073822867824385
exact,pre_third,T,midas_umidas,indicator_revision_only_dfm_kalman_em,DM_HAC_squared_error,model_has_lower_squared_error_than_baseline,80,38.183876166353926,4,1.280595037367362,0.20033594401265764,0.10016797200632882
exact,pre_third,T,midas_umidas,joint_indicator_revision_dfm_full_kalman_em,DM_HAC_squared_error,model_has_lower_squared_error_than_baseline,80,38.18341716966096,4,1.28055581337607,0.20034972872972662,0.10017486436486331
exact,pre_third,T,midas_umidas,monthly_mixed_frequency_kalman_em,DM_HAC_squared_error,model_has_lower_squared_error_than_baseline,80,38.18341494199973,4,1.2807064989689678,0.20029677618824107,0.10014838809412054
exact,pre_third,T,midas_umidas,no_revision,DM_HAC_squared_error,model_has_lower_squared_error_than_baseline,80,38.19099352489318,4,1.280814166980533,0.2002589467473812,0.1001294733736906
exact,pre_third,T,midas_umidas,release_dfm,DM_HAC_squared_error,model_has_lower_squared_error_than_baseline,80,38.12448874110628,4,1.2794527263913782,0.20073767664526956,0.10036883832263478
exact,pre_third,T,midas_umidas,revision_dfm_kalman_em,DM_HAC_squared_error,model_has_lower_squared_error_than_baseline,80,38.18311832590068,4,1.2805724456421623,0.20034388347045545,0.10017194173522773
exact,pre_third,T,midas_umidas,spf,DM_HAC_squared_error,model_has_lower_squared_error_than_baseline,80,32.65687970064318,4,1.2028447232618529,0.22903641433954283,0.11451820716977142
exact,pre_third,T,midas_umidas,standard_dfm,DM_HAC_squared_error,model_has_lower_squared_error_than_baseline,80,29.87067085465558,4,1.1734566615544952,0.24061272649688523,0.12030636324844261
exact,pre_third,T,spf,ar,DM_HAC_squared_error,model_has_lower_squared_error_than_baseline,80,-41.31065582076973,4,-1.1258242068715112,0.2602399358112015,0.8698800320943992
exact,pre_third,T,spf,bridge,DM_HAC_squared_error,model_has_lower_squared_error_than_baseline,80,-13.71169260077362,4,-1.146171503486606,0.2517241963434129,0.8741379018282935
exact,pre_third,T,spf,indicator_revision_only_dfm_kalman_em,DM_HAC_squared_error,model_has_lower_squared_error_than_baseline,80,5.52699646571075,4,1.9836363129030103,0.04729639802287173,0.023648199011435864
exact,pre_third,T,spf,joint_indicator_revision_dfm_full_kalman_em,DM_HAC_squared_error,model_has_lower_squared_error_than_baseline,80,5.526537469017782,4,1.9830965918320234,0.0473566412354471,0.02367832061772355
exact,pre_third,T,spf,midas_umidas,DM_HAC_squared_error,model_has_lower_squared_error_than_baseline,80,-32.65687970064318,4,-1.2028447232618529,0.22903641433954283,0.8854817928302285
exact,pre_third,T,spf,monthly_mixed_frequency_kalman_em,DM_HAC_squared_error,model_has_lower_squared_error_than_baseline,80,5.5265352413565525,4,1.9853013243016706,0.04711095679718731,0.023555478398593656
exact,pre_third,T,spf,no_revision,DM_HAC_squared_error,model_has_lower_squared_error_than_baseline,80,5.53411382425,4,1.9858903222953832,0.04704550355156113,0.023522751775780566
exact,pre_third,T,spf,release_dfm,DM_HAC_squared_error,model_has_lower_squared_error_than_baseline,80,5.467609040463105,4,1.97427311267697,0.048350696461863525,0.024175348230931763
exact,pre_third,T,spf,revision_dfm_kalman_em,DM_HAC_squared_error,model_has_lower_squared_error_than_baseline,80,5.5262386252575055,4,1.983288825751627,0.04733517685251778,0.02366758842625889
exact,pre_third,T,spf,standard_dfm,DM_HAC_squared_error,model_has_lower_squared_error_than_baseline,80,-2.7862088459875967,4,-1.2725110724290747,0.20319159254227692,0.8984042037288615
exact,pre_third,T,standard_dfm,ar,DM_HAC_squared_error,model_has_lower_squared_error_than_baseline,80,-38.52444697478214,4,-1.0990509821575307,0.2717458289376126,0.8641270855311937
exact,pre_third,T,standard_dfm,bridge,DM_HAC_squared_error,model_has_lower_squared_error_than_baseline,80,-10.925483754786022,4,-1.0617537725510415,0.28834748089214024,0.8558262595539299
exact,pre_third,T,standard_dfm,indicator_revision_only_dfm_kalman_em,DM_HAC_squared_error,model_has_lower_squared_error_than_baseline,80,8.313205311698347,4,1.81847601580868,0.06899140924797896,0.03449570462398948
exact,pre_third,T,standard_dfm,joint_indicator_revision_dfm_full_kalman_em,DM_HAC_squared_error,model_has_lower_squared_error_than_baseline,80,8.312746315005379,4,1.8181566329897296,0.06904019615470496,0.03452009807735248
exact,pre_third,T,standard_dfm,midas_umidas,DM_HAC_squared_error,model_has_lower_squared_error_than_baseline,80,-29.87067085465558,4,-1.1734566615544952,0.24061272649688523,0.8796936367515574
exact,pre_third,T,standard_dfm,monthly_mixed_frequency_kalman_em,DM_HAC_squared_error,model_has_lower_squared_error_than_baseline,80,8.312744087344146,4,1.8196152077677847,0.06881762409459999,0.034408812047299994
exact,pre_third,T,standard_dfm,no_revision,DM_HAC_squared_error,model_has_lower_squared_error_than_baseline,80,8.320322670237598,4,1.819876905371237,0.06877775264772189,0.034388876323860944
exact,pre_third,T,standard_dfm,release_dfm,DM_HAC_squared_error,model_has_lower_squared_error_than_baseline,80,8.253817886450701,4,1.81316486364013,0.06980639732547518,0.03490319866273759
exact,pre_third,T,standard_dfm,revision_dfm_kalman_em,DM_HAC_squared_error,model_has_lower_squared_error_than_baseline,80,8.312447471245102,4,1.8183208397721966,0.06901510942269974,0.03450755471134987
exact,pre_third,T,standard_dfm,spf,DM_HAC_squared_error,model_has_lower_squared_error_than_baseline,80,2.7862088459875967,4,1.2725110724290747,0.20319159254227692,0.10159579627113846
exact,pre_third,T,release_dfm,ar,DM_HAC_squared_error,model_has_lower_squared_error_than_baseline,80,-46.77826486123284,4,-1.187883680838101,0.2348792399098964,0.8825603800450518
exact,pre_third,T,release_dfm,bridge,DM_HAC_squared_error,model_has_lower_squared_error_than_baseline,80,-19.179301641236727,4,-1.310745358423454,0.18994380874973246,0.9050280956251338
exact,pre_third,T,release_dfm,indicator_revision_only_dfm_kalman_em,DM_HAC_squared_error,model_has_lower_squared_error_than_baseline,80,0.05938742524764569,4,2.0378049028701337,0.04156944786376232,0.02078472393188116
exact,pre_third,T,release_dfm,joint_indicator_revision_dfm_full_kalman_em,DM_HAC_squared_error,model_has_lower_squared_error_than_baseline,80,0.058928428554677295,4,1.9827326570818233,0.04739729974102716,0.02369864987051358
exact,pre_third,T,release_dfm,midas_umidas,DM_HAC_squared_error,model_has_lower_squared_error_than_baseline,80,-38.12448874110628,4,-1.2794527263913782,0.20073767664526956,0.8996311616773652
exact,pre_third,T,release_dfm,monthly_mixed_frequency_kalman_em,DM_HAC_squared_error,model_has_lower_squared_error_than_baseline,80,0.05892620089344665,4,2.141475729328756,0.032235693681677564,0.016117846840838782
exact,pre_third,T,release_dfm,no_revision,DM_HAC_squared_error,model_has_lower_squared_error_than_baseline,80,0.06650478378689602,4,2.0994413760864203,0.035778010535045805,0.017889005267522903
exact,pre_third,T,release_dfm,revision_dfm_kalman_em,DM_HAC_squared_error,model_has_lower_squared_error_than_baseline,80,0.05862958479440115,4,2.0301291747054457,0.04234341068176794,0.02117170534088397
exact,pre_third,T,release_dfm,spf,DM_HAC_squared_error,model_has_lower_squared_error_than_baseline,80,-5.467609040463105,4,-1.97427311267697,0.048350696461863525,0.9758246517690682
exact,pre_third,T,release_dfm,standard_dfm,DM_HAC_squared_error,model_has_lower_squared_error_than_baseline,80,-8.253817886450701,4,-1.81316486364013,0.06980639732547518,0.9650968013372624
pseudo,pre_advance,A,ar,bridge,DM_HAC_squared_error,model_has_lower_squared_error_than_baseline,80,27.38049065772219,4,1.0761702698676858,0.28185111336117713,0.14092555668058857
pseudo,pre_advance,A,ar,indicator_revision_only_dfm_kalman_em,DM_HAC_squared_error,model_has_lower_squared_error_than_baseline,80,36.179388716327495,4,1.0040695737808782,0.315345079800775,0.1576725399003875
pseudo,pre_advance,A,ar,joint_indicator_revision_dfm_full_kalman_em,DM_HAC_squared_error,model_has_lower_squared_error_than_baseline,80,36.68797825552121,4,1.0241090194973894,0.30578378470463813,0.15289189235231906
pseudo,pre_advance,A,ar,midas_umidas,DM_HAC_squared_error,model_has_lower_squared_error_than_baseline,80,-132.77519021138724,4,-2.5756320476419625,0.010005705988889465,0.9949971470055553
pseudo,pre_advance,A,ar,monthly_mixed_frequency_kalman_em,DM_HAC_squared_error,model_has_lower_squared_error_than_baseline,80,29.268838409342294,4,0.9974388355203786,0.3185515487330019,0.15927577436650095
pseudo,pre_advance,A,ar,no_revision,DM_HAC_squared_error,model_has_lower_squared_error_than_baseline,80,-1.9097956519365524,4,-1.2208889243511079,0.22212807854117209,0.8889359607294139
pseudo,pre_advance,A,ar,release_dfm,DM_HAC_squared_error,model_has_lower_squared_error_than_baseline,80,41.62221287467671,4,1.080719638630045,0.27982184458765197,0.13991092229382598
pseudo,pre_advance,A,ar,revision_dfm_kalman_em,DM_HAC_squared_error,model_has_lower_squared_error_than_baseline,80,38.59727596375669,4,1.061626585298793,0.2884052397116856,0.1442026198558428
pseudo,pre_advance,A,ar,spf,DM_HAC_squared_error,model_has_lower_squared_error_than_baseline,80,45.98455834240112,4,1.108398228666507,0.26768986957022556,0.13384493478511278
pseudo,pre_advance,A,ar,standard_dfm,DM_HAC_squared_error,model_has_lower_squared_error_than_baseline,80,41.62221287467671,4,1.080719638630045,0.27982184458765197,0.13991092229382598
pseudo,pre_advance,A,no_revision,ar,DM_HAC_squared_error,model_has_lower_squared_error_than_baseline,80,1.9097956519365524,4,1.2208889243511079,0.22212807854117209,0.11106403927058604
pseudo,pre_advance,A,no_revision,bridge,DM_HAC_squared_error,model_has_lower_squared_error_than_baseline,80,29.290286309658747,4,1.0927654136029188,0.27449681080123045,0.13724840540061523
pseudo,pre_advance,A,no_revision,indicator_revision_only_dfm_kalman_em,DM_HAC_squared_error,model_has_lower_squared_error_than_baseline,80,38.08918436826405,4,1.0192670509447206,0.30807620196562746,0.15403810098281373
pseudo,pre_advance,A,no_revision,joint_indicator_revision_dfm_full_kalman_em,DM_HAC_squared_error,model_has_lower_squared_error_than_baseline,80,38.59777390745777,4,1.0386533736941992,0.2989659732898232,0.1494829866449116
pseudo,pre_advance,A,no_revision,midas_umidas,DM_HAC_squared_error,model_has_lower_squared_error_than_baseline,80,-130.86539455945066,4,-2.5895091507709482,0.009611286832120416,0.9951943565839398
pseudo,pre_advance,A,no_revision,monthly_mixed_frequency_kalman_em,DM_HAC_squared_error,model_has_lower_squared_error_than_baseline,80,31.17863406127885,4,1.014935604258051,0.3101365248551494,0.1550682624275747
pseudo,pre_advance,A,no_revision,release_dfm,DM_HAC_squared_error,model_has_lower_squared_error_than_baseline,80,43.53200852661327,4,1.091675605357924,0.27497571131203236,0.13748785565601618
pseudo,pre_advance,A,no_revision,revision_dfm_kalman_em,DM_HAC_squared_error,model_has_lower_squared_error_than_baseline,80,40.507071615693235,4,1.0744270973159418,0.2826313030456011,0.14131565152280054
pseudo,pre_advance,A,no_revision,spf,DM_HAC_squared_error,model_has_lower_squared_error_than_baseline,80,47.89435399433768,4,1.1181204061485557,0.2635155721972272,0.1317577860986136
pseudo,pre_advance,A,no_revision,standard_dfm,DM_HAC_squared_error,model_has_lower_squared_error_than_baseline,80,43.53200852661327,4,1.091675605357924,0.27497571131203236,0.13748785565601618
pseudo,pre_advance,A,bridge,ar,DM_HAC_squared_error,model_has_lower_squared_error_than_baseline,80,-27.38049065772219,4,-1.0761702698676858,0.28185111336117713,0.8590744433194114
pseudo,pre_advance,A,bridge,indicator_revision_only_dfm_kalman_em,DM_HAC_squared_error,model_has_lower_squared_error_than_baseline,80,8.7988980586053,4,0.8149659380209864,0.41509180769103626,0.20754590384551813
pseudo,pre_advance,A,bridge,joint_indicator_revision_dfm_full_kalman_em,DM_HAC_squared_error,model_has_lower_squared_error_than_baseline,80,9.307487597799014,4,0.8796719404808118,0.37903705421447326,0.18951852710723663
pseudo,pre_advance,A,bridge,midas_umidas,DM_HAC_squared_error,model_has_lower_squared_error_than_baseline,80,-160.1556808691094,4,-2.1386330586269797,0.03246539795772311,0.9837673010211384
pseudo,pre_advance,A,bridge,monthly_mixed_frequency_kalman_em,DM_HAC_squared_error,model_has_lower_squared_error_than_baseline,80,1.8883477516200997,4,0.3760706768515321,0.70686435335637,0.353432176678185
pseudo,pre_advance,A,bridge,no_revision,DM_HAC_squared_error,model_has_lower_squared_error_than_baseline,80,-29.290286309658747,4,-1.0927654136029188,0.27449681080123045,0.8627515945993848
pseudo,pre_advance,A,bridge,release_dfm,DM_HAC_squared_error,model_has_lower_squared_error_than_baseline,80,14.241722216954514,4,1.0883204494507988,0.2764536659419828,0.1382268329709914
pseudo,pre_advance,A,bridge,revision_dfm_kalman_em,DM_HAC_squared_error,model_has_lower_squared_error_than_baseline,80,11.216785306034486,4,1.0200672865028435,0.3076965502810219,0.15384827514051094
pseudo,pre_advance,A,bridge,spf,DM_HAC_squared_error,model_has_lower_squared_error_than_baseline,80,18.60406768467893,4,1.1562919591830358,0.24756175618738965,0.12378087809369483
pseudo,pre_advance,A,bridge,standard_dfm,DM_HAC_squared_error,model_has_lower_squared_error_than_baseline,80,14.241722216954514,4,1.0883204494507988,0.2764536659419828,0.1382268329709914
pseudo,pre_advance,A,midas_umidas,ar,DM_HAC_squared_error,model_has_lower_squared_error_than_baseline,80,132.77519021138724,4,2.5756320476419625,0.010005705988889465,0.005002852994444733
pseudo,pre_advance,A,midas_umidas,bridge,DM_HAC_squared_error,model_has_lower_squared_error_than_baseline,80,160.1556808691094,4,2.1386330586269797,0.03246539795772311,0.016232698978861555
pseudo,pre_advance,A,midas_umidas,indicator_revision_only_dfm_kalman_em,DM_HAC_squared_error,model_has_lower_squared_error_than_baseline,80,168.95457892771472,4,1.9830618359445034,0.04736052286885286,0.02368026143442643
pseudo,pre_advance,A,midas_umidas,joint_indicator_revision_dfm_full_kalman_em,DM_HAC_squared_error,model_has_lower_squared_error_than_baseline,80,169.46316846690843,4,1.9931870183384137,0.04624097208612739,0.023120486043063694
pseudo,pre_advance,A,midas_umidas,monthly_mixed_frequency_kalman_em,DM_HAC_squared_error,model_has_lower_squared_error_than_baseline,80,162.04402862072953,4,2.0844789504374366,0.03711662296916225,0.018558311484581126
pseudo,pre_advance,A,midas_umidas,no_revision,DM_HAC_squared_error,model_has_lower_squared_error_than_baseline,80,130.86539455945066,4,2.5895091507709482,0.009611286832120416,0.004805643416060208
pseudo,pre_advance,A,midas_umidas,release_dfm,DM_HAC_squared_error,model_has_lower_squared_error_than_baseline,80,174.39740308606392,4,1.999509810179195,0.04555322149367195,0.022776610746835974
pseudo,pre_advance,A,midas_umidas,revision_dfm_kalman_em,DM_HAC_squared_error,model_has_lower_squared_error_than_baseline,80,171.37246617514393,4,2.004467585044114,0.04501999586209386,0.02250999793104693
pseudo,pre_advance,A,midas_umidas,spf,DM_HAC_squared_error,model_has_lower_squared_error_than_baseline,80,178.75974855378834,4,1.9774083627677774,0.04799548945054939,0.023997744725274696
pseudo,pre_advance,A,midas_umidas,standard_dfm,DM_HAC_squared_error,model_has_lower_squared_error_than_baseline,80,174.39740308606392,4,1.999509810179195,0.04555322149367195,0.022776610746835974
pseudo,pre_advance,A,spf,ar,DM_HAC_squared_error,model_has_lower_squared_error_than_baseline,80,-45.98455834240112,4,-1.108398228666507,0.26768986957022556,0.8661550652148873
pseudo,pre_advance,A,spf,bridge,DM_HAC_squared_error,model_has_lower_squared_error_than_baseline,80,-18.60406768467893,4,-1.1562919591830358,0.24756175618738965,0.8762191219063051
pseudo,pre_advance,A,spf,indicator_revision_only_dfm_kalman_em,DM_HAC_squared_error,model_has_lower_squared_error_than_baseline,80,-9.805169626073633,4,-1.7156088959898335,0.08623364920012104,0.9568831753999395
pseudo,pre_advance,A,spf,joint_indicator_revision_dfm_full_kalman_em,DM_HAC_squared_error,model_has_lower_squared_error_than_baseline,80,-9.296580086879919,4,-1.5800345866716408,0.1140989460120709,0.9429505269939645
pseudo,pre_advance,A,spf,midas_umidas,DM_HAC_squared_error,model_has_lower_squared_error_than_baseline,80,-178.75974855378834,4,-1.9774083627677774,0.04799548945054939,0.9760022552747253
pseudo,pre_advance,A,spf,monthly_mixed_frequency_kalman_em,DM_HAC_squared_error,model_has_lower_squared_error_than_baseline,80,-16.715719933058836,4,-1.2736223635751696,0.20279728267788405,0.898601358661058
pseudo,pre_advance,A,spf,no_revision,DM_HAC_squared_error,model_has_lower_squared_error_than_baseline,80,-47.89435399433768,4,-1.1181204061485557,0.2635155721972272,0.8682422139013863
pseudo,pre_advance,A,spf,release_dfm,DM_HAC_squared_error,model_has_lower_squared_error_than_baseline,80,-4.362345467724419,4,-1.233237450943012,0.21748718658995111,0.8912564067050245
pseudo,pre_advance,A,spf,revision_dfm_kalman_em,DM_HAC_squared_error,model_has_lower_squared_error_than_baseline,80,-7.38728237864445,4,-1.4195914301276136,0.15572666179699513,0.9221366691015025
pseudo,pre_advance,A,spf,standard_dfm,DM_HAC_squared_error,model_has_lower_squared_error_than_baseline,80,-4.362345467724419,4,-1.233237450943012,0.21748718658995111,0.8912564067050245
pseudo,pre_advance,A,standard_dfm,ar,DM_HAC_squared_error,model_has_lower_squared_error_than_baseline,80,-41.62221287467671,4,-1.080719638630045,0.27982184458765197,0.860089077706174
pseudo,pre_advance,A,standard_dfm,bridge,DM_HAC_squared_error,model_has_lower_squared_error_than_baseline,80,-14.241722216954514,4,-1.0883204494507988,0.2764536659419828,0.8617731670290086
pseudo,pre_advance,A,standard_dfm,indicator_revision_only_dfm_kalman_em,DM_HAC_squared_error,model_has_lower_squared_error_than_baseline,80,-5.442824158349216,4,-1.4044326878003457,0.1601900428014117,0.9199049785992941
pseudo,pre_advance,A,standard_dfm,joint_indicator_revision_dfm_full_kalman_em,DM_HAC_squared_error,model_has_lower_squared_error_than_baseline,80,-4.934234619155502,4,-1.2413692844893374,0.21446936052876786,0.892765319735616
pseudo,pre_advance,A,standard_dfm,midas_umidas,DM_HAC_squared_error,model_has_lower_squared_error_than_baseline,80,-174.39740308606392,4,-1.999509810179195,0.04555322149367195,0.977223389253164
pseudo,pre_advance,A,standard_dfm,monthly_mixed_frequency_kalman_em,DM_HAC_squared_error,model_has_lower_squared_error_than_baseline,80,-12.353374465334415,4,-1.2655655350049992,0.20566867173772613,0.897165664131137
pseudo,pre_advance,A,standard_dfm,no_revision,DM_HAC_squared_error,model_has_lower_squared_error_than_baseline,80,-43.53200852661327,4,-1.091675605357924,0.27497571131203236,0.8625121443439838
pseudo,pre_advance,A,standard_dfm,release_dfm,DM_HAC_squared_error,model_has_lower_squared_error_than_baseline,80,0.0,4,,,
pseudo,pre_advance,A,standard_dfm,revision_dfm_kalman_em,DM_HAC_squared_error,model_has_lower_squared_error_than_baseline,80,-3.0249369109200304,4,-1.0199977156671343,0.3077295441233549,0.8461352279383225
pseudo,pre_advance,A,standard_dfm,spf,DM_HAC_squared_error,model_has_lower_squared_error_than_baseline,80,4.362345467724419,4,1.233237450943012,0.21748718658995111,0.10874359329497556
pseudo,pre_advance,A,release_dfm,ar,DM_HAC_squared_error,model_has_lower_squared_error_than_baseline,80,-41.62221287467671,4,-1.080719638630045,0.27982184458765197,0.860089077706174
pseudo,pre_advance,A,release_dfm,bridge,DM_HAC_squared_error,model_has_lower_squared_error_than_baseline,80,-14.241722216954514,4,-1.0883204494507988,0.2764536659419828,0.8617731670290086
pseudo,pre_advance,A,release_dfm,indicator_revision_only_dfm_kalman_em,DM_HAC_squared_error,model_has_lower_squared_error_than_baseline,80,-5.442824158349216,4,-1.4044326878003457,0.1601900428014117,0.9199049785992941
pseudo,pre_advance,A,release_dfm,joint_indicator_revision_dfm_full_kalman_em,DM_HAC_squared_error,model_has_lower_squared_error_than_baseline,80,-4.934234619155502,4,-1.2413692844893374,0.21446936052876786,0.892765319735616
pseudo,pre_advance,A,release_dfm,midas_umidas,DM_HAC_squared_error,model_has_lower_squared_error_than_baseline,80,-174.39740308606392,4,-1.999509810179195,0.04555322149367195,0.977223389253164
pseudo,pre_advance,A,release_dfm,monthly_mixed_frequency_kalman_em,DM_HAC_squared_error,model_has_lower_squared_error_than_baseline,80,-12.353374465334415,4,-1.2655655350049992,0.20566867173772613,0.897165664131137
pseudo,pre_advance,A,release_dfm,no_revision,DM_HAC_squared_error,model_has_lower_squared_error_than_baseline,80,-43.53200852661327,4,-1.091675605357924,0.27497571131203236,0.8625121443439838
pseudo,pre_advance,A,release_dfm,revision_dfm_kalman_em,DM_HAC_squared_error,model_has_lower_squared_error_than_baseline,80,-3.0249369109200304,4,-1.0199977156671343,0.3077295441233549,0.8461352279383225
pseudo,pre_advance,A,release_dfm,spf,DM_HAC_squared_error,model_has_lower_squared_error_than_baseline,80,4.362345467724419,4,1.233237450943012,0.21748718658995111,0.10874359329497556
pseudo,pre_advance,A,release_dfm,standard_dfm,DM_HAC_squared_error,model_has_lower_squared_error_than_baseline,80,0.0,4,,,
pseudo,pre_second,S,ar,bridge,DM_HAC_squared_error,model_has_lower_squared_error_than_baseline,79,27.561678295881105,4,1.1044293581350533,0.2694069314258715,0.13470346571293576
pseudo,pre_second,S,ar,indicator_revision_only_dfm_kalman_em,DM_HAC_squared_error,model_has_lower_squared_error_than_baseline,79,47.83516444551452,4,1.17268195879765,0.24092336885288956,0.12046168442644478
pseudo,pre_second,S,ar,joint_indicator_revision_dfm_full_kalman_em,DM_HAC_squared_error,model_has_lower_squared_error_than_baseline,79,47.78004040562708,4,1.1720852655916518,0.24116282494638408,0.12058141247319204
pseudo,pre_second,S,ar,midas_umidas,DM_HAC_squared_error,model_has_lower_squared_error_than_baseline,79,25.508973658444475,4,0.9955863457001639,0.3194511717780323,0.15972558588901614
pseudo,pre_second,S,ar,monthly_mixed_frequency_kalman_em,DM_HAC_squared_error,model_has_lower_squared_error_than_baseline,79,47.81764349976602,4,1.1730577544457441,0.24077264606529944,0.12038632303264972
pseudo,pre_second,S,ar,no_revision,DM_HAC_squared_error,model_has_lower_squared_error_than_baseline,79,47.86845172907163,4,1.1734471755253992,0.24061652852272167,0.12030826426136083
pseudo,pre_second,S,ar,release_dfm,DM_HAC_squared_error,model_has_lower_squared_error_than_baseline,79,47.71629636626023,4,1.1730332685601472,0.2407824647543425,0.12039123237717125
pseudo,pre_second,S,ar,revision_dfm_kalman_em,DM_HAC_squared_error,model_has_lower_squared_error_than_baseline,79,47.74971529376691,4,1.1732263866767074,0.2407050332402671,0.12035251662013355
pseudo,pre_second,S,ar,spf,DM_HAC_squared_error,model_has_lower_squared_error_than_baseline,79,42.72933383679317,4,1.1197084228389325,0.2628380345680621,0.13141901728403105
pseudo,pre_second,S,ar,standard_dfm,DM_HAC_squared_error,model_has_lower_squared_error_than_baseline,79,39.688243497768724,4,1.09314939051102,0.2743282134857842,0.1371641067428921
pseudo,pre_second,S,no_revision,ar,DM_HAC_squared_error,model_has_lower_squared_error_than_baseline,79,-47.86845172907163,4,-1.1734471755253992,0.24061652852272167,0.8796917357386391
pseudo,pre_second,S,no_revision,bridge,DM_HAC_squared_error,model_has_lower_squared_error_than_baseline,79,-20.306773433190536,4,-1.2787608466929454,0.20098128544738536,0.8995093572763073
pseudo,pre_second,S,no_revision,indicator_revision_only_dfm_kalman_em,DM_HAC_squared_error,model_has_lower_squared_error_than_baseline,79,-0.033287283557131744,4,-1.0434285897271058,0.2967498380860779,0.851625080956961
pseudo,pre_second,S,no_revision,joint_indicator_revision_dfm_full_kalman_em,DM_HAC_squared_error,model_has_lower_squared_error_than_baseline,79,-0.08841132344456093,4,-1.628413551138488,0.10343722616554397,0.948281386917228
pseudo,pre_second,S,no_revision,midas_umidas,DM_HAC_squared_error,model_has_lower_squared_error_than_baseline,79,-22.359478070627173,4,-1.4082606640902078,0.15905389884144278,0.9204730505792786
pseudo,pre_second,S,no_revision,monthly_mixed_frequency_kalman_em,DM_HAC_squared_error,model_has_lower_squared_error_than_baseline,79,-0.050808229305614676,4,-1.295079364061062,0.1952928528343957,0.9023535735828021
pseudo,pre_second,S,no_revision,release_dfm,DM_HAC_squared_error,model_has_lower_squared_error_than_baseline,79,-0.15215536281141886,4,-1.1413462559494736,0.2537258602648131,0.8731370698675934
pseudo,pre_second,S,no_revision,revision_dfm_kalman_em,DM_HAC_squared_error,model_has_lower_squared_error_than_baseline,79,-0.11873643530472214,4,-1.1186865110396564,0.2632739017804883,0.8683630491097558
pseudo,pre_second,S,no_revision,spf,DM_HAC_squared_error,model_has_lower_squared_error_than_baseline,79,-5.13911789227848,4,-1.8934633773137717,0.05829627406554074,0.9708518629672296
pseudo,pre_second,S,no_revision,standard_dfm,DM_HAC_squared_error,model_has_lower_squared_error_than_baseline,79,-8.180208231302926,4,-1.7241694710366922,0.08467725366940562,0.9576613731652972
pseudo,pre_second,S,bridge,ar,DM_HAC_squared_error,model_has_lower_squared_error_than_baseline,79,-27.561678295881105,4,-1.1044293581350533,0.2694069314258715,0.8652965342870642
pseudo,pre_second,S,bridge,indicator_revision_only_dfm_kalman_em,DM_HAC_squared_error,model_has_lower_squared_error_than_baseline,79,20.273486149633413,4,1.2768851773031265,0.2016427879704612,0.1008213939852306
pseudo,pre_second,S,bridge,joint_indicator_revision_dfm_full_kalman_em,DM_HAC_squared_error,model_has_lower_squared_error_than_baseline,79,20.21836210974598,4,1.2755106864987062,0.20212854411297765,0.10106427205648882
pseudo,pre_second,S,bridge,midas_umidas,DM_HAC_squared_error,model_has_lower_squared_error_than_baseline,79,-2.052704637436632,4,-0.5337174973517812,0.5935370015420156,0.7032314992289922
pseudo,pre_second,S,bridge,monthly_mixed_frequency_kalman_em,DM_HAC_squared_error,model_has_lower_squared_error_than_baseline,79,20.25596520388493,4,1.2779546405549569,0.20126542027434557,0.10063271013717279
pseudo,pre_second,S,bridge,no_revision,DM_HAC_squared_error,model_has_lower_squared_error_than_baseline,79,20.306773433190536,4,1.2787608466929454,0.20098128544738536,0.10049064272369268
pseudo,pre_second,S,bridge,release_dfm,DM_HAC_squared_error,model_has_lower_squared_error_than_baseline,79,20.154618070379122,4,1.2785258448310166,0.20106407796440925,0.10053203898220463
pseudo,pre_second,S,bridge,revision_dfm_kalman_em,DM_HAC_squared_error,model_has_lower_squared_error_than_baseline,79,20.18803699788582,4,1.2788813440564872,0.20093884317634422,0.10046942158817211
pseudo,pre_second,S,bridge,spf,DM_HAC_squared_error,model_has_lower_squared_error_than_baseline,79,15.167655540912058,4,1.1441999417731903,0.2525407272659392,0.1262703636329696
pseudo,pre_second,S,bridge,standard_dfm,DM_HAC_squared_error,model_has_lower_squared_error_than_baseline,79,12.126565201887612,4,1.0666050847704478,0.2861502034270715,0.14307510171353574
pseudo,pre_second,S,midas_umidas,ar,DM_HAC_squared_error,model_has_lower_squared_error_than_baseline,79,-25.508973658444475,4,-0.9955863457001639,0.3194511717780323,0.8402744141109839
pseudo,pre_second,S,midas_umidas,bridge,DM_HAC_squared_error,model_has_lower_squared_error_than_baseline,79,2.052704637436632,4,0.5337174973517812,0.5935370015420156,0.2967685007710078
pseudo,pre_second,S,midas_umidas,indicator_revision_only_dfm_kalman_em,DM_HAC_squared_error,model_has_lower_squared_error_than_baseline,79,22.326190787070043,4,1.4060863491077604,0.15969848541812656,0.07984924270906328
pseudo,pre_second,S,midas_umidas,joint_indicator_revision_dfm_full_kalman_em,DM_HAC_squared_error,model_has_lower_squared_error_than_baseline,79,22.27106674718262,4,1.405140843214689,0.15997940094658697,0.07998970047329348
pseudo,pre_second,S,midas_umidas,monthly_mixed_frequency_kalman_em,DM_HAC_squared_error,model_has_lower_squared_error_than_baseline,79,22.308669841321557,4,1.408036835227081,0.1591201629866595,0.07956008149332976
pseudo,pre_second,S,midas_umidas,no_revision,DM_HAC_squared_error,model_has_lower_squared_error_than_baseline,79,22.359478070627173,4,1.4082606640902078,0.15905389884144278,0.07952694942072139
pseudo,pre_second,S,midas_umidas,release_dfm,DM_HAC_squared_error,model_has_lower_squared_error_than_baseline,79,22.207322707815752,4,1.4097477694649911,0.15861417402914466,0.07930708701457233
pseudo,pre_second,S,midas_umidas,revision_dfm_kalman_em,DM_HAC_squared_error,model_has_lower_squared_error_than_baseline,79,22.24074163532245,4,1.4095076462955394,0.15868511410439184,0.07934255705219592
pseudo,pre_second,S,midas_umidas,spf,DM_HAC_squared_error,model_has_lower_squared_error_than_baseline,79,17.22036017834869,4,1.2822712162483711,0.19974752147014463,0.09987376073507231
pseudo,pre_second,S,midas_umidas,standard_dfm,DM_HAC_squared_error,model_has_lower_squared_error_than_baseline,79,14.179269839324247,4,1.237807645320512,0.2157873929431327,0.10789369647156635
pseudo,pre_second,S,spf,ar,DM_HAC_squared_error,model_has_lower_squared_error_than_baseline,79,-42.72933383679317,4,-1.1197084228389325,0.2628380345680621,0.868580982715969
pseudo,pre_second,S,spf,bridge,DM_HAC_squared_error,model_has_lower_squared_error_than_baseline,79,-15.167655540912058,4,-1.1441999417731903,0.2525407272659392,0.8737296363670304
pseudo,pre_second,S,spf,indicator_revision_only_dfm_kalman_em,DM_HAC_squared_error,model_has_lower_squared_error_than_baseline,79,5.105830608721349,4,1.883983897561529,0.05956715359881081,0.029783576799405406
pseudo,pre_second,S,spf,joint_indicator_revision_dfm_full_kalman_em,DM_HAC_squared_error,model_has_lower_squared_error_than_baseline,79,5.050706568833919,4,1.8799608009645676,0.06011342044337633,0.030056710221688165
pseudo,pre_second,S,spf,midas_umidas,DM_HAC_squared_error,model_has_lower_squared_error_than_baseline,79,-17.22036017834869,4,-1.2822712162483711,0.19974752147014463,0.9001262392649276
pseudo,pre_second,S,spf,monthly_mixed_frequency_kalman_em,DM_HAC_squared_error,model_has_lower_squared_error_than_baseline,79,5.088309662972867,4,1.894156482248141,0.058204242457635405,0.029102121228817703
pseudo,pre_second,S,spf,no_revision,DM_HAC_squared_error,model_has_lower_squared_error_than_baseline,79,5.13911789227848,4,1.8934633773137717,0.05829627406554074,0.02914813703277037
pseudo,pre_second,S,spf,release_dfm,DM_HAC_squared_error,model_has_lower_squared_error_than_baseline,79,4.986962529467063,4,1.9099737230165037,0.056136596706094666,0.028068298353047333
pseudo,pre_second,S,spf,revision_dfm_kalman_em,DM_HAC_squared_error,model_has_lower_squared_error_than_baseline,79,5.02038145697376,4,1.9094172895522035,0.056208282157711925,0.028104141078855963
pseudo,pre_second,S,spf,standard_dfm,DM_HAC_squared_error,model_has_lower_squared_error_than_baseline,79,-3.041090339024446,4,-1.2572620718805556,0.2086587531809883,0.8956706234095059
pseudo,pre_second,S,standard_dfm,ar,DM_HAC_squared_error,model_has_lower_squared_error_than_baseline,79,-39.688243497768724,4,-1.09314939051102,0.2743282134857842,0.8628358932571079
pseudo,pre_second,S,standard_dfm,bridge,DM_HAC_squared_error,model_has_lower_squared_error_than_baseline,79,-12.126565201887612,4,-1.0666050847704478,0.2861502034270715,0.8569248982864642
pseudo,pre_second,S,standard_dfm,indicator_revision_only_dfm_kalman_em,DM_HAC_squared_error,model_has_lower_squared_error_than_baseline,79,8.146920947745794,4,1.7190479656493274,0.0856056383747032,0.0428028191873516
pseudo,pre_second,S,standard_dfm,joint_indicator_revision_dfm_full_kalman_em,DM_HAC_squared_error,model_has_lower_squared_error_than_baseline,79,8.091796907858365,4,1.716414041473911,0.08608628839942087,0.043043144199710434
pseudo,pre_second,S,standard_dfm,midas_umidas,DM_HAC_squared_error,model_has_lower_squared_error_than_baseline,79,-14.179269839324247,4,-1.237807645320512,0.2157873929431327,0.8921063035284337
pseudo,pre_second,S,standard_dfm,monthly_mixed_frequency_kalman_em,DM_HAC_squared_error,model_has_lower_squared_error_than_baseline,79,8.129400001997313,4,1.7248876322767082,0.08454772484493708,0.04227386242246854
pseudo,pre_second,S,standard_dfm,no_revision,DM_HAC_squared_error,model_has_lower_squared_error_than_baseline,79,8.180208231302926,4,1.7241694710366922,0.08467725366940562,0.04233862683470281
pseudo,pre_second,S,standard_dfm,release_dfm,DM_HAC_squared_error,model_has_lower_squared_error_than_baseline,79,8.02805286849151,4,1.7358581819571952,0.08258891350640232,0.04129445675320116
pseudo,pre_second,S,standard_dfm,revision_dfm_kalman_em,DM_HAC_squared_error,model_has_lower_squared_error_than_baseline,79,8.061471795998207,4,1.734178492782202,0.08288641778554885,0.041443208892774426
pseudo,pre_second,S,standard_dfm,spf,DM_HAC_squared_error,model_has_lower_squared_error_than_baseline,79,3.041090339024446,4,1.2572620718805556,0.2086587531809883,0.10432937659049416
pseudo,pre_second,S,release_dfm,ar,DM_HAC_squared_error,model_has_lower_squared_error_than_baseline,79,-47.71629636626023,4,-1.1730332685601472,0.2407824647543425,0.8796087676228288
pseudo,pre_second,S,release_dfm,bridge,DM_HAC_squared_error,model_has_lower_squared_error_than_baseline,79,-20.154618070379122,4,-1.2785258448310166,0.20106407796440925,0.8994679610177954
pseudo,pre_second,S,release_dfm,indicator_revision_only_dfm_kalman_em,DM_HAC_squared_error,model_has_lower_squared_error_than_baseline,79,0.11886807925428705,4,0.8754234831421464,0.3813435269866018,0.1906717634933009
pseudo,pre_second,S,release_dfm,joint_indicator_revision_dfm_full_kalman_em,DM_HAC_squared_error,model_has_lower_squared_error_than_baseline,79,0.06374403936685791,4,0.5872402080874621,0.5570423916767893,0.27852119583839463
pseudo,pre_second,S,release_dfm,midas_umidas,DM_HAC_squared_error,model_has_lower_squared_error_than_baseline,79,-22.207322707815752,4,-1.4097477694649911,0.15861417402914466,0.9206929129854277
pseudo,pre_second,S,release_dfm,monthly_mixed_frequency_kalman_em,DM_HAC_squared_error,model_has_lower_squared_error_than_baseline,79,0.10134713350580415,4,1.0164958147195307,0.3093933395226763,0.15469666976133814
pseudo,pre_second,S,release_dfm,no_revision,DM_HAC_squared_error,model_has_lower_squared_error_than_baseline,79,0.15215536281141886,4,1.1413462559494736,0.2537258602648131,0.12686293013240654
pseudo,pre_second,S,release_dfm,revision_dfm_kalman_em,DM_HAC_squared_error,model_has_lower_squared_error_than_baseline,79,0.03341892750669667,4,0.8874334655968649,0.37484557268783775,0.18742278634391887
pseudo,pre_second,S,release_dfm,spf,DM_HAC_squared_error,model_has_lower_squared_error_than_baseline,79,-4.986962529467063,4,-1.9099737230165037,0.056136596706094666,0.9719317016469526
pseudo,pre_second,S,release_dfm,standard_dfm,DM_HAC_squared_error,model_has_lower_squared_error_than_baseline,79,-8.02805286849151,4,-1.7358581819571952,0.08258891350640232,0.9587055432467988
pseudo,pre_third,T,ar,bridge,DM_HAC_squared_error,model_has_lower_squared_error_than_baseline,80,27.62743850174355,4,1.1154745397618224,0.26464712289372394,0.13232356144686197
pseudo,pre_third,T,ar,indicator_revision_only_dfm_kalman_em,DM_HAC_squared_error,model_has_lower_squared_error_than_baseline,80,46.837681826301605,4,1.1888294147929381,0.2345068005180331,0.11725340025901655
pseudo,pre_third,T,ar,joint_indicator_revision_dfm_full_kalman_em,DM_HAC_squared_error,model_has_lower_squared_error_than_baseline,80,46.83720515716952,4,1.1888038807886385,0.23451685056393773,0.11725842528196886
pseudo,pre_third,T,ar,midas_umidas,DM_HAC_squared_error,model_has_lower_squared_error_than_baseline,80,8.698038040332236,4,0.8685051928446752,0.38511783077306916,0.19255891538653458
pseudo,pre_third,T,ar,monthly_mixed_frequency_kalman_em,DM_HAC_squared_error,model_has_lower_squared_error_than_baseline,80,46.83772739139444,4,1.18892388410295,0.23446962056111037,0.11723481028055519
pseudo,pre_third,T,ar,no_revision,DM_HAC_squared_error,model_has_lower_squared_error_than_baseline,80,46.844769645019745,4,1.1890039039092104,0.23443813071150568,0.11721906535575284
pseudo,pre_third,T,ar,release_dfm,DM_HAC_squared_error,model_has_lower_squared_error_than_baseline,80,46.77824821087262,4,1.1878832655019977,0.23487940356532205,0.11743970178266103
pseudo,pre_third,T,ar,revision_dfm_kalman_em,DM_HAC_squared_error,model_has_lower_squared_error_than_baseline,80,46.83695560186869,4,1.18881453616746,0.2345126566274088,0.1172563283137044
pseudo,pre_third,T,ar,spf,DM_HAC_squared_error,model_has_lower_squared_error_than_baseline,80,41.31065582076973,4,1.1258242068715112,0.2602399358112015,0.13011996790560074
pseudo,pre_third,T,ar,standard_dfm,DM_HAC_squared_error,model_has_lower_squared_error_than_baseline,80,38.53036561549605,4,1.099367682443254,0.2716077212223805,0.13580386061119026
pseudo,pre_third,T,no_revision,ar,DM_HAC_squared_error,model_has_lower_squared_error_than_baseline,80,-46.844769645019745,4,-1.1890039039092104,0.23443813071150568,0.8827809346442471
pseudo,pre_third,T,no_revision,bridge,DM_HAC_squared_error,model_has_lower_squared_error_than_baseline,80,-19.217331143276184,4,-1.3105714609054198,0.1900025864222517,0.9049987067888742
pseudo,pre_third,T,no_revision,indicator_revision_only_dfm_kalman_em,DM_HAC_squared_error,model_has_lower_squared_error_than_baseline,80,-0.007087818718128925,4,-1.352460409775063,0.17622807552020617,0.9118859622398969
pseudo,pre_third,T,no_revision,joint_indicator_revision_dfm_full_kalman_em,DM_HAC_squared_error,model_has_lower_squared_error_than_baseline,80,-0.007564487850211843,4,-1.872186827355908,0.06118076084856143,0.9694096195757193
pseudo,pre_third,T,no_revision,midas_umidas,DM_HAC_squared_error,model_has_lower_squared_error_than_baseline,80,-38.1467316046875,4,-1.2796938340795683,0.20065283398955724,0.8996735830052214
pseudo,pre_third,T,no_revision,monthly_mixed_frequency_kalman_em,DM_HAC_squared_error,model_has_lower_squared_error_than_baseline,80,-0.007042253625293447,4,-1.1025225010421518,0.27023458177485254,0.8648827091125737
pseudo,pre_third,T,no_revision,release_dfm,DM_HAC_squared_error,model_has_lower_squared_error_than_baseline,80,-0.06652143414712317,4,-2.0995696455455506,0.03576671530908197,0.982116642345459
pseudo,pre_third,T,no_revision,revision_dfm_kalman_em,DM_HAC_squared_error,model_has_lower_squared_error_than_baseline,80,-0.007814043151046446,4,-1.7726894097908117,0.07628018689618073,0.9618599065519097
pseudo,pre_third,T,no_revision,spf,DM_HAC_squared_error,model_has_lower_squared_error_than_baseline,80,-5.53411382425,4,-1.9858903222953832,0.04704550355156113,0.9764772482242194
pseudo,pre_third,T,no_revision,standard_dfm,DM_HAC_squared_error,model_has_lower_squared_error_than_baseline,80,-8.314404029523681,4,-1.8180996415607977,0.06904890478544329,0.9654755476072784
pseudo,pre_third,T,bridge,ar,DM_HAC_squared_error,model_has_lower_squared_error_than_baseline,80,-27.62743850174355,4,-1.1154745397618224,0.26464712289372394,0.867676438553138
pseudo,pre_third,T,bridge,indicator_revision_only_dfm_kalman_em,DM_HAC_squared_error,model_has_lower_squared_error_than_baseline,80,19.21024332455805,4,1.3101049249063426,0.19016034261379136,0.09508017130689568
pseudo,pre_third,T,bridge,joint_indicator_revision_dfm_full_kalman_em,DM_HAC_squared_error,model_has_lower_squared_error_than_baseline,80,19.20976665542597,4,1.3100315870394694,0.19018515012073317,0.09509257506036659
pseudo,pre_third,T,bridge,midas_umidas,DM_HAC_squared_error,model_has_lower_squared_error_than_baseline,80,-18.92940046141132,4,-1.2414239618026612,0.21444917179457582,0.8927754141027121
pseudo,pre_third,T,bridge,monthly_mixed_frequency_kalman_em,DM_HAC_squared_error,model_has_lower_squared_error_than_baseline,80,19.21028888965089,4,1.3103891045958191,0.190064237572112,0.095032118786056
pseudo,pre_third,T,bridge,no_revision,DM_HAC_squared_error,model_has_lower_squared_error_than_baseline,80,19.217331143276184,4,1.3105714609054198,0.1900025864222517,0.09500129321112585
pseudo,pre_third,T,bridge,release_dfm,DM_HAC_squared_error,model_has_lower_squared_error_than_baseline,80,19.15080970912906,4,1.3077132733062045,0.19097057957924835,0.09548528978962417
pseudo,pre_third,T,bridge,revision_dfm_kalman_em,DM_HAC_squared_error,model_has_lower_squared_error_than_baseline,80,19.20951710012514,4,1.3100648501799326,0.19017389812658247,0.09508694906329124
pseudo,pre_third,T,bridge,spf,DM_HAC_squared_error,model_has_lower_squared_error_than_baseline,80,13.68321731902618,4,1.1426096707108544,0.25320068854447664,0.12660034427223832
pseudo,pre_third,T,bridge,standard_dfm,DM_HAC_squared_error,model_has_lower_squared_error_than_baseline,80,10.902927113752503,4,1.0586050422685092,0.2897796895909199,0.14488984479545994
pseudo,pre_third,T,midas_umidas,ar,DM_HAC_squared_error,model_has_lower_squared_error_than_baseline,80,-8.698038040332236,4,-0.8685051928446752,0.38511783077306916,0.8074410846134654
pseudo,pre_third,T,midas_umidas,bridge,DM_HAC_squared_error,model_has_lower_squared_error_than_baseline,80,18.92940046141132,4,1.2414239618026612,0.21444917179457582,0.10722458589728791
pseudo,pre_third,T,midas_umidas,indicator_revision_only_dfm_kalman_em,DM_HAC_squared_error,model_has_lower_squared_error_than_baseline,80,38.13964378596937,4,1.2794757031511002,0.20072959029436255,0.10036479514718127
pseudo,pre_third,T,midas_umidas,joint_indicator_revision_dfm_full_kalman_em,DM_HAC_squared_error,model_has_lower_squared_error_than_baseline,80,38.13916711683729,4,1.279435864965173,0.20074361094086537,0.10037180547043269
pseudo,pre_third,T,midas_umidas,monthly_mixed_frequency_kalman_em,DM_HAC_squared_error,model_has_lower_squared_error_than_baseline,80,38.1396893510622,4,1.2796052629345605,0.20068399798049014,0.10034199899024507
pseudo,pre_third,T,midas_umidas,no_revision,DM_HAC_squared_error,model_has_lower_squared_error_than_baseline,80,38.1467316046875,4,1.2796938340795683,0.20065283398955724,0.10032641699477862
pseudo,pre_third,T,midas_umidas,release_dfm,DM_HAC_squared_error,model_has_lower_squared_error_than_baseline,80,38.08021017054038,4,1.2783304751795506,0.201132926763378,0.100566463381689
pseudo,pre_third,T,midas_umidas,revision_dfm_kalman_em,DM_HAC_squared_error,model_has_lower_squared_error_than_baseline,80,38.138917561536445,4,1.2794542549175,0.20073713869438622,0.10036856934719311
pseudo,pre_third,T,midas_umidas,spf,DM_HAC_squared_error,model_has_lower_squared_error_than_baseline,80,32.6126177804375,4,1.201584186410856,0.22952467131707335,0.11476233565853668
pseudo,pre_third,T,midas_umidas,standard_dfm,DM_HAC_squared_error,model_has_lower_squared_error_than_baseline,80,29.832327575163823,4,1.1725784329787272,0.24096490229344003,0.12048245114672002
pseudo,pre_third,T,spf,ar,DM_HAC_squared_error,model_has_lower_squared_error_than_baseline,80,-41.31065582076973,4,-1.1258242068715112,0.2602399358112015,0.8698800320943992
pseudo,pre_third,T,spf,bridge,DM_HAC_squared_error,model_has_lower_squared_error_than_baseline,80,-13.68321731902618,4,-1.1426096707108544,0.25320068854447664,0.8733996557277617
pseudo,pre_third,T,spf,indicator_revision_only_dfm_kalman_em,DM_HAC_squared_error,model_has_lower_squared_error_than_baseline,80,5.527026005531872,4,1.9836494432722391,0.04729493322549662,0.02364746661274831
pseudo,pre_third,T,spf,joint_indicator_revision_dfm_full_kalman_em,DM_HAC_squared_error,model_has_lower_squared_error_than_baseline,80,5.526549336399788,4,1.983101199091262,0.0473561267041072,0.0236780633520536
pseudo,pre_third,T,spf,midas_umidas,DM_HAC_squared_error,model_has_lower_squared_error_than_baseline,80,-32.6126177804375,4,-1.201584186410856,0.22952467131707335,0.8852376643414633
pseudo,pre_third,T,spf,monthly_mixed_frequency_kalman_em,DM_HAC_squared_error,model_has_lower_squared_error_than_baseline,80,5.527071570624708,4,1.985530957706178,0.04708542935159227,0.023542714675796134
pseudo,pre_third,T,spf,no_revision,DM_HAC_squared_error,model_has_lower_squared_error_than_baseline,80,5.53411382425,4,1.9858903222953832,0.04704550355156113,0.023522751775780566
pseudo,pre_third,T,spf,release_dfm,DM_HAC_squared_error,model_has_lower_squared_error_than_baseline,80,5.467592390102878,4,1.974268378813322,0.048351234448190686,0.024175617224095343
pseudo,pre_third,T,spf,revision_dfm_kalman_em,DM_HAC_squared_error,model_has_lower_squared_error_than_baseline,80,5.526299781098954,4,1.983314936069705,0.047332262067587005,0.023666131033793503
pseudo,pre_third,T,spf,standard_dfm,DM_HAC_squared_error,model_has_lower_squared_error_than_baseline,80,-2.780290205273679,4,-1.2708256955336428,0.20379066525178838,0.8981046673741058
pseudo,pre_third,T,standard_dfm,ar,DM_HAC_squared_error,model_has_lower_squared_error_than_baseline,80,-38.53036561549605,4,-1.099367682443254,0.2716077212223805,0.8641961393888098
pseudo,pre_third,T,standard_dfm,bridge,DM_HAC_squared_error,model_has_lower_squared_error_than_baseline,80,-10.902927113752503,4,-1.0586050422685092,0.2897796895909199,0.85511015520454
pseudo,pre_third,T,standard_dfm,indicator_revision_only_dfm_kalman_em,DM_HAC_squared_error,model_has_lower_squared_error_than_baseline,80,8.307316210805551,4,1.8167061459048057,0.06926212018584084,0.03463106009292042
pseudo,pre_third,T,standard_dfm,joint_indicator_revision_dfm_full_kalman_em,DM_HAC_squared_error,model_has_lower_squared_error_than_baseline,80,8.306839541673469,4,1.8163819896421256,0.06931179599980489,0.034655897999902444
pseudo,pre_third,T,standard_dfm,midas_umidas,DM_HAC_squared_error,model_has_lower_squared_error_than_baseline,80,-29.832327575163823,4,-1.1725784329787272,0.24096490229344003,0.87951754885328
pseudo,pre_third,T,standard_dfm,monthly_mixed_frequency_kalman_em,DM_HAC_squared_error,model_has_lower_squared_error_than_baseline,80,8.307361775898388,4,1.8179712013672435,0.06906853452279532,0.03453426726139766
pseudo,pre_third,T,standard_dfm,no_revision,DM_HAC_squared_error,model_has_lower_squared_error_than_baseline,80,8.314404029523681,4,1.8180996415607977,0.06904890478544329,0.034524452392721644
pseudo,pre_third,T,standard_dfm,release_dfm,DM_HAC_squared_error,model_has_lower_squared_error_than_baseline,80,8.247882595376556,4,1.8113812513282883,0.07008185613569812,0.03504092806784906
pseudo,pre_third,T,standard_dfm,revision_dfm_kalman_em,DM_HAC_squared_error,model_has_lower_squared_error_than_baseline,80,8.306589986372632,4,1.8165588856230281,0.06928468368335292,0.03464234184167646
pseudo,pre_third,T,standard_dfm,spf,DM_HAC_squared_error,model_has_lower_squared_error_than_baseline,80,2.780290205273679,4,1.2708256955336428,0.20379066525178838,0.10189533262589419
pseudo,pre_third,T,release_dfm,ar,DM_HAC_squared_error,model_has_lower_squared_error_than_baseline,80,-46.77824821087262,4,-1.1878832655019977,0.23487940356532205,0.882560298217339
pseudo,pre_third,T,release_dfm,bridge,DM_HAC_squared_error,model_has_lower_squared_error_than_baseline,80,-19.15080970912906,4,-1.3077132733062045,0.19097057957924835,0.9045147102103759
pseudo,pre_third,T,release_dfm,indicator_revision_only_dfm_kalman_em,DM_HAC_squared_error,model_has_lower_squared_error_than_baseline,80,0.05943361542899424,4,2.03908755215844,0.041441290318835644,0.020720645159417822
pseudo,pre_third,T,release_dfm,joint_indicator_revision_dfm_full_kalman_em,DM_HAC_squared_error,model_has_lower_squared_error_than_baseline,80,0.058956946296911304,4,1.9835445149077358,0.0473066398869582,0.0236533199434791
pseudo,pre_third,T,release_dfm,midas_umidas,DM_HAC_squared_error,model_has_lower_squared_error_than_baseline,80,-38.08021017054038,4,-1.2783304751795506,0.201132926763378,0.899433536618311
pseudo,pre_third,T,release_dfm,monthly_mixed_frequency_kalman_em,DM_HAC_squared_error,model_has_lower_squared_error_than_baseline,80,0.05947918052182971,4,2.162653156957511,0.030567866484309907,0.015283933242154954
pseudo,pre_third,T,release_dfm,no_revision,DM_HAC_squared_error,model_has_lower_squared_error_than_baseline,80,0.06652143414712317,4,2.0995696455455506,0.03576671530908197,0.017883357654540986
pseudo,pre_third,T,release_dfm,revision_dfm_kalman_em,DM_HAC_squared_error,model_has_lower_squared_error_than_baseline,80,0.05870739099607671,4,2.0319737985271638,0.04215630854291719,0.021078154271458593
pseudo,pre_third,T,release_dfm,spf,DM_HAC_squared_error,model_has_lower_squared_error_than_baseline,80,-5.467592390102878,4,-1.974268378813322,0.048351234448190686,0.9758243827759047
pseudo,pre_third,T,release_dfm,standard_dfm,DM_HAC_squared_error,model_has_lower_squared_error_than_baseline,80,-8.247882595376556,4,-1.8113812513282883,0.07008185613569812,0.9649590719321509
