model_id,timing_mode,checkpoint_id,outcome_id,revision_size_bin,n_obs,RMSE,MAE,bias
ar,exact,pre_advance,DELTA_SA,abs_le_0p1,18,0.6602444054761669,0.32739046163105795,0.29655286504474837
ar,exact,pre_advance,DELTA_SA,abs_0p1_0p2,9,0.36317836654615254,0.3266875792458411,0.08990505953729544
ar,exact,pre_advance,DELTA_SA,abs_0p2_0p5,32,0.4341785835589851,0.3456553560405242,-0.0007657868446630245
ar,exact,pre_advance,DELTA_SA,abs_gt_0p5,20,1.03112108626197,0.854875970147639,0.021864133828000214
ar,exact,pre_second,DELTA_TS,abs_le_0p1,28,0.1809506617640022,0.12172319919482008,0.04444513143367805
ar,exact,pre_second,DELTA_TS,abs_0p1_0p2,13,0.2126896470034797,0.18578541413137215,0.07644028757516914
ar,exact,pre_second,DELTA_TS,abs_0p2_0p5,31,0.37027796472774305,0.27292499617404686,-0.06525948849999741
ar,exact,pre_second,DELTA_TS,abs_gt_0p5,7,1.027485702705265,0.8933675738924075,0.1541191619838323
ar,exact,pre_third,DELTA_MT,abs_le_0p1,3,2.3238401951770906,1.7122993100700936,1.1371921375355114
ar,exact,pre_third,DELTA_MT,abs_0p1_0p2,4,0.9814064986550186,0.8310602878557095,-0.24384765353619148
ar,exact,pre_third,DELTA_MT,abs_0p2_0p5,17,4.939941181512753,1.965585426090055,-1.5718163525771396
ar,exact,pre_third,DELTA_MT,abs_gt_0p5,50,4.05256103072567,2.4607763905419198,1.0467516313421614
ar,pseudo,pre_advance,DELTA_SA,abs_le_0p1,18,0.6602444054761669,0.32739046163105795,0.29655286504474837
ar,pseudo,pre_advance,DELTA_SA,abs_0p1_0p2,9,0.36317836654615254,0.3266875792458411,0.08990505953729544
ar,pseudo,pre_advance,DELTA_SA,abs_0p2_0p5,32,0.4341785835589851,0.3456553560405242,-0.0007657868446630245
ar,pseudo,pre_advance,DELTA_SA,abs_gt_0p5,20,1.03112108626197,0.854875970147639,0.021864133828000214
ar,pseudo,pre_second,DELTA_TS,abs_le_0p1,28,0.1809506617640022,0.12172319919482008,0.04444513143367805
ar,pseudo,pre_second,DELTA_TS,abs_0p1_0p2,13,0.2126896470034797,0.18578541413137215,0.07644028757516914
ar,pseudo,pre_second,DELTA_TS,abs_0p2_0p5,31,0.37027796472774305,0.27292499617404686,-0.06525948849999741
ar,pseudo,pre_second,DELTA_TS,abs_gt_0p5,7,1.027485702705265,0.8933675738924075,0.1541191619838323
ar,pseudo,pre_third,DELTA_MT,abs_le_0p1,3,2.3238401951770906,1.7122993100700936,1.1371921375355114
ar,pseudo,pre_third,DELTA_MT,abs_0p1_0p2,4,0.9814064986550186,0.8310602878557095,-0.24384765353619148
ar,pseudo,pre_third,DELTA_MT,abs_0p2_0p5,17,4.939941181512753,1.965585426090055,-1.5718163525771396
ar,pseudo,pre_third,DELTA_MT,abs_gt_0p5,50,4.05256103072567,2.4607763905419198,1.0467516313421614
bridge,exact,pre_advance,DELTA_SA,abs_le_0p1,18,0.5849030461019664,0.30577323007554047,0.2385554233223471
bridge,exact,pre_advance,DELTA_SA,abs_0p1_0p2,9,0.40992596060164566,0.35578722665695733,-0.09249400799634845
bridge,exact,pre_advance,DELTA_SA,abs_0p2_0p5,32,0.6293325815971686,0.4176494940845726,-0.04772722062461183
bridge,exact,pre_advance,DELTA_SA,abs_gt_0p5,20,1.010337939290839,0.8640108887069825,-0.09704390235219615
bridge,exact,pre_second,DELTA_TS,abs_le_0p1,28,0.4061518964158081,0.31312296091645603,0.02533079580774155
bridge,exact,pre_second,DELTA_TS,abs_0p1_0p2,13,0.32351689667029604,0.24989807692696933,0.07934310939725892
bridge,exact,pre_second,DELTA_TS,abs_0p2_0p5,31,0.42247476389515815,0.32765897669601657,-0.05020623331484405
bridge,exact,pre_second,DELTA_TS,abs_gt_0p5,7,1.040989168170509,0.8850024134993352,0.19111243709694964
bridge,exact,pre_third,DELTA_MT,abs_le_0p1,3,1.8498235065242241,1.8179902097881362,-0.4696828556894892
bridge,exact,pre_third,DELTA_MT,abs_0p1_0p2,4,0.9072687546209347,0.7720364862188505,-0.18081769080836774
bridge,exact,pre_third,DELTA_MT,abs_0p2_0p5,17,1.652258992106825,1.2616965453204643,-1.2616965453204643
bridge,exact,pre_third,DELTA_MT,abs_gt_0p5,50,2.427582316191895,1.8171545867179506,-0.08263366692359511
bridge,pseudo,pre_advance,DELTA_SA,abs_le_0p1,18,0.582984018728419,0.30285750661121047,0.23953390525008444
bridge,pseudo,pre_advance,DELTA_SA,abs_0p1_0p2,9,0.40895468565829385,0.3561438790816717,-0.08796658404417868
bridge,pseudo,pre_advance,DELTA_SA,abs_0p2_0p5,32,0.6447213634528748,0.4234915908406719,-0.04622748713840497
bridge,pseudo,pre_advance,DELTA_SA,abs_gt_0p5,20,1.0067709887892637,0.8620580971439138,-0.09540688349784077
bridge,pseudo,pre_second,DELTA_TS,abs_le_0p1,28,0.40593340992661897,0.3135159596395222,0.025878638960036438
bridge,pseudo,pre_second,DELTA_TS,abs_0p1_0p2,13,0.32449284574942866,0.249821098880893,0.07899612393122332
bridge,pseudo,pre_second,DELTA_TS,abs_0p2_0p5,31,0.4246796616415814,0.3261214342918933,-0.04906769409461887
bridge,pseudo,pre_second,DELTA_TS,abs_gt_0p5,7,1.0403398424639203,0.8840739022115324,0.18346561064037087
bridge,pseudo,pre_third,DELTA_MT,abs_le_0p1,3,1.848454331785381,1.8160919171764067,-0.4677845630777598
bridge,pseudo,pre_third,DELTA_MT,abs_0p1_0p2,4,0.9001539626609095,0.7674451490619403,-0.18781180092207506
bridge,pseudo,pre_third,DELTA_MT,abs_0p2_0p5,17,1.653847271866807,1.2595347013577582,-1.2595347013577582
bridge,pseudo,pre_third,DELTA_MT,abs_gt_0p5,50,2.4258909806084628,1.8140199067120077,-0.07916939878333848
indicator_revision_only_dfm_kalman_em,exact,pre_advance,DELTA_SA,abs_le_0p1,18,0.05790484531635591,0.04414444444444435,-0.016966666666666748
indicator_revision_only_dfm_kalman_em,exact,pre_advance,DELTA_SA,abs_0p1_0p2,9,0.14607059556559937,0.14218888888888892,-0.006455555555555548
indicator_revision_only_dfm_kalman_em,exact,pre_advance,DELTA_SA,abs_0p2_0p5,32,0.3458252936816507,0.33426874999999995,-0.1111625
indicator_revision_only_dfm_kalman_em,exact,pre_advance,DELTA_SA,abs_gt_0p5,20,1.0382029315119465,0.9402799999999998,-0.06386999999999984
indicator_revision_only_dfm_kalman_em,exact,pre_second,DELTA_TS,abs_le_0p1,28,0.04821638355224437,0.04025357142857142,0.0042107142857143115
indicator_revision_only_dfm_kalman_em,exact,pre_second,DELTA_TS,abs_0p1_0p2,13,0.15456810298874235,0.15106153846153847,0.00855384615384612
indicator_revision_only_dfm_kalman_em,exact,pre_second,DELTA_TS,abs_0p2_0p5,31,0.32074044023166154,0.31281612903225803,-0.15223548387096775
indicator_revision_only_dfm_kalman_em,exact,pre_second,DELTA_TS,abs_gt_0p5,7,0.9821544255942066,0.8589571428571429,0.02712857142857144
indicator_revision_only_dfm_kalman_em,exact,pre_third,DELTA_MT,abs_le_0p1,3,0.07083213983547525,0.06872500590152897,-0.018553733976357702
indicator_revision_only_dfm_kalman_em,exact,pre_third,DELTA_MT,abs_0p1_0p2,4,0.15040136377828905,0.1467864028855499,-0.1467864028855499
indicator_revision_only_dfm_kalman_em,exact,pre_third,DELTA_MT,abs_0p2_0p5,17,0.35865450330052934,0.3478595236402282,-0.01684428750611942
indicator_revision_only_dfm_kalman_em,exact,pre_third,DELTA_MT,abs_gt_0p5,50,1.7026101356602281,1.4653233137689232,0.5936960771385739
indicator_revision_only_dfm_kalman_em,pseudo,pre_advance,DELTA_SA,abs_le_0p1,18,0.05790484531635591,0.04414444444444435,-0.016966666666666748
indicator_revision_only_dfm_kalman_em,pseudo,pre_advance,DELTA_SA,abs_0p1_0p2,9,0.14607059556559937,0.14218888888888892,-0.006455555555555548
indicator_revision_only_dfm_kalman_em,pseudo,pre_advance,DELTA_SA,abs_0p2_0p5,32,0.3458252936816507,0.33426874999999995,-0.1111625
indicator_revision_only_dfm_kalman_em,pseudo,pre_advance,DELTA_SA,abs_gt_0p5,20,1.0382029315119465,0.9402799999999998,-0.06386999999999984
indicator_revision_only_dfm_kalman_em,pseudo,pre_second,DELTA_TS,abs_le_0p1,28,0.04821638355224437,0.04025357142857142,0.0042107142857143115
indicator_revision_only_dfm_kalman_em,pseudo,pre_second,DELTA_TS,abs_0p1_0p2,13,0.15456810298874235,0.15106153846153847,0.00855384615384612
indicator_revision_only_dfm_kalman_em,pseudo,pre_second,DELTA_TS,abs_0p2_0p5,31,0.32074044023166154,0.31281612903225803,-0.15223548387096775
indicator_revision_only_dfm_kalman_em,pseudo,pre_second,DELTA_TS,abs_gt_0p5,7,0.9821544255942066,0.8589571428571429,0.02712857142857144
indicator_revision_only_dfm_kalman_em,pseudo,pre_third,DELTA_MT,abs_le_0p1,3,0.07083213983547525,0.06872500590152897,-0.018553733976357702
indicator_revision_only_dfm_kalman_em,pseudo,pre_third,DELTA_MT,abs_0p1_0p2,4,0.15040136377828905,0.1467864028855499,-0.1467864028855499
indicator_revision_only_dfm_kalman_em,pseudo,pre_third,DELTA_MT,abs_0p2_0p5,17,0.35865450330052934,0.3478595236402282,-0.01684428750611942
indicator_revision_only_dfm_kalman_em,pseudo,pre_third,DELTA_MT,abs_gt_0p5,50,1.7026101356602281,1.4653233137689232,0.5936960771385739
joint_indicator_revision_dfm_full_kalman_em,exact,pre_advance,DELTA_SA,abs_le_0p1,18,0.4028379830218954,0.3093937009240173,0.2021071505328461
joint_indicator_revision_dfm_full_kalman_em,exact,pre_advance,DELTA_SA,abs_0p1_0p2,9,0.23859816559381994,0.1967507945698196,0.1967507945698196
joint_indicator_revision_dfm_full_kalman_em,exact,pre_advance,DELTA_SA,abs_0p2_0p5,32,0.3626994875245069,0.2995888145396748,0.02896772899223611
joint_indicator_revision_dfm_full_kalman_em,exact,pre_advance,DELTA_SA,abs_gt_0p5,20,1.0742573677300853,0.9596840511156426,-0.0422754158122282
joint_indicator_revision_dfm_full_kalman_em,exact,pre_second,DELTA_TS,abs_le_0p1,28,0.050187317985951475,0.041625294672327694,0.006196723934517757
joint_indicator_revision_dfm_full_kalman_em,exact,pre_second,DELTA_TS,abs_0p1_0p2,13,0.15771708498703838,0.1537031272721425,0.012815378108145302
joint_indicator_revision_dfm_full_kalman_em,exact,pre_second,DELTA_TS,abs_0p2_0p5,31,0.3191893498486523,0.310977940476647,-0.14723761149376816
joint_indicator_revision_dfm_full_kalman_em,exact,pre_second,DELTA_TS,abs_gt_0p5,7,0.9851445568912937,0.8648862201022787,0.031346714331219494
joint_indicator_revision_dfm_full_kalman_em,exact,pre_third,DELTA_MT,abs_le_0p1,3,0.06694761885909076,0.06475709983146603,-0.014962429776357164
joint_indicator_revision_dfm_full_kalman_em,exact,pre_third,DELTA_MT,abs_0p1_0p2,4,0.14748696557263383,0.1438126809122761,-0.1438126809122761
joint_indicator_revision_dfm_full_kalman_em,exact,pre_third,DELTA_MT,abs_0p2_0p5,17,0.3612468481360629,0.3498322646210727,-0.017998194178975274
joint_indicator_revision_dfm_full_kalman_em,exact,pre_third,DELTA_MT,abs_gt_0p5,50,1.7068270230157407,1.4698750408376453,0.5961319158410701
joint_indicator_revision_dfm_full_kalman_em,pseudo,pre_advance,DELTA_SA,abs_le_0p1,18,0.40374556765804115,0.3099584485043554,0.20304602889640455
joint_indicator_revision_dfm_full_kalman_em,pseudo,pre_advance,DELTA_SA,abs_0p1_0p2,9,0.23849151626822235,0.1967133421795562,0.1942665497556346
joint_indicator_revision_dfm_full_kalman_em,pseudo,pre_advance,DELTA_SA,abs_0p2_0p5,32,0.36760823664818915,0.3018654164248056,0.03232501079855929
joint_indicator_revision_dfm_full_kalman_em,pseudo,pre_advance,DELTA_SA,abs_gt_0p5,20,1.0742977691108309,0.9597175964728327,-0.04233392866052146
joint_indicator_revision_dfm_full_kalman_em,pseudo,pre_second,DELTA_TS,abs_le_0p1,28,0.050187290398375696,0.04163111088838654,0.0062085928747351495
joint_indicator_revision_dfm_full_kalman_em,pseudo,pre_second,DELTA_TS,abs_0p1_0p2,13,0.15772203794469652,0.1537088157252577,0.012814842813355855
joint_indicator_revision_dfm_full_kalman_em,pseudo,pre_second,DELTA_TS,abs_0p2_0p5,31,0.31916768152579017,0.31095040783161865,-0.14715377599275392
joint_indicator_revision_dfm_full_kalman_em,pseudo,pre_second,DELTA_TS,abs_gt_0p5,7,0.9847952833113357,0.8643330542081902,0.030854289565224735
joint_indicator_revision_dfm_full_kalman_em,pseudo,pre_third,DELTA_MT,abs_le_0p1,3,0.06692116297129291,0.06473338038985009,-0.014986149217973097
joint_indicator_revision_dfm_full_kalman_em,pseudo,pre_third,DELTA_MT,abs_0p1_0p2,4,0.14747547369945907,0.14379796337995782,-0.14379796337995782
joint_indicator_revision_dfm_full_kalman_em,pseudo,pre_third,DELTA_MT,abs_0p2_0p5,17,0.36105175777184645,0.3496746521431476,-0.017822610577891362
joint_indicator_revision_dfm_full_kalman_em,pseudo,pre_third,DELTA_MT,abs_gt_0p5,50,1.706834565000132,1.4698808400812045,0.5961274525491972
midas_umidas,exact,pre_advance,DELTA_SA,abs_le_0p1,18,15.460463479816715,5.5832720109439435,-4.36784432857996
midas_umidas,exact,pre_advance,DELTA_SA,abs_0p1_0p2,9,5.47074218649875,4.117256420221077,1.7590423205095116
midas_umidas,exact,pre_advance,DELTA_SA,abs_0p2_0p5,32,11.167760576058507,6.671553193155436,0.5021497478014988
midas_umidas,exact,pre_advance,DELTA_SA,abs_gt_0p5,20,18.203901896973665,13.775626211330868,6.222269200034389
midas_umidas,exact,pre_second,DELTA_TS,abs_le_0p1,28,1.3300762245120943,0.8630724516826609,-0.036962792023651436
midas_umidas,exact,pre_second,DELTA_TS,abs_0p1_0p2,13,0.6963543132013224,0.5031311184993439,-0.021035628193551998
midas_umidas,exact,pre_second,DELTA_TS,abs_0p2_0p5,31,4.7042876060172585,1.9028967138277157,-0.0778241059087008
midas_umidas,exact,pre_second,DELTA_TS,abs_gt_0p5,7,2.0412815860740157,1.2640300104223106,0.5518489815212927
midas_umidas,exact,pre_third,DELTA_MT,abs_le_0p1,3,4.760007863087202,3.9646287846999138,3.9646287846999138
midas_umidas,exact,pre_third,DELTA_MT,abs_0p1_0p2,4,15.191735017964234,10.14721716199027,-8.021016193578216
midas_umidas,exact,pre_third,DELTA_MT,abs_0p2_0p5,17,7.459389312296156,4.866735292218844,2.0290785207199575
midas_umidas,exact,pre_third,DELTA_MT,abs_gt_0p5,50,18.067989346357685,8.406713980608215,4.667476298540251
midas_umidas,pseudo,pre_advance,DELTA_SA,abs_le_0p1,18,15.578650058710812,5.713537008749032,-4.515839540142915
midas_umidas,pseudo,pre_advance,DELTA_SA,abs_0p1_0p2,9,5.1279693940779145,3.745461608462633,2.168889286793521
midas_umidas,pseudo,pre_advance,DELTA_SA,abs_0p2_0p5,32,9.811329311142224,6.108982633855559,0.9646913469618305
midas_umidas,pseudo,pre_advance,DELTA_SA,abs_gt_0p5,20,18.311369920327927,13.774815793416343,6.226536459278055
midas_umidas,pseudo,pre_second,DELTA_TS,abs_le_0p1,28,1.3334100811142942,0.8710087211733316,-0.03366813510739723
midas_umidas,pseudo,pre_second,DELTA_TS,abs_0p1_0p2,13,0.6943917387782768,0.504468310731823,-0.037349601881486304
midas_umidas,pseudo,pre_second,DELTA_TS,abs_0p2_0p5,31,4.706829494120603,1.9167293140200565,-0.08547999941269484
midas_umidas,pseudo,pre_second,DELTA_TS,abs_gt_0p5,7,2.0090931843434237,1.2226788951788095,0.4978433804773961
midas_umidas,pseudo,pre_third,DELTA_MT,abs_le_0p1,3,6.6743701709927,6.118060396134155,6.118060396134155
midas_umidas,pseudo,pre_third,DELTA_MT,abs_0p1_0p2,4,15.210429494080309,10.096058631245638,-8.059307895229221
midas_umidas,pseudo,pre_third,DELTA_MT,abs_0p2_0p5,17,7.415557067311672,4.909983711762662,2.04574209240987
midas_umidas,pseudo,pre_third,DELTA_MT,abs_gt_0p5,50,18.07267076793039,8.413202828007414,4.637540591865621
monthly_mixed_frequency_kalman_em,exact,pre_advance,DELTA_SA,abs_le_0p1,18,0.3423908202193694,0.20040482261997583,0.1535373116379869
monthly_mixed_frequency_kalman_em,exact,pre_advance,DELTA_SA,abs_0p1_0p2,9,0.1998340254326968,0.16440866105719343,0.1479058853830119
monthly_mixed_frequency_kalman_em,exact,pre_advance,DELTA_SA,abs_0p2_0p5,32,0.3416167613684576,0.300733599685184,-0.036104432325771416
monthly_mixed_frequency_kalman_em,exact,pre_advance,DELTA_SA,abs_gt_0p5,20,0.9909693456756651,0.8951781271303135,0.014762929985834361
monthly_mixed_frequency_kalman_em,exact,pre_second,DELTA_TS,abs_le_0p1,28,0.1389526962602587,0.10182349051100649,0.0518253404218131
monthly_mixed_frequency_kalman_em,exact,pre_second,DELTA_TS,abs_0p1_0p2,13,0.1962677484589937,0.17754753381970578,0.06880264194203381
monthly_mixed_frequency_kalman_em,exact,pre_second,DELTA_TS,abs_0p2_0p5,31,0.3506760905924708,0.29216634995228036,-0.09622422556321658
monthly_mixed_frequency_kalman_em,exact,pre_second,DELTA_TS,abs_gt_0p5,7,0.9800538717991888,0.8426435223159024,0.09529411796417417
monthly_mixed_frequency_kalman_em,exact,pre_third,DELTA_MT,abs_le_0p1,3,0.054586989078727166,0.0455865864580374,0.0455865864580374
monthly_mixed_frequency_kalman_em,exact,pre_third,DELTA_MT,abs_0p1_0p2,4,0.11400610493273568,0.08914156100847993,-0.08914156100847993
monthly_mixed_frequency_kalman_em,exact,pre_third,DELTA_MT,abs_0p2_0p5,17,0.40363532374667904,0.3829994985031618,-0.023939358832215218
monthly_mixed_frequency_kalman_em,exact,pre_third,DELTA_MT,abs_gt_0p5,50,1.7623333205403982,1.5325050701601384,0.648348632652125
monthly_mixed_frequency_kalman_em,pseudo,pre_advance,DELTA_SA,abs_le_0p1,18,0.3423840293460442,0.20043475423897217,0.153258892298737
monthly_mixed_frequency_kalman_em,pseudo,pre_advance,DELTA_SA,abs_0p1_0p2,9,0.19926732728544913,0.16351750863723083,0.14764997546788025
monthly_mixed_frequency_kalman_em,pseudo,pre_advance,DELTA_SA,abs_0p2_0p5,32,0.3405667872883552,0.2994579464386756,-0.035102906271905245
monthly_mixed_frequency_kalman_em,pseudo,pre_advance,DELTA_SA,abs_gt_0p5,20,0.9907801448036286,0.8950028250538221,0.013972286701556712
monthly_mixed_frequency_kalman_em,pseudo,pre_second,DELTA_TS,abs_le_0p1,28,0.13294119409628272,0.09950483584549827,0.04998031682845594
monthly_mixed_frequency_kalman_em,pseudo,pre_second,DELTA_TS,abs_0p1_0p2,13,0.19594077472324625,0.17739897120288747,0.06845717729562492
monthly_mixed_frequency_kalman_em,pseudo,pre_second,DELTA_TS,abs_0p2_0p5,31,0.35072091742237355,0.29220037384539804,-0.09618110728831716
monthly_mixed_frequency_kalman_em,pseudo,pre_second,DELTA_TS,abs_gt_0p5,7,0.9800779025247567,0.8429228020290306,0.09564070801870177
monthly_mixed_frequency_kalman_em,pseudo,pre_third,DELTA_MT,abs_le_0p1,3,0.05376429723803861,0.045056114981062066,0.045056114981062066
monthly_mixed_frequency_kalman_em,pseudo,pre_third,DELTA_MT,abs_0p1_0p2,4,0.11390183756653562,0.08892922672531467,-0.08892922672531467
monthly_mixed_frequency_kalman_em,pseudo,pre_third,DELTA_MT,abs_0p2_0p5,17,0.40362591335840403,0.3830218080756466,-0.02396958778600739
monthly_mixed_frequency_kalman_em,pseudo,pre_third,DELTA_MT,abs_gt_0p5,50,1.762695879363874,1.5325862401284034,0.6477791914537384
no_revision,exact,pre_advance,DELTA_SA,abs_le_0p1,18,0.05790484531635591,0.04414444444444435,-0.016966666666666748
no_revision,exact,pre_advance,DELTA_SA,abs_0p1_0p2,9,0.14607059556559937,0.14218888888888892,-0.006455555555555548
no_revision,exact,pre_advance,DELTA_SA,abs_0p2_0p5,32,0.3458252936816507,0.33426874999999995,-0.1111625
no_revision,exact,pre_advance,DELTA_SA,abs_gt_0p5,20,1.0382029315119465,0.9402799999999998,-0.06386999999999984
no_revision,exact,pre_second,DELTA_TS,abs_le_0p1,28,0.04821638355224437,0.04025357142857142,0.0042107142857143115
no_revision,exact,pre_second,DELTA_TS,abs_0p1_0p2,13,0.15456810298874235,0.15106153846153847,0.00855384615384612
no_revision,exact,pre_second,DELTA_TS,abs_0p2_0p5,31,0.32074044023166154,0.31281612903225803,-0.15223548387096775
no_revision,exact,pre_second,DELTA_TS,abs_gt_0p5,7,0.9821544255942066,0.8589571428571429,0.02712857142857144
no_revision,exact,pre_third,DELTA_MT,abs_le_0p1,3,0.07083213983547525,0.06872500590152897,-0.018553733976357702
no_revision,exact,pre_third,DELTA_MT,abs_0p1_0p2,4,0.15040136377828905,0.1467864028855499,-0.1467864028855499
no_revision,exact,pre_third,DELTA_MT,abs_0p2_0p5,17,0.35865450330052934,0.3478595236402282,-0.01684428750611942
no_revision,exact,pre_third,DELTA_MT,abs_gt_0p5,50,1.7026101356602281,1.4653233137689232,0.5936960771385739
no_revision,pseudo,pre_advance,DELTA_SA,abs_le_0p1,18,0.05790484531635591,0.04414444444444435,-0.016966666666666748
no_revision,pseudo,pre_advance,DELTA_SA,abs_0p1_0p2,9,0.14607059556559937,0.14218888888888892,-0.006455555555555548
no_revision,pseudo,pre_advance,DELTA_SA,abs_0p2_0p5,32,0.3458252936816507,0.33426874999999995,-0.1111625
no_revision,pseudo,pre_advance,DELTA_SA,abs_gt_0p5,20,1.0382029315119465,0.9402799999999998,-0.06386999999999984
no_revision,pseudo,pre_second,DELTA_TS,abs_le_0p1,28,0.04821638355224437,0.04025357142857142,0.0042107142857143115
no_revision,pseudo,pre_second,DELTA_TS,abs_0p1_0p2,13,0.15456810298874235,0.15106153846153847,0.00855384615384612
no_revision,pseudo,pre_second,DELTA_TS,abs_0p2_0p5,31,0.32074044023166154,0.31281612903225803,-0.15223548387096775
no_revision,pseudo,pre_second,DELTA_TS,abs_gt_0p5,7,0.9821544255942066,0.8589571428571429,0.02712857142857144
no_revision,pseudo,pre_third,DELTA_MT,abs_le_0p1,3,0.07083213983547525,0.06872500590152897,-0.018553733976357702
no_revision,pseudo,pre_third,DELTA_MT,abs_0p1_0p2,4,0.15040136377828905,0.1467864028855499,-0.1467864028855499
no_revision,pseudo,pre_third,DELTA_MT,abs_0p2_0p5,17,0.35865450330052934,0.3478595236402282,-0.01684428750611942
no_revision,pseudo,pre_third,DELTA_MT,abs_gt_0p5,50,1.7026101356602281,1.4653233137689232,0.5936960771385739
release_dfm,exact,pre_advance,DELTA_SA,abs_le_0p1,18,0.1352348967913223,0.1052365985978107,0.07278905686711541
release_dfm,exact,pre_advance,DELTA_SA,abs_0p1_0p2,9,0.1834366308763139,0.15381237381816928,0.10152672101287537
release_dfm,exact,pre_advance,DELTA_SA,abs_0p2_0p5,32,0.4418876254526299,0.3417922516750552,-0.04771676747647188
release_dfm,exact,pre_advance,DELTA_SA,abs_gt_0p5,20,1.132356488645449,0.9779429791656723,-0.06771584335076891
release_dfm,exact,pre_second,DELTA_TS,abs_le_0p1,28,0.07028036739704616,0.058289370090783,0.032217482459459656
release_dfm,exact,pre_second,DELTA_TS,abs_0p1_0p2,13,0.16700769769902576,0.15723248941609064,0.05921320549495515
release_dfm,exact,pre_second,DELTA_TS,abs_0p2_0p5,31,0.31989094438386884,0.3056382974317719,-0.12191760018442699
release_dfm,exact,pre_second,DELTA_TS,abs_gt_0p5,7,0.9843122639453401,0.8563263405038395,0.06606820953275341
release_dfm,exact,pre_third,DELTA_MT,abs_le_0p1,3,0.7178884015767725,0.6735994687177546,0.6735994687177546
release_dfm,exact,pre_third,DELTA_MT,abs_0p1_0p2,4,0.14633367127461203,0.14327858286935058,0.04771871088198966
release_dfm,exact,pre_third,DELTA_MT,abs_0p2_0p5,17,0.5827832656836371,0.46983449284180995,0.28785326133290495
release_dfm,exact,pre_third,DELTA_MT,abs_gt_0p5,50,1.7999544144681345,1.5180814223259496,0.9096990744915706
release_dfm,pseudo,pre_advance,DELTA_SA,abs_le_0p1,18,0.1361161908623031,0.10590268946641264,0.07347167576719388
release_dfm,pseudo,pre_advance,DELTA_SA,abs_0p1_0p2,9,0.18356720930774778,0.15336736187518057,0.10280939878925154
release_dfm,pseudo,pre_advance,DELTA_SA,abs_0p2_0p5,32,0.440831202273617,0.34060731178652737,-0.04707096157954288
release_dfm,pseudo,pre_advance,DELTA_SA,abs_gt_0p5,20,1.1305199606886542,0.9771165246881572,-0.0670616114726287
release_dfm,pseudo,pre_second,DELTA_TS,abs_le_0p1,28,0.07028436651748274,0.058312319135180264,0.03216425660921956
release_dfm,pseudo,pre_second,DELTA_TS,abs_0p1_0p2,13,0.16698814897038308,0.15720733445812224,0.05920184196324795
release_dfm,pseudo,pre_second,DELTA_TS,abs_0p2_0p5,31,0.3200010730267931,0.30574457496407553,-0.12184261328492535
release_dfm,pseudo,pre_second,DELTA_TS,abs_gt_0p5,7,0.9843130020538821,0.8563237859450068,0.06607306670637225
release_dfm,pseudo,pre_third,DELTA_MT,abs_le_0p1,3,0.7210390387701812,0.6775090612465414,0.6775090612465414
release_dfm,pseudo,pre_third,DELTA_MT,abs_0p1_0p2,4,0.14534796393287563,0.1423418126094269,0.04782168823176615
release_dfm,pseudo,pre_third,DELTA_MT,abs_0p2_0p5,17,0.5826847671830965,0.4694144507957345,0.2880510560319962
release_dfm,pseudo,pre_third,DELTA_MT,abs_gt_0p5,50,1.79956726627483,1.517597020920656,0.9101390961010951
revision_dfm_kalman_em,exact,pre_advance,DELTA_SA,abs_le_0p1,18,0.3438098020855968,0.23660414968124796,0.18174344924870542
revision_dfm_kalman_em,exact,pre_advance,DELTA_SA,abs_0p1_0p2,9,0.22429817312783326,0.18346483294751667,0.1797621158178049
revision_dfm_kalman_em,exact,pre_advance,DELTA_SA,abs_0p2_0p5,32,0.35217415844186456,0.29885018213269726,0.028076283043874092
revision_dfm_kalman_em,exact,pre_advance,DELTA_SA,abs_gt_0p5,20,1.1242645980665078,0.9829871849059053,0.03803563587670267
revision_dfm_kalman_em,exact,pre_second,DELTA_TS,abs_le_0p1,28,0.048959020362146666,0.04057832728736928,0.007046159057603821
revision_dfm_kalman_em,exact,pre_second,DELTA_TS,abs_0p1_0p2,13,0.15623602272020037,0.15282102823279636,0.014313900622134505
revision_dfm_kalman_em,exact,pre_second,DELTA_TS,abs_0p2_0p5,31,0.3197585908208392,0.3115444199137775,-0.14835478733038696
revision_dfm_kalman_em,exact,pre_second,DELTA_TS,abs_gt_0p5,7,0.9829801053773043,0.861439212913676,0.032362350142588335
revision_dfm_kalman_em,exact,pre_third,DELTA_MT,abs_le_0p1,3,0.06801586673971179,0.06597407264749057,-0.016002923318052364
revision_dfm_kalman_em,exact,pre_third,DELTA_MT,abs_0p1_0p2,4,0.14660339282900947,0.14298449112449022,-0.14298449112449022
revision_dfm_kalman_em,exact,pre_third,DELTA_MT,abs_0p2_0p5,17,0.36125888153937014,0.35004842947537573,-0.017670077031824875
revision_dfm_kalman_em,exact,pre_third,DELTA_MT,abs_gt_0p5,50,1.706038812640364,1.46930011654068,0.5960979529170604
revision_dfm_kalman_em,pseudo,pre_advance,DELTA_SA,abs_le_0p1,18,0.3425038013878068,0.23625235212126322,0.18136658370690514
revision_dfm_kalman_em,pseudo,pre_advance,DELTA_SA,abs_0p1_0p2,9,0.22465743623873743,0.18368742459541704,0.18003882824438375
revision_dfm_kalman_em,pseudo,pre_advance,DELTA_SA,abs_0p2_0p5,32,0.3520957926997361,0.29827154640429004,0.028505118204011387
revision_dfm_kalman_em,pseudo,pre_advance,DELTA_SA,abs_gt_0p5,20,1.1233984524200913,0.982566527464108,0.038358977638061106
revision_dfm_kalman_em,pseudo,pre_second,DELTA_TS,abs_le_0p1,28,0.04886063026037392,0.04049395939614297,0.006962979670690803
revision_dfm_kalman_em,pseudo,pre_second,DELTA_TS,abs_0p1_0p2,13,0.15623672000361594,0.15282506225420775,0.014318378190927537
revision_dfm_kalman_em,pseudo,pre_second,DELTA_TS,abs_0p2_0p5,31,0.3197564781995562,0.31154228405489043,-0.14835029427486804
revision_dfm_kalman_em,pseudo,pre_second,DELTA_TS,abs_gt_0p5,7,0.9829921725755651,0.861454025433498,0.0323490608524725
revision_dfm_kalman_em,pseudo,pre_third,DELTA_MT,abs_le_0p1,3,0.06795584784106781,0.06591957598742854,-0.0160574199781144
revision_dfm_kalman_em,pseudo,pre_third,DELTA_MT,abs_0p1_0p2,4,0.14660393872024183,0.14298486432987023,-0.14298486432987023
revision_dfm_kalman_em,pseudo,pre_third,DELTA_MT,abs_0p2_0p5,17,0.3612397846912231,0.3500330867443326,-0.017681067646592802
revision_dfm_kalman_em,pseudo,pre_third,DELTA_MT,abs_gt_0p5,50,1.7060396581365678,1.469301229081709,0.5960981701971779
spf,exact,pre_advance,DELTA_SA,abs_le_0p1,18,0.05790484531635591,0.04414444444444435,-0.016966666666666748
spf,exact,pre_advance,DELTA_SA,abs_0p1_0p2,9,0.14607059556559937,0.14218888888888892,-0.006455555555555548
spf,exact,pre_advance,DELTA_SA,abs_0p2_0p5,32,0.3458252936816507,0.33426874999999995,-0.1111625
spf,exact,pre_advance,DELTA_SA,abs_gt_0p5,20,1.0382029315119465,0.9402799999999998,-0.06386999999999984
spf,exact,pre_second,DELTA_TS,abs_le_0p1,28,0.04821638355224437,0.04025357142857142,0.0042107142857143115
spf,exact,pre_second,DELTA_TS,abs_0p1_0p2,13,0.15456810298874235,0.15106153846153847,0.00855384615384612
spf,exact,pre_second,DELTA_TS,abs_0p2_0p5,31,0.32074044023166154,0.31281612903225803,-0.15223548387096775
spf,exact,pre_second,DELTA_TS,abs_gt_0p5,7,0.9821544255942066,0.8589571428571429,0.02712857142857144
spf,exact,pre_third,DELTA_MT,abs_le_0p1,3,0.07083213983547525,0.06872500590152897,-0.018553733976357702
spf,exact,pre_third,DELTA_MT,abs_0p1_0p2,4,0.15040136377828905,0.1467864028855499,-0.1467864028855499
spf,exact,pre_third,DELTA_MT,abs_0p2_0p5,17,0.35865450330052934,0.3478595236402282,-0.01684428750611942
spf,exact,pre_third,DELTA_MT,abs_gt_0p5,50,1.7026101356602281,1.4653233137689232,0.5936960771385739
spf,pseudo,pre_advance,DELTA_SA,abs_le_0p1,18,0.05790484531635591,0.04414444444444435,-0.016966666666666748
spf,pseudo,pre_advance,DELTA_SA,abs_0p1_0p2,9,0.14607059556559937,0.14218888888888892,-0.006455555555555548
spf,pseudo,pre_advance,DELTA_SA,abs_0p2_0p5,32,0.3458252936816507,0.33426874999999995,-0.1111625
spf,pseudo,pre_advance,DELTA_SA,abs_gt_0p5,20,1.0382029315119465,0.9402799999999998,-0.06386999999999984
spf,pseudo,pre_second,DELTA_TS,abs_le_0p1,28,0.04821638355224437,0.04025357142857142,0.0042107142857143115
spf,pseudo,pre_second,DELTA_TS,abs_0p1_0p2,13,0.15456810298874235,0.15106153846153847,0.00855384615384612
spf,pseudo,pre_second,DELTA_TS,abs_0p2_0p5,31,0.32074044023166154,0.31281612903225803,-0.15223548387096775
spf,pseudo,pre_second,DELTA_TS,abs_gt_0p5,7,0.9821544255942066,0.8589571428571429,0.02712857142857144
spf,pseudo,pre_third,DELTA_MT,abs_le_0p1,3,0.07083213983547525,0.06872500590152897,-0.018553733976357702
spf,pseudo,pre_third,DELTA_MT,abs_0p1_0p2,4,0.15040136377828905,0.1467864028855499,-0.1467864028855499
spf,pseudo,pre_third,DELTA_MT,abs_0p2_0p5,17,0.35865450330052934,0.3478595236402282,-0.01684428750611942
spf,pseudo,pre_third,DELTA_MT,abs_gt_0p5,50,1.7026101356602281,1.4653233137689232,0.5936960771385739
standard_dfm,exact,pre_advance,DELTA_SA,abs_le_0p1,18,0.1352348967913223,0.1052365985978107,0.07278905686711541
standard_dfm,exact,pre_advance,DELTA_SA,abs_0p1_0p2,9,0.1834366308763139,0.15381237381816928,0.10152672101287537
standard_dfm,exact,pre_advance,DELTA_SA,abs_0p2_0p5,32,0.4418876254526299,0.3417922516750552,-0.04771676747647188
standard_dfm,exact,pre_advance,DELTA_SA,abs_gt_0p5,20,1.132356488645449,0.9779429791656723,-0.06771584335076891
standard_dfm,exact,pre_second,DELTA_TS,abs_le_0p1,28,0.0956651805122827,0.08047109921458169,0.05635997358008062
standard_dfm,exact,pre_second,DELTA_TS,abs_0p1_0p2,13,0.1776176981492205,0.159774396535689,0.08127065281919667
standard_dfm,exact,pre_second,DELTA_TS,abs_0p2_0p5,31,0.3185312443221844,0.2955294018879473,-0.09993279370375373
standard_dfm,exact,pre_second,DELTA_TS,abs_gt_0p5,7,0.9882664623629442,0.8545870684740671,0.09148310734103281
standard_dfm,exact,pre_third,DELTA_MT,abs_le_0p1,3,0.6150495524634662,0.5146458167316778,0.5146458167316778
standard_dfm,exact,pre_third,DELTA_MT,abs_0p1_0p2,4,0.18598137482141563,0.16538615463280873,0.16538615463280873
standard_dfm,exact,pre_third,DELTA_MT,abs_0p2_0p5,17,0.5975934038457347,0.5225356146824991,-0.00018186937313529507
standard_dfm,exact,pre_third,DELTA_MT,abs_gt_0p5,50,1.7241143138167871,1.478441717870405,0.6290360630310965
standard_dfm,pseudo,pre_advance,DELTA_SA,abs_le_0p1,18,0.1361161908623031,0.10590268946641264,0.07347167576719388
standard_dfm,pseudo,pre_advance,DELTA_SA,abs_0p1_0p2,9,0.18356720930774778,0.15336736187518057,0.10280939878925154
standard_dfm,pseudo,pre_advance,DELTA_SA,abs_0p2_0p5,32,0.440831202273617,0.34060731178652737,-0.04707096157954288
standard_dfm,pseudo,pre_advance,DELTA_SA,abs_gt_0p5,20,1.1305199606886542,0.9771165246881572,-0.0670616114726287
standard_dfm,pseudo,pre_second,DELTA_TS,abs_le_0p1,28,0.09587404517373566,0.08066771875186422,0.05646739221542646
standard_dfm,pseudo,pre_second,DELTA_TS,abs_0p1_0p2,13,0.1775727767817404,0.15975772521474044,0.08123706856244159
standard_dfm,pseudo,pre_second,DELTA_TS,abs_0p2_0p5,31,0.318391747858599,0.295425803329349,-0.09999508889476667
standard_dfm,pseudo,pre_second,DELTA_TS,abs_gt_0p5,7,0.9882811541201089,0.8546126342541002,0.09133336920177923
standard_dfm,pseudo,pre_third,DELTA_MT,abs_le_0p1,3,0.6166782000066507,0.5170395028575262,0.5170395028575262
standard_dfm,pseudo,pre_third,DELTA_MT,abs_0p1_0p2,4,0.1846870347958828,0.1642419343966667,0.1642419343966667
standard_dfm,pseudo,pre_third,DELTA_MT,abs_0p2_0p5,17,0.5984684520175619,0.5236530593799732,0.00015502376817880739
standard_dfm,pseudo,pre_third,DELTA_MT,abs_gt_0p5,50,1.7193373471734732,1.4756069919006394,0.6285499654334307
