subsample,model_id,timing_mode,checkpoint_id,revision_target_id,n_forecasts,RMSE,MAE,bias,sign_accuracy,convergence_rate,mean_iterations,mean_llf_relative_last_improvement,median_llf_relative_last_improvement,max_llf_relative_last_improvement,relative_RMSFE,DM_test_vs_ar_normal_approx
full_sample,ar,exact,pre_advance,DELTA_SA,79,0.6781421206748106,0.46824945973191356,0.08303638739458122,0.5316455696202531,1.0,0.0,,,,1.0,1.0
full_sample,ar,exact,pre_second,DELTA_TS,79,0.40791620019200964,0.25997098556715326,0.01637946087350748,0.6075949367088608,1.0,0.0,,,,1.0,1.0
full_sample,ar,exact,pre_third,DELTA_MT,80,3.661305113769584,2.0325966019767137,0.6233329912021504,0.45,1.0,0.0,,,,1.0,1.0
full_sample,ar,pseudo,pre_advance,DELTA_SA,79,0.6781421206748106,0.46824945973191356,0.08303638739458122,0.5316455696202531,1.0,0.0,,,,1.0,1.0
full_sample,ar,pseudo,pre_second,DELTA_TS,79,0.40791620019200964,0.25997098556715326,0.01637946087350748,0.6075949367088608,1.0,0.0,,,,1.0,1.0
full_sample,ar,pseudo,pre_third,DELTA_MT,80,3.661305113769584,2.0325966019767137,0.6233329912021504,0.45,1.0,0.0,,,,1.0,1.0
full_sample,bridge,exact,pre_advance,DELTA_SA,79,0.7182954588874345,0.4981139843812445,-8.351340754923535e-05,0.5316455696202531,1.0,0.0,,,,1.0592108010820325,0.2977036717586074
full_sample,bridge,exact,pre_second,DELTA_TS,79,0.4916791866250371,0.359095735161813,0.019267297869615323,0.620253164556962,1.0,0.0,,,,1.2053436132068291,0.007425739835534896
full_sample,bridge,exact,pre_third,DELTA_MT,80,2.127339925592734,1.5287380986736352,0.021317313449704244,0.4875,1.0,0.0,,,,0.5810332270840112,0.11961768699511895
full_sample,bridge,pseudo,pre_advance,DELTA_SA,79,0.7221269467369036,0.4993623149432482,0.0016771364521283153,0.5316455696202531,1.0,0.0,,,,1.0648607787676192,0.28600048405893574
full_sample,bridge,pseudo,pre_second,DELTA_TS,79,0.49234421429461056,0.35853674599857777,0.01917357290552322,0.6329113924050633,1.0,0.0,,,,1.2069739178362122,0.007147681856845102
full_sample,bridge,pseudo,pre_third,DELTA_MT,80,2.1252822405256153,1.5250299852355425,0.023689904611889245,0.4875,1.0,0.0,,,,0.5804712184550717,0.11886262735038468
full_sample,indicator_revision_only_dfm_kalman_em,exact,pre_advance,DELTA_SA,79,0.5696627235545563,0.3997025316455695,-0.0657987341772152,0.0,0.9493670886075949,32.51898734177215,0.00010130699317993288,9.535032812175772e-05,0.0004381110196695,0.8400344207902793,0.10783312359746103
full_sample,indicator_revision_only_dfm_kalman_em,exact,pre_second,DELTA_TS,79,0.3613823734957444,0.23798607594936708,-0.05443417721518987,0.0,0.9493670886075949,32.59493670886076,0.0002296160471873523,9.549140569375495e-05,0.0106294514837779,0.8859230727429768,0.08592575655565253
full_sample,indicator_revision_only_dfm_kalman_em,exact,pre_third,DELTA_MT,80,1.3391311900184781,1.0525517602521295,0.14236737423782084,0.0,0.95,32.275,9.443352162710774e-05,9.610903215917319e-05,0.0002081019414055,0.365752415711605,0.08221070751998064
full_sample,indicator_revision_only_dfm_kalman_em,pseudo,pre_advance,DELTA_SA,79,0.5696627235545563,0.3997025316455695,-0.0657987341772152,0.0,0.9493670886075949,32.620253164556964,0.0001003438852088769,9.576981109625288e-05,0.0004011847562101,0.8400344207902793,0.10783312359746103
full_sample,indicator_revision_only_dfm_kalman_em,pseudo,pre_second,DELTA_TS,79,0.3613823734957444,0.23798607594936708,-0.05443417721518987,0.0,0.9240506329113924,32.67088607594937,0.00023187704248415448,9.549140569375495e-05,0.0106294514837779,0.8859230727429768,0.08592575655565253
full_sample,indicator_revision_only_dfm_kalman_em,pseudo,pre_third,DELTA_MT,80,1.3391311900184781,1.0525517602521295,0.14236737423782084,0.0,0.95,32.3125,9.448297943483325e-05,9.530130754958405e-05,0.0002074714500717,0.365752415711605,0.08221070751998064
full_sample,joint_indicator_revision_dfm_full_kalman_em,exact,pre_advance,DELTA_SA,79,0.6054512455570975,0.4448895715918005,0.07270038489150378,0.6329113924050633,0.9113924050632911,33.36708860759494,9.989194396784094e-05,9.499521270320524e-05,0.0003516608640257,0.8928087890405932,0.2717522006299593
full_sample,joint_indicator_revision_dfm_full_kalman_em,exact,pre_second,DELTA_TS,79,0.36194984869915375,0.23893923631713815,-0.05084681826359058,0.5569620253164557,0.9240506329113924,33.69620253164557,0.00010503563159794514,9.5877113491215e-05,0.0004411561300487,0.8873142290715124,0.09450028796938498
full_sample,joint_indicator_revision_dfm_full_kalman_em,exact,pre_third,DELTA_MT,80,1.3415964125207651,1.0550176557520836,0.14410544845420992,0.375,0.925,33.925,0.00010702684752567169,9.526720838139887e-05,0.0004935858370991,0.3664257336749224,0.08237980675055241
full_sample,joint_indicator_revision_dfm_full_kalman_em,pseudo,pre_advance,DELTA_SA,79,0.606719153755529,0.44597782595214186,0.0738355565926247,0.6329113924050633,0.9113924050632911,33.51898734177215,9.823704419455595e-05,9.520581417416592e-05,0.0003119745048932,0.8946784682122244,0.28035398813313134
full_sample,joint_indicator_revision_dfm_full_kalman_em,pseudo,pre_second,DELTA_TS,79,0.361882326576017,0.2389030843691348,-0.05086968937213598,0.5569620253164557,0.9240506329113924,33.56962025316456,0.00010517973131321543,9.5564184451537e-05,0.000441185956283,0.8871486996733052,0.09416481098650929
full_sample,joint_indicator_revision_dfm_full_kalman_em,pseudo,pre_third,DELTA_MT,80,1.341602145799684,1.0550234425981881,0.14410453676944032,0.375,0.925,33.95,0.00010697061739217478,9.513677247439583e-05,0.0004765973145796,0.36642729958618653,0.08238028479171054
full_sample,midas_umidas,exact,pre_advance,DELTA_SA,79,13.866667467379607,7.93109405552623,0.9838526443098989,0.43037974683544306,1.0,0.0,,,,20.448025634480665,0.010491257116580012
full_sample,midas_umidas,exact,pre_second,DELTA_TS,79,3.1241130194946414,1.247401789736979,0.001797142332922886,0.6835443037974683,1.0,0.0,,,,7.658712789597703,0.2026451304560299
full_sample,midas_umidas,exact,pre_third,DELTA_MT,80,9.241680606582305,6.114797576695234,2.1297528583961105,0.475,1.0,0.0,,,,2.5241492635579097,0.004912942871223593
full_sample,midas_umidas,pseudo,pre_advance,DELTA_SA,79,13.497152970832797,7.690336465637355,1.185262584138088,0.4430379746835443,1.0,0.0,,,,19.903133221399006,0.014093469695852056
full_sample,midas_umidas,pseudo,pre_second,DELTA_TS,79,3.1241983182834105,1.2521986485220304,-0.007509226910357088,0.6455696202531646,1.0,0.0,,,,7.658921898205621,0.20259971687723038
full_sample,midas_umidas,pseudo,pre_third,DELTA_MT,80,9.225519265026644,6.150907113167992,2.1577652361294155,0.475,1.0,0.0,,,,2.519735170480859,0.005157007409844051
full_sample,monthly_mixed_frequency_kalman_em,exact,pre_advance,DELTA_SA,79,0.5689002079082545,0.4040529310569489,0.04851052822613898,0.620253164556962,0.6962025316455697,36.55696202531646,0.00017252021432934099,9.86380711862205e-05,0.0016130984446536,0.8389100021425436,0.07034080069467981
full_sample,monthly_mixed_frequency_kalman_em,exact,pre_second,DELTA_TS,79,0.3812094656066977,0.25527722409794507,0.005961953510125449,0.569620253164557,0.6835443037974683,36.620253164556964,0.0001614978152921255,9.823958206232308e-05,0.0011338977964339,0.9345288699670647,0.40691162443022993
full_sample,monthly_mixed_frequency_kalman_em,exact,pre_third,DELTA_MT,80,1.385631315116367,1.0890900464988178,0.18479357267826288,0.4,0.7,36.1125,0.00016828026829190527,9.791627668177138e-05,0.0013922235929881,0.3784528390997049,0.08506419113738634
full_sample,monthly_mixed_frequency_kalman_em,pseudo,pre_advance,DELTA_SA,79,0.5685560797516724,0.40343638447625696,0.04863724650057855,0.6075949367088608,0.6962025316455697,36.55696202531646,0.0001726945590612209,9.859369911050887e-05,0.0016130984446536,0.8384025448617017,0.06922485828096207
full_sample,monthly_mixed_frequency_kalman_em,pseudo,pre_second,DELTA_TS,79,0.3804966043399002,0.2545070838208684,0.005284465679485778,0.569620253164557,0.6835443037974683,36.63291139240506,0.0001612964890644334,9.789059607302696e-05,0.0011338977964339,0.9327813020438933,0.39340329093427684
full_sample,monthly_mixed_frequency_kalman_em,pseudo,pre_third,DELTA_MT,80,1.3858899430730773,1.089149037098597,0.18436922584267662,0.4125,0.7,36.1375,0.00017190092608498388,9.771464362648037e-05,0.0013922235929881,0.3785234772870927,0.08508439336331364
full_sample,no_revision,exact,pre_advance,DELTA_SA,79,0.5696627235545563,0.3997025316455695,-0.0657987341772152,0.0,1.0,0.0,,,,0.8400344207902793,0.10783312359746103
full_sample,no_revision,exact,pre_second,DELTA_TS,79,0.3613823734957444,0.23798607594936708,-0.05443417721518987,0.0,1.0,0.0,,,,0.8859230727429768,0.08592575655565253
full_sample,no_revision,exact,pre_third,DELTA_MT,80,1.3391311900184781,1.0525517602521295,0.14236737423782084,0.0,1.0,0.0,,,,0.365752415711605,0.08221070751998064
full_sample,no_revision,pseudo,pre_advance,DELTA_SA,79,0.5696627235545563,0.3997025316455695,-0.0657987341772152,0.0,1.0,0.0,,,,0.8400344207902793,0.10783312359746103
full_sample,no_revision,pseudo,pre_second,DELTA_TS,79,0.3613823734957444,0.23798607594936708,-0.05443417721518987,0.0,1.0,0.0,,,,0.8859230727429768,0.08592575655565253
full_sample,no_revision,pseudo,pre_third,DELTA_MT,80,1.3391311900184781,1.0525517602521295,0.14236737423782084,0.0,1.0,0.0,,,,0.365752415711605,0.08221070751998064
full_sample,release_dfm,exact,pre_advance,DELTA_SA,79,0.6416466896223114,0.4275288832410043,-0.008320378652386377,0.5949367088607594,1.0,0.0,,,,0.9461832115424669,0.4145977173857923
full_sample,release_dfm,exact,pre_second,DELTA_TS,79,0.3637919631069554,0.24234425732737855,-0.02082413871757817,0.5822784810126582,1.0,0.0,,,,0.8918301428962992,0.10151136542361612
full_sample,release_dfm,exact,pre_third,DELTA_MT,80,1.4528750809198332,1.1232182901898855,0.7470015565337214,0.5,1.0,0.0,,,,0.3968189035805298,0.09331136075177612
full_sample,release_dfm,pseudo,pre_advance,DELTA_SA,79,0.6405783165541686,0.42694074858486164,-0.007591496798546737,0.5949367088607594,1.0,0.0,,,,0.9446077702956089,0.39997645094017176
full_sample,release_dfm,pseudo,pre_second,DELTA_TS,79,0.3638289418724508,0.24238972923091182,-0.020815017902629223,0.5822784810126582,1.0,0.0,,,,0.8919207957447961,0.1018342568042306
full_sample,release_dfm,pseudo,pre_third,DELTA_MT,80,1.4521554436958477,1.1218414948104356,0.7478582853407777,0.5,1.0,0.0,,,,0.39662235147639646,0.09324781940301205
full_sample,revision_dfm_kalman_em,exact,pre_advance,DELTA_SA,79,0.6255717358610776,0.43812406880401095,0.08765284507478527,0.620253164556962,1.0,26.126582278481013,9.359531041114083e-05,9.422526647939112e-05,9.956084364457328e-05,0.9224788090711415,0.31399475275697436
full_sample,revision_dfm_kalman_em,exact,pre_second,DELTA_TS,79,0.36145326842675923,0.23816228345036633,-0.05050502499518197,0.569620253164557,1.0,26.17721518987342,9.316474319061684e-05,9.327890489505376e-05,9.99001722622028e-05,0.886096870525417,0.09040624700466107
full_sample,revision_dfm_kalman_em,exact,pre_third,DELTA_MT,80,1.341439450818619,1.0547846844379092,0.14416578265230276,0.425,1.0,25.7375,9.37156496314707e-05,9.392496397603485e-05,9.999327176620232e-05,0.366382863251052,0.0823674173299128
full_sample,revision_dfm_kalman_em,pseudo,pre_advance,DELTA_SA,79,0.6250692321453728,0.4377001621370663,0.08780376128696525,0.620253164556962,1.0,26.151898734177216,9.328440392030425e-05,9.35597783820811e-05,9.955879782009868e-05,0.9217378084749762,0.31123044990981286
full_sample,revision_dfm_kalman_em,pseudo,pre_second,DELTA_TS,79,0.3614519828860139,0.23813471775446848,-0.05053211881729368,0.569620253164557,1.0,26.164556962025316,9.320625518503551e-05,9.344695211323584e-05,9.989508681505951e-05,0.8860937190429685,0.09039844569760533
full_sample,revision_dfm_kalman_em,pseudo,pre_third,DELTA_MT,80,1.341439035950415,1.0547850030966406,0.14416172258703447,0.425,1.0,25.7625,9.335637143340883e-05,9.383266098546732e-05,9.97800875688425e-05,0.36638274993948927,0.08236739447392782
full_sample,spf,exact,pre_advance,DELTA_SA,79,0.5696627235545563,0.3997025316455695,-0.0657987341772152,0.0,1.0,0.0,,,,0.8400344207902793,0.10783312359746103
full_sample,spf,exact,pre_second,DELTA_TS,79,0.3613823734957444,0.23798607594936708,-0.05443417721518987,0.0,1.0,0.0,,,,0.8859230727429768,0.08592575655565253
full_sample,spf,exact,pre_third,DELTA_MT,80,1.3391311900184781,1.0525517602521295,0.14236737423782084,0.0,1.0,0.0,,,,0.365752415711605,0.08221070751998064
full_sample,spf,pseudo,pre_advance,DELTA_SA,79,0.5696627235545563,0.3997025316455695,-0.0657987341772152,0.0,1.0,0.0,,,,0.8400344207902793,0.10783312359746103
full_sample,spf,pseudo,pre_second,DELTA_TS,79,0.3613823734957444,0.23798607594936708,-0.05443417721518987,0.0,1.0,0.0,,,,0.8859230727429768,0.08592575655565253
full_sample,spf,pseudo,pre_third,DELTA_MT,80,1.3391311900184781,1.0525517602521295,0.14236737423782084,0.0,1.0,0.0,,,,0.365752415711605,0.08221070751998064
full_sample,standard_dfm,exact,pre_advance,DELTA_SA,79,0.6416466896223114,0.4275288832410043,-0.008320378652386377,0.5949367088607594,1.0,0.0,,,,0.9461832115424669,0.4145977173857923
full_sample,standard_dfm,exact,pre_second,DELTA_TS,79,0.3671373475049814,0.24650353001034273,0.0022413024488946746,0.5822784810126582,1.0,0.0,,,,0.9000312989093513,0.13294165835234398
full_sample,standard_dfm,exact,pre_third,DELTA_MT,80,1.4352896528722896,1.1571508892456694,0.4751888167237931,0.45,1.0,0.0,,,,0.39201585453077764,0.0962788171590751
full_sample,standard_dfm,pseudo,pre_advance,DELTA_SA,79,0.6405783165541686,0.42694074858486164,-0.007591496798546737,0.5949367088607594,1.0,0.0,,,,0.9446077702956089,0.39997645094017176
full_sample,standard_dfm,pseudo,pre_second,DELTA_TS,79,0.3671091037446861,0.246532087289017,0.0022361354685869537,0.5822784810126582,1.0,0.0,,,,0.8999620597855262,0.13258139742534086
full_sample,standard_dfm,pseudo,pre_third,DELTA_MT,80,1.4323522189377038,1.1553968249378426,0.47497369603065,0.45,1.0,0.0,,,,0.39121356304091015,0.0960156071001889
exclude_pandemic,ar,exact,pre_advance,DELTA_SA,77,0.6112853443552796,0.4343518097205975,0.06450799861152849,0.5324675324675324,1.0,0.0,,,,1.0,1.0
exclude_pandemic,ar,exact,pre_second,DELTA_TS,77,0.40531560181673026,0.25638850266146523,0.009034491288545497,0.5974025974025974,1.0,0.0,,,,1.0,1.0
exclude_pandemic,ar,exact,pre_third,DELTA_MT,78,2.62498412497397,1.7314931260258566,0.2860945508724588,0.46153846153846156,1.0,0.0,,,,1.0,1.0
exclude_pandemic,ar,pseudo,pre_advance,DELTA_SA,77,0.6112853443552796,0.4343518097205975,0.06450799861152849,0.5324675324675324,1.0,0.0,,,,1.0,1.0
exclude_pandemic,ar,pseudo,pre_second,DELTA_TS,77,0.40531560181673026,0.25638850266146523,0.009034491288545497,0.5974025974025974,1.0,0.0,,,,1.0,1.0
exclude_pandemic,ar,pseudo,pre_third,DELTA_MT,78,2.62498412497397,1.7314931260258566,0.2860945508724588,0.46153846153846156,1.0,0.0,,,,1.0,1.0
exclude_pandemic,bridge,exact,pre_advance,DELTA_SA,77,0.6398644207963777,0.45534715506432144,-0.0035289425147351544,0.5454545454545454,1.0,0.0,,,,1.0467524319125308,0.4747078380138817
exclude_pandemic,bridge,exact,pre_second,DELTA_TS,77,0.49173886618108703,0.3581687101227118,0.012256235054565917,0.6103896103896104,1.0,0.0,,,,1.2132246179939414,0.0071238757715699
exclude_pandemic,bridge,exact,pre_third,DELTA_MT,78,1.869899837778741,1.4267100138909221,-0.11936258633875073,0.5,1.0,0.0,,,,0.7123471033552569,0.3067657441506493
exclude_pandemic,bridge,pseudo,pre_advance,DELTA_SA,77,0.6459173190553974,0.4571498559605344,-0.0021079141861950882,0.5454545454545454,1.0,0.0,,,,1.056654351392383,0.4303291126947519
exclude_pandemic,bridge,pseudo,pre_second,DELTA_TS,77,0.49184692349867665,0.3573662379211345,0.011525848561251273,0.6233766233766234,1.0,0.0,,,,1.2134912184334639,0.007241198267212451
exclude_pandemic,bridge,pseudo,pre_third,DELTA_MT,78,1.8667499380279162,1.4227565146851724,-0.11707946544165186,0.5,1.0,0.0,,,,0.7111471342884512,0.30510625807581776
exclude_pandemic,indicator_revision_only_dfm_kalman_em,exact,pre_advance,DELTA_SA,77,0.5605800485026388,0.39431818181818185,-0.05211298701298704,0.0,0.948051948051948,32.36363636363637,0.00010171261152353299,9.540488593759216e-05,0.0004381110196695,0.9170513470985968,0.09684278494929507
exclude_pandemic,indicator_revision_only_dfm_kalman_em,exact,pre_second,DELTA_TS,77,0.36172345611156964,0.2351532467532467,-0.04683376623376622,0.0,0.948051948051948,32.467532467532465,0.00023330744918347794,9.551325591035864e-05,0.0106294514837779,0.8924488830191356,0.1172582024516386
exclude_pandemic,indicator_revision_only_dfm_kalman_em,exact,pre_third,DELTA_MT,78,1.2854668753221028,1.0157974014409987,0.08227495424683627,0.0,0.9487179487179487,32.08974358974359,9.445610284688268e-05,9.610903215917319e-05,0.0002081019414055,0.4897046283412666,0.10388156196607931
exclude_pandemic,indicator_revision_only_dfm_kalman_em,pseudo,pre_advance,DELTA_SA,77,0.5605800485026388,0.39431818181818185,-0.05211298701298704,0.0,0.948051948051948,32.467532467532465,0.00010050045661195771,9.576981109625288e-05,0.0004011847562101,0.9170513470985968,0.09684278494929507
exclude_pandemic,indicator_revision_only_dfm_kalman_em,pseudo,pre_second,DELTA_TS,77,0.36172345611156964,0.2351532467532467,-0.04683376623376622,0.0,0.922077922077922,32.54545454545455,0.00023549596244170875,9.551325591035864e-05,0.0106294514837779,0.8924488830191356,0.1172582024516386
exclude_pandemic,indicator_revision_only_dfm_kalman_em,pseudo,pre_third,DELTA_MT,78,1.2854668753221028,1.0157974014409987,0.08227495424683627,0.0,0.9487179487179487,32.12820512820513,9.450694194250286e-05,9.530130754958405e-05,0.0002074714500717,0.4897046283412666,0.10388156196607931
exclude_pandemic,joint_indicator_revision_dfm_full_kalman_em,exact,pre_advance,DELTA_SA,77,0.5772724586796265,0.42628807409394903,0.08885451893674334,0.6493506493506493,0.9090909090909091,33.23376623376623,0.00010012376443330994,9.499521270320524e-05,0.0003516608640257,0.9443584146262719,0.5297282002457171
exclude_pandemic,joint_indicator_revision_dfm_full_kalman_em,exact,pre_second,DELTA_TS,77,0.3623759708789786,0.23618173473988044,-0.043203799334292685,0.5584415584415584,0.922077922077922,33.54545454545455,0.00010546574576225423,9.596636743297984e-05,0.0004411561300487,0.8940587760617035,0.12854775275982402
exclude_pandemic,joint_indicator_revision_dfm_full_kalman_em,exact,pre_third,DELTA_MT,78,1.2877001546700808,1.0180287897394689,0.08375985917754694,0.38461538461538464,0.9230769230769231,33.743589743589745,0.0001075539018292631,9.546165314721661e-05,0.0004935858370991,0.4905554065714017,0.10433737495943028
exclude_pandemic,joint_indicator_revision_dfm_full_kalman_em,pseudo,pre_advance,DELTA_SA,77,0.5785606923738457,0.4273403241269691,0.08996303800851486,0.6493506493506493,0.9090909090909091,33.37662337662338,9.84747066390759e-05,9.521607972543344e-05,0.0003119745048932,0.9464658325549282,0.545678251480401
exclude_pandemic,joint_indicator_revision_dfm_full_kalman_em,pseudo,pre_second,DELTA_TS,77,0.36230894936763025,0.23614687304744697,-0.043229493764811826,0.5584415584415584,0.922077922077922,33.41558441558441,0.00010550824052097334,9.55686189440886e-05,0.000441185956283,0.8938934197047116,0.128128202072851
exclude_pandemic,joint_indicator_revision_dfm_full_kalman_em,pseudo,pre_third,DELTA_MT,78,1.287706286484863,1.0180347269346648,0.08375892608466705,0.38461538461538464,0.9230769230769231,33.76923076923077,0.00010749597865969175,9.526625785300676e-05,0.0004765973145796,0.4905577425149694,0.10433860329188398
exclude_pandemic,midas_umidas,exact,pre_advance,DELTA_SA,77,10.835084705872257,6.71679333492616,1.2492804041478078,0.4155844155844156,1.0,0.0,,,,17.72508502931635,0.004345318293723742
exclude_pandemic,midas_umidas,exact,pre_second,DELTA_TS,77,1.262180646974789,0.8197872755572905,0.08610918043219745,0.6883116883116883,1.0,0.0,,,,3.11406874375762,0.0018851222610072242
exclude_pandemic,midas_umidas,exact,pre_third,DELTA_MT,78,7.854699293154671,5.638445364599867,1.6712405513042359,0.47435897435897434,1.0,0.0,,,,2.9922844936186275,0.007799573326773529
exclude_pandemic,midas_umidas,pseudo,pre_advance,DELTA_SA,77,10.276985276438616,6.45511782779496,1.444646564582225,0.42857142857142855,1.0,0.0,,,,16.812091720075042,0.0029306097193117038
exclude_pandemic,midas_umidas,pseudo,pre_second,DELTA_TS,77,1.2616378604744172,0.8246050025363516,0.0762897409793852,0.6493506493506493,1.0,0.0,,,,3.112729573743096,0.001875471616187316
exclude_pandemic,midas_umidas,pseudo,pre_third,DELTA_MT,78,7.837301075013508,5.675851056182409,1.7003414646924675,0.47435897435897434,1.0,0.0,,,,2.9856565609101446,0.008343836217600988
exclude_pandemic,monthly_mixed_frequency_kalman_em,exact,pre_advance,DELTA_SA,77,0.5443582079753867,0.38410550843684854,0.04864514246981145,0.6233766233766234,0.6883116883116883,36.57142857142857,0.00017448695278354359,9.86380711862205e-05,0.0016130984446536,0.8905140831562375,0.13650670397318965
exclude_pandemic,monthly_mixed_frequency_kalman_em,exact,pre_second,DELTA_TS,77,0.3666842440774414,0.24680198328977698,0.02122262750291878,0.5714285714285714,0.6753246753246753,36.688311688311686,0.00016310883562869937,9.807059870401327e-05,0.0011338977964339,0.904688204534607,0.19414156865155266
exclude_pandemic,monthly_mixed_frequency_kalman_em,exact,pre_third,DELTA_MT,78,1.325988810803495,1.0505497486914683,0.12306618579859166,0.3974358974358974,0.6923076923076923,36.205128205128204,0.0001701918931782185,9.814243519299187e-05,0.0013922235929881,0.505141649501078,0.11237067986265996
exclude_pandemic,monthly_mixed_frequency_kalman_em,pseudo,pre_advance,DELTA_SA,77,0.5438707215407892,0.3834165430493156,0.0488155641296341,0.6103896103896104,0.6883116883116883,36.57142857142857,0.0001746711411013048,9.859369911050887e-05,0.0016130984446536,0.8897166054494692,0.13371765148364087
exclude_pandemic,monthly_mixed_frequency_kalman_em,pseudo,pre_second,DELTA_TS,77,0.36591862144520276,0.24601023283121043,0.02052914912369848,0.5714285714285714,0.6753246753246753,36.701298701298704,0.00016290374140896837,9.787403265767576e-05,0.0011338977964339,0.9027992502757358,0.18472429813955432
exclude_pandemic,monthly_mixed_frequency_kalman_em,pseudo,pre_third,DELTA_MT,78,1.3262737827056732,1.0506129544449865,0.12263366084917031,0.41025641025641024,0.6923076923076923,36.23076923076923,0.00017390311649248828,9.794412485169814e-05,0.0013922235929881,0.5052502108822563,0.1124095871513209
exclude_pandemic,no_revision,exact,pre_advance,DELTA_SA,77,0.5605800485026388,0.39431818181818185,-0.05211298701298704,0.0,1.0,0.0,,,,0.9170513470985968,0.09684278494929507
exclude_pandemic,no_revision,exact,pre_second,DELTA_TS,77,0.36172345611156964,0.2351532467532467,-0.04683376623376622,0.0,1.0,0.0,,,,0.8924488830191356,0.1172582024516386
exclude_pandemic,no_revision,exact,pre_third,DELTA_MT,78,1.2854668753221028,1.0157974014409987,0.08227495424683627,0.0,1.0,0.0,,,,0.4897046283412666,0.10388156196607931
exclude_pandemic,no_revision,pseudo,pre_advance,DELTA_SA,77,0.5605800485026388,0.39431818181818185,-0.05211298701298704,0.0,1.0,0.0,,,,0.9170513470985968,0.09684278494929507
exclude_pandemic,no_revision,pseudo,pre_second,DELTA_TS,77,0.36172345611156964,0.2351532467532467,-0.04683376623376622,0.0,1.0,0.0,,,,0.8924488830191356,0.1172582024516386
exclude_pandemic,no_revision,pseudo,pre_third,DELTA_MT,78,1.2854668753221028,1.0157974014409987,0.08227495424683627,0.0,1.0,0.0,,,,0.4897046283412666,0.10388156196607931
exclude_pandemic,release_dfm,exact,pre_advance,DELTA_SA,77,0.5721768290649004,0.40180287781236323,0.02480269253962055,0.6103896103896104,1.0,0.0,,,,0.9360224882675262,0.08429124387380867
exclude_pandemic,release_dfm,exact,pre_second,DELTA_TS,77,0.3625041281032575,0.23809042526779842,-0.010816537343457765,0.5844155844155844,1.0,0.0,,,,0.8943749672561812,0.12131866127721744
exclude_pandemic,release_dfm,exact,pre_third,DELTA_MT,78,1.4146610954737253,1.0944607993120756,0.7085974827416509,0.5,1.0,0.0,,,,0.5389217717603353,0.13200898685512416
exclude_pandemic,release_dfm,pseudo,pre_advance,DELTA_SA,77,0.5718541100447838,0.40138524099768697,0.02535094796824615,0.6103896103896104,1.0,0.0,,,,0.9354945531172782,0.08293987029079879
exclude_pandemic,release_dfm,pseudo,pre_second,DELTA_TS,77,0.36253667451918026,0.2381312695963182,-0.010801370960807504,0.5844155844155844,1.0,0.0,,,,0.8944552662029202,0.1216463133188074
exclude_pandemic,release_dfm,pseudo,pre_third,DELTA_MT,78,1.4139277838666495,1.093080973245798,0.7095084507128154,0.5,1.0,0.0,,,,0.5386424132681833,0.13184124993557492
exclude_pandemic,revision_dfm_kalman_em,exact,pre_advance,DELTA_SA,77,0.5766229558761364,0.4122412994535681,0.11002883645844715,0.6363636363636364,1.0,25.974025974025974,9.349248526104968e-05,9.395340028174068e-05,9.956084364457328e-05,0.9432958947908338,0.4040083232572277
exclude_pandemic,revision_dfm_kalman_em,exact,pre_second,DELTA_TS,77,0.36156612837902447,0.23509430838615097,-0.042562835425637074,0.5714285714285714,1.0,26.181818181818183,9.340623072131798e-05,9.341792262726548e-05,9.99001722622028e-05,0.8920607219618262,0.12049203459372443
exclude_pandemic,revision_dfm_kalman_em,exact,pre_third,DELTA_MT,78,1.287551547203978,1.0178955032469932,0.0839273988514995,0.4358974358974359,1.0,25.756410256410255,9.379451542095275e-05,9.401946370331593e-05,9.999327176620232e-05,0.4904987938609898,0.1043046782640486
exclude_pandemic,revision_dfm_kalman_em,pseudo,pre_advance,DELTA_SA,77,0.576673088735602,0.41213327149606005,0.11033251644853989,0.6363636363636364,1.0,25.98701298701299,9.338036034880936e-05,9.377780015748968e-05,9.955879782009868e-05,0.9433779069966367,0.4047069492284445
exclude_pandemic,revision_dfm_kalman_em,pseudo,pre_second,DELTA_TS,77,0.3615652976023775,0.23506660299912388,-0.042591209284360075,0.5714285714285714,1.0,26.16883116883117,9.345667207618458e-05,9.380027274305242e-05,9.989508681505951e-05,0.8920586722587226,0.1204789008980995
exclude_pandemic,revision_dfm_kalman_em,pseudo,pre_third,DELTA_MT,78,1.287551082550462,1.0178958223277037,0.08392322693323599,0.4358974358974359,1.0,25.78205128205128,9.342617675558755e-05,9.385781828018732e-05,9.97800875688425e-05,0.49049861684905605,0.10430465433457772
exclude_pandemic,spf,exact,pre_advance,DELTA_SA,77,0.5605800485026388,0.39431818181818185,-0.05211298701298704,0.0,1.0,0.0,,,,0.9170513470985968,0.09684278494929507
exclude_pandemic,spf,exact,pre_second,DELTA_TS,77,0.36172345611156964,0.2351532467532467,-0.04683376623376622,0.0,1.0,0.0,,,,0.8924488830191356,0.1172582024516386
exclude_pandemic,spf,exact,pre_third,DELTA_MT,78,1.2854668753221028,1.0157974014409987,0.08227495424683627,0.0,1.0,0.0,,,,0.4897046283412666,0.10388156196607931
exclude_pandemic,spf,pseudo,pre_advance,DELTA_SA,77,0.5605800485026388,0.39431818181818185,-0.05211298701298704,0.0,1.0,0.0,,,,0.9170513470985968,0.09684278494929507
exclude_pandemic,spf,pseudo,pre_second,DELTA_TS,77,0.36172345611156964,0.2351532467532467,-0.04683376623376622,0.0,1.0,0.0,,,,0.8924488830191356,0.1172582024516386
exclude_pandemic,spf,pseudo,pre_third,DELTA_MT,78,1.2854668753221028,1.0157974014409987,0.08227495424683627,0.0,1.0,0.0,,,,0.4897046283412666,0.10388156196607931
exclude_pandemic,standard_dfm,exact,pre_advance,DELTA_SA,77,0.5721768290649004,0.40180287781236323,0.02480269253962055,0.6103896103896104,1.0,0.0,,,,0.9360224882675262,0.08429124387380867
exclude_pandemic,standard_dfm,exact,pre_second,DELTA_TS,77,0.3655178457654756,0.24227152142085415,0.012934215777584255,0.5844155844155844,1.0,0.0,,,,0.9018104512314089,0.15147791052774182
exclude_pandemic,standard_dfm,exact,pre_third,DELTA_MT,78,1.440589256926805,1.1567065742054214,0.49490372258490367,0.4358974358974359,1.0,0.0,,,,0.5487992263347842,0.1374077999254531
exclude_pandemic,standard_dfm,pseudo,pre_advance,DELTA_SA,77,0.5718541100447838,0.40138524099768697,0.02535094796824615,0.6103896103896104,1.0,0.0,,,,0.9354945531172782,0.08293987029079879
exclude_pandemic,standard_dfm,pseudo,pre_second,DELTA_TS,77,0.36550058442706185,0.24231225006399346,0.012917484973028774,0.5844155844155844,1.0,0.0,,,,0.9017678638295513,0.151211303779891
exclude_pandemic,standard_dfm,pseudo,pre_third,DELTA_MT,78,1.4376410680682221,1.154960029220831,0.4946305906454219,0.4358974358974359,1.0,0.0,,,,0.5476760999773582,0.1367701553727125
pre_gfc,ar,exact,pre_advance,DELTA_SA,12,0.6254475486289988,0.4679557304469852,-0.04373833412534739,0.5833333333333334,1.0,0.0,,,,1.0,1.0
pre_gfc,ar,exact,pre_second,DELTA_TS,12,0.22180533885501286,0.18436221050706073,0.04321979743485998,0.5,1.0,0.0,,,,1.0,1.0
pre_gfc,ar,exact,pre_third,DELTA_MT,12,1.7421275330512898,1.437011725129259,0.7209969457339422,0.5,1.0,0.0,,,,1.0,1.0
pre_gfc,ar,pseudo,pre_advance,DELTA_SA,12,0.6254475486289988,0.4679557304469852,-0.04373833412534739,0.5833333333333334,1.0,0.0,,,,1.0,1.0
pre_gfc,ar,pseudo,pre_second,DELTA_TS,12,0.22180533885501286,0.18436221050706073,0.04321979743485998,0.5,1.0,0.0,,,,1.0,1.0
pre_gfc,ar,pseudo,pre_third,DELTA_MT,12,1.7421275330512898,1.437011725129259,0.7209969457339422,0.5,1.0,0.0,,,,1.0,1.0
pre_gfc,bridge,exact,pre_advance,DELTA_SA,12,0.620988263867745,0.5046370482641862,-0.1087157040748404,0.5,1.0,0.0,,,,0.9928702498378502,0.8631085821654612
pre_gfc,bridge,exact,pre_second,DELTA_TS,12,0.41645141469893066,0.3238781320754727,-0.036426497883136566,0.8333333333333334,1.0,0.0,,,,1.877553610065048,0.01580633238748444
pre_gfc,bridge,exact,pre_third,DELTA_MT,12,1.7396032873752034,1.3792437546403213,-0.18028256240557708,0.4166666666666667,1.0,0.0,,,,0.9985510557475289,0.993715924532057
pre_gfc,bridge,pseudo,pre_advance,DELTA_SA,12,0.620920299057177,0.5044897251518105,-0.10856838096246461,0.5,1.0,0.0,,,,0.9927615839541691,0.8608835525337077
pre_gfc,bridge,pseudo,pre_second,DELTA_TS,12,0.41592620217557114,0.32281599397109734,-0.035544814207168735,0.8333333333333334,1.0,0.0,,,,1.8751857115912298,0.016287140745846706
pre_gfc,bridge,pseudo,pre_third,DELTA_MT,12,1.721709187339641,1.3608921337939754,-0.1763138161085894,0.4166666666666667,1.0,0.0,,,,0.9882796492654665,0.948050475075184
pre_gfc,indicator_revision_only_dfm_kalman_em,exact,pre_advance,DELTA_SA,12,0.6332486728503002,0.5451333333333332,-0.21198333333333327,0.0,1.0,38.583333333333336,7.892840324685424e-05,9.783236611578508e-05,9.9639843371853e-05,1.0124728672106906,0.908044577547993
pre_gfc,indicator_revision_only_dfm_kalman_em,exact,pre_second,DELTA_TS,12,0.1960147826058023,0.15441666666666662,0.000566666666666691,0.0,0.9166666666666666,37.916666666666664,0.0009563990783494294,9.523960613695732e-05,0.0106294514837779,0.883724366679609,0.10010642187826006
pre_gfc,indicator_revision_only_dfm_kalman_em,exact,pre_third,DELTA_MT,12,1.3381595049853283,1.1798755808234338,0.40876211064113566,0.0,1.0,35.666666666666664,8.059462478319921e-05,9.396874345315258e-05,9.933350337980222e-05,0.7681179934293202,0.009266473196096577
pre_gfc,indicator_revision_only_dfm_kalman_em,pseudo,pre_advance,DELTA_SA,12,0.6332486728503002,0.5451333333333332,-0.21198333333333327,0.0,1.0,38.583333333333336,7.89299471719218e-05,9.783236611578508e-05,9.9639843371853e-05,1.0124728672106906,0.908044577547993
pre_gfc,indicator_revision_only_dfm_kalman_em,pseudo,pre_second,DELTA_TS,12,0.1960147826058023,0.15441666666666662,0.000566666666666691,0.0,0.9166666666666666,37.916666666666664,0.0009564017682975133,9.523960613695732e-05,0.0106294514837779,0.883724366679609,0.10010642187826006
pre_gfc,indicator_revision_only_dfm_kalman_em,pseudo,pre_third,DELTA_MT,12,1.3381595049853283,1.1798755808234338,0.40876211064113566,0.0,1.0,35.75,8.020089427997756e-05,9.396874345315258e-05,9.929047857582312e-05,0.7681179934293202,0.009266473196096577
pre_gfc,joint_indicator_revision_dfm_full_kalman_em,exact,pre_advance,DELTA_SA,12,0.6422121856483405,0.4997438802177508,-0.15477479551845832,0.75,0.8333333333333334,38.0,7.624545277567337e-05,9.361235878127064e-05,0.0001073961015883,1.0268042253200773,0.8889932148857853
pre_gfc,joint_indicator_revision_dfm_full_kalman_em,exact,pre_second,DELTA_TS,12,0.19386566013811732,0.15216113897456604,0.0027093192178740525,0.5,1.0,35.75,7.983157298910674e-05,9.360330936775077e-05,9.87077112170887e-05,0.8740351388243237,0.0678888282054944
pre_gfc,joint_indicator_revision_dfm_full_kalman_em,exact,pre_third,DELTA_MT,12,1.344805720537357,1.186282077562652,0.41256580272402293,0.16666666666666666,1.0,35.666666666666664,8.358252401239649e-05,9.411463924339087e-05,9.8561839767353e-05,0.7719329928630229,0.00950165214968125
pre_gfc,joint_indicator_revision_dfm_full_kalman_em,pseudo,pre_advance,DELTA_SA,12,0.6422127812233223,0.499745838681356,-0.15477675398206353,0.75,0.8333333333333334,38.0,7.624539855687886e-05,9.361235878127064e-05,0.0001073961015883,1.0268051775581717,0.8889891821019694
pre_gfc,joint_indicator_revision_dfm_full_kalman_em,pseudo,pre_second,DELTA_TS,12,0.19386742675064483,0.15216224849402568,0.0027104287373336936,0.5,1.0,35.75,7.983414348374799e-05,9.36063930444675e-05,9.87077112170887e-05,0.874043103522273,0.0678890271120601
pre_gfc,joint_indicator_revision_dfm_full_kalman_em,pseudo,pre_third,DELTA_MT,12,1.3448337013965674,1.1863012066892231,0.41254667359745173,0.16666666666666666,1.0,35.833333333333336,8.335416051458824e-05,9.411463924339087e-05,9.708810604460892e-05,0.7719490541780987,0.00950484540555042
pre_gfc,midas_umidas,exact,pre_advance,DELTA_SA,12,16.285466499873742,12.243898054225504,-4.156889859624052,0.4166666666666667,1.0,0.0,,,,26.038101093484194,0.033395010679063634
pre_gfc,midas_umidas,exact,pre_second,DELTA_TS,12,0.7806011425401134,0.5858394773220059,0.22275845967205746,0.9166666666666666,1.0,0.0,,,,3.519307274431152,0.014077106217623122
pre_gfc,midas_umidas,exact,pre_third,DELTA_MT,12,4.443205853239637,3.7569319195476267,2.158541131535851,0.3333333333333333,1.0,0.0,,,,2.5504480980548427,4.06751107634199e-05
pre_gfc,midas_umidas,pseudo,pre_advance,DELTA_SA,12,16.279765941590785,12.233213689916562,-4.146205495315113,0.4166666666666667,1.0,0.0,,,,26.028986726827146,0.03356956908188548
pre_gfc,midas_umidas,pseudo,pre_second,DELTA_TS,12,0.7807698106635265,0.5869141116063094,0.22360975030672883,0.9166666666666666,1.0,0.0,,,,3.5200677075401283,0.01396770908981977
pre_gfc,midas_umidas,pseudo,pre_third,DELTA_MT,12,4.504849195520922,3.8057052955829946,2.1482787971891244,0.3333333333333333,1.0,0.0,,,,2.585832041601914,2.8024498932976332e-05
pre_gfc,monthly_mixed_frequency_kalman_em,exact,pre_advance,DELTA_SA,12,0.6496152709930081,0.5345493092248891,-0.1261009019650434,0.5833333333333334,0.0,50.0,0.00027472979083499166,0.00025754235962035003,0.0005416908318451,1.0386406860447144,0.5435334059339199
pre_gfc,monthly_mixed_frequency_kalman_em,exact,pre_second,DELTA_TS,12,0.19726087341858886,0.15393564065250326,0.0699207124539674,0.5833333333333334,0.0,50.0,0.00029418451809859166,0.00029292663907785,0.0005099609030715,0.8893423144676065,0.20957827436683282
pre_gfc,monthly_mixed_frequency_kalman_em,exact,pre_third,DELTA_MT,12,1.4274340606818752,1.2589172599132537,0.48386660494496936,0.16666666666666666,0.08333333333333333,49.583333333333336,0.00030122635385013147,0.00028015680015495,0.0007496074852886,0.8193625515933168,0.016028376106758325
pre_gfc,monthly_mixed_frequency_kalman_em,pseudo,pre_advance,DELTA_SA,12,0.6496097300352599,0.5345360956590511,-0.12608768839920537,0.5833333333333334,0.0,50.0,0.00027477088807055836,0.00025754235962035003,0.0005416908318451,1.0386318268561856,0.5436211136500202
pre_gfc,monthly_mixed_frequency_kalman_em,pseudo,pre_second,DELTA_TS,12,0.1972195378247985,0.1539141421574548,0.06989921395891893,0.5833333333333334,0.0,50.0,0.0002941487816963,0.00029274228825685,0.0005099609030715,0.8891559546892362,0.20945781067086008
pre_gfc,monthly_mixed_frequency_kalman_em,pseudo,pre_third,DELTA_MT,12,1.4295452328832094,1.260342222285173,0.48243132193417576,0.16666666666666666,0.08333333333333333,49.583333333333336,0.00032587976699428146,0.00027916391701035,0.0010540886258864,0.8205743872145796,0.016637725409394087
pre_gfc,no_revision,exact,pre_advance,DELTA_SA,12,0.6332486728503002,0.5451333333333332,-0.21198333333333327,0.0,1.0,0.0,,,,1.0124728672106906,0.908044577547993
pre_gfc,no_revision,exact,pre_second,DELTA_TS,12,0.1960147826058023,0.15441666666666662,0.000566666666666691,0.0,1.0,0.0,,,,0.883724366679609,0.10010642187826006
pre_gfc,no_revision,exact,pre_third,DELTA_MT,12,1.3381595049853283,1.1798755808234338,0.40876211064113566,0.0,1.0,0.0,,,,0.7681179934293202,0.009266473196096577
pre_gfc,no_revision,pseudo,pre_advance,DELTA_SA,12,0.6332486728503002,0.5451333333333332,-0.21198333333333327,0.0,1.0,0.0,,,,1.0124728672106906,0.908044577547993
pre_gfc,no_revision,pseudo,pre_second,DELTA_TS,12,0.1960147826058023,0.15441666666666662,0.000566666666666691,0.0,1.0,0.0,,,,0.883724366679609,0.10010642187826006
pre_gfc,no_revision,pseudo,pre_third,DELTA_MT,12,1.3381595049853283,1.1798755808234338,0.40876211064113566,0.0,1.0,0.0,,,,0.7681179934293202,0.009266473196096577
pre_gfc,release_dfm,exact,pre_advance,DELTA_SA,12,0.5765692099736649,0.47271642781884354,-0.10675537936363476,0.75,1.0,0.0,,,,0.9218506191886485,0.3885100004610307
pre_gfc,release_dfm,exact,pre_second,DELTA_TS,12,0.2077819141664175,0.1692520337025797,0.060821158121511114,0.5,1.0,0.0,,,,0.9367759822149185,0.17168525426990283
pre_gfc,release_dfm,exact,pre_third,DELTA_MT,12,1.5643024207328302,1.3212716669240032,0.9794286762121772,0.4166666666666667,1.0,0.0,,,,0.8979264669521618,0.30910392107148565
pre_gfc,release_dfm,pseudo,pre_advance,DELTA_SA,12,0.5765706861164084,0.47271890853390386,-0.10675786007869509,0.75,1.0,0.0,,,,0.9218529793269955,0.3885264814901442
pre_gfc,release_dfm,pseudo,pre_second,DELTA_TS,12,0.20775458642133376,0.16923980688672177,0.06080893130565315,0.5,1.0,0.0,,,,0.9366527762306767,0.17127172719337805
pre_gfc,release_dfm,pseudo,pre_third,DELTA_MT,12,1.5621224601566208,1.3184474948986369,0.981877176658906,0.4166666666666667,1.0,0.0,,,,0.8966751460615545,0.3061200130040351
pre_gfc,revision_dfm_kalman_em,exact,pre_advance,DELTA_SA,12,0.6056596345634266,0.4986081778971497,-0.09855834323022729,0.8333333333333334,1.0,31.916666666666668,9.49701146000097e-05,9.48580697346714e-05,9.95351762250122e-05,0.9683619927699008,0.7424325998601089
pre_gfc,revision_dfm_kalman_em,exact,pre_second,DELTA_TS,12,0.19494354195060992,0.15376382917834897,0.004509627975374544,0.5833333333333334,1.0,33.916666666666664,9.495973657011287e-05,9.442046053358358e-05,9.932488765841452e-05,0.8788947234405315,0.08768522394324257
pre_gfc,revision_dfm_kalman_em,exact,pre_third,DELTA_MT,12,1.3441752717365045,1.1854655863349406,0.41249615640028187,0.25,1.0,33.5,9.490229604898678e-05,9.408136354187259e-05,9.97800875688425e-05,0.7715711084493438,0.009427452243228673
pre_gfc,revision_dfm_kalman_em,pseudo,pre_advance,DELTA_SA,12,0.6056609299773852,0.49861069249503903,-0.09856085782811662,0.8333333333333334,1.0,31.916666666666668,9.497024938112408e-05,9.48580697346714e-05,9.953679359838478e-05,0.9683640639491089,0.7424490273038183
pre_gfc,revision_dfm_kalman_em,pseudo,pre_second,DELTA_TS,12,0.194943144127352,0.15376354431585473,0.004509343112880328,0.5833333333333334,1.0,33.916666666666664,9.4961297798306e-05,9.44228730735975e-05,9.932488765841452e-05,0.8788929298711794,0.08768534302111596
pre_gfc,revision_dfm_kalman_em,pseudo,pre_third,DELTA_MT,12,1.3441702279169123,1.1854620381201,0.41249970461512236,0.25,1.0,33.583333333333336,9.414848628844649e-05,9.348420440583502e-05,9.97800875688425e-05,0.7715682132424795,0.009426904478376989
pre_gfc,spf,exact,pre_advance,DELTA_SA,12,0.6332486728503002,0.5451333333333332,-0.21198333333333327,0.0,1.0,0.0,,,,1.0124728672106906,0.908044577547993
pre_gfc,spf,exact,pre_second,DELTA_TS,12,0.1960147826058023,0.15441666666666662,0.000566666666666691,0.0,1.0,0.0,,,,0.883724366679609,0.10010642187826006
pre_gfc,spf,exact,pre_third,DELTA_MT,12,1.3381595049853283,1.1798755808234338,0.40876211064113566,0.0,1.0,0.0,,,,0.7681179934293202,0.009266473196096577
pre_gfc,spf,pseudo,pre_advance,DELTA_SA,12,0.6332486728503002,0.5451333333333332,-0.21198333333333327,0.0,1.0,0.0,,,,1.0124728672106906,0.908044577547993
pre_gfc,spf,pseudo,pre_second,DELTA_TS,12,0.1960147826058023,0.15441666666666662,0.000566666666666691,0.0,1.0,0.0,,,,0.883724366679609,0.10010642187826006
pre_gfc,spf,pseudo,pre_third,DELTA_MT,12,1.3381595049853283,1.1798755808234338,0.40876211064113566,0.0,1.0,0.0,,,,0.7681179934293202,0.009266473196096577
pre_gfc,standard_dfm,exact,pre_advance,DELTA_SA,12,0.5765692099736649,0.47271642781884354,-0.10675537936363476,0.75,1.0,0.0,,,,0.9218506191886485,0.3885100004610307
pre_gfc,standard_dfm,exact,pre_second,DELTA_TS,12,0.2173179609230366,0.18351303817431797,0.09284362149447543,0.5,1.0,0.0,,,,0.9797688461642057,0.7248156842908373
pre_gfc,standard_dfm,exact,pre_third,DELTA_MT,12,1.6313149157339213,1.3440800173282146,0.9446191977074457,0.4166666666666667,1.0,0.0,,,,0.9363923620888517,0.4055223294829808
pre_gfc,standard_dfm,pseudo,pre_advance,DELTA_SA,12,0.5765706861164084,0.47271890853390386,-0.10675786007869509,0.75,1.0,0.0,,,,0.9218529793269955,0.3885264814901442
pre_gfc,standard_dfm,pseudo,pre_second,DELTA_TS,12,0.21729296590834693,0.18350187037773655,0.092832453697894,0.5,1.0,0.0,,,,0.9796561571963985,0.7233898058442257
pre_gfc,standard_dfm,pseudo,pre_third,DELTA_MT,12,1.6294531770410408,1.3417945640081053,0.9462205703622305,0.4166666666666667,1.0,0.0,,,,0.9353237039926102,0.3993376555173995
gfc_and_recovery,ar,exact,pre_advance,DELTA_SA,28,0.8078268449404457,0.6548103831622708,0.13607571004658242,0.35714285714285715,1.0,0.0,,,,1.0,1.0
gfc_and_recovery,ar,exact,pre_second,DELTA_TS,28,0.5927052454271391,0.38376051152977425,0.06599158581160104,0.6071428571428571,1.0,0.0,,,,1.0,1.0
gfc_and_recovery,ar,exact,pre_third,DELTA_MT,28,2.4689417520787598,2.084617721660211,0.7220992912174532,0.4642857142857143,1.0,0.0,,,,1.0,1.0
gfc_and_recovery,ar,pseudo,pre_advance,DELTA_SA,28,0.8078268449404457,0.6548103831622708,0.13607571004658242,0.35714285714285715,1.0,0.0,,,,1.0,1.0
gfc_and_recovery,ar,pseudo,pre_second,DELTA_TS,28,0.5927052454271391,0.38376051152977425,0.06599158581160104,0.6071428571428571,1.0,0.0,,,,1.0,1.0
gfc_and_recovery,ar,pseudo,pre_third,DELTA_MT,28,2.4689417520787598,2.084617721660211,0.7220992912174532,0.4642857142857143,1.0,0.0,,,,1.0,1.0
gfc_and_recovery,bridge,exact,pre_advance,DELTA_SA,28,0.8728041508759694,0.6860993162299095,0.05342277797586018,0.39285714285714285,1.0,0.0,,,,1.0804346950618038,0.43350163519042456
gfc_and_recovery,bridge,exact,pre_second,DELTA_TS,28,0.6628507927836017,0.4955801045533602,0.0009485923409278595,0.5714285714285714,1.0,0.0,,,,1.1183481129914947,0.17909828614329779
gfc_and_recovery,bridge,exact,pre_third,DELTA_MT,28,1.9811384110744472,1.5644491913268013,0.6017857869558656,0.6428571428571429,1.0,0.0,,,,0.8024241193241599,0.04499750651111849
gfc_and_recovery,bridge,pseudo,pre_advance,DELTA_SA,28,0.8842136753952868,0.6906053390758834,0.055986479254806994,0.39285714285714285,1.0,0.0,,,,1.094558420450205,0.39837110321744607
gfc_and_recovery,bridge,pseudo,pre_second,DELTA_TS,28,0.6618242336402086,0.49315871437128866,-0.002783964242289914,0.6071428571428571,1.0,0.0,,,,1.116616123691057,0.18808690179784662
gfc_and_recovery,bridge,pseudo,pre_third,DELTA_MT,28,1.9779025810001851,1.563555483856909,0.6018531314296437,0.6428571428571429,1.0,0.0,,,,0.8011135051423803,0.04434373068393555
gfc_and_recovery,indicator_revision_only_dfm_kalman_em,exact,pre_advance,DELTA_SA,28,0.7194633225536935,0.5307964285714286,0.07043214285714283,0.0,1.0,27.785714285714285,9.590915089537964e-05,9.57244122508183e-05,9.9671433050604e-05,0.8906157638357928,0.09098205225716119
gfc_and_recovery,indicator_revision_only_dfm_kalman_em,exact,pre_second,DELTA_TS,28,0.5160822788775339,0.3388357142857142,0.021907142857142885,0.0,1.0,28.178571428571427,9.396115083535659e-05,9.395734784096096e-05,9.88227259244651e-05,0.8707233196588532,0.09293200072973085
gfc_and_recovery,indicator_revision_only_dfm_kalman_em,exact,pre_third,DELTA_MT,28,1.4791234069095194,1.2342635591032418,0.26030562719284683,0.0,1.0,28.071428571428573,9.526659918880408e-05,9.589552577492447e-05,9.968247265698932e-05,0.5990920626880528,0.007864311514475175
gfc_and_recovery,indicator_revision_only_dfm_kalman_em,pseudo,pre_advance,DELTA_SA,28,0.7194633225536935,0.5307964285714286,0.07043214285714283,0.0,1.0,28.142857142857142,9.59254802552464e-05,9.615880984652588e-05,9.925408483258025e-05,0.8906157638357928,0.09098205225716119
gfc_and_recovery,indicator_revision_only_dfm_kalman_em,pseudo,pre_second,DELTA_TS,28,0.5160822788775339,0.3388357142857142,0.021907142857142885,0.0,0.9642857142857143,28.357142857142858,9.455292271590519e-05,9.354567547905729e-05,0.0001108055917604,0.8707233196588532,0.09293200072973085
gfc_and_recovery,indicator_revision_only_dfm_kalman_em,pseudo,pre_third,DELTA_MT,28,1.4791234069095194,1.2342635591032418,0.26030562719284683,0.0,1.0,28.107142857142858,9.495593522879603e-05,9.506140766772108e-05,9.967162808817931e-05,0.5990920626880528,0.007864311514475175
gfc_and_recovery,joint_indicator_revision_dfm_full_kalman_em,exact,pre_advance,DELTA_SA,28,0.7408833068018646,0.5896016594473082,0.2619220164313855,0.5714285714285714,1.0,29.285714285714285,9.42006318283686e-05,9.480396762599537e-05,9.952146099019332e-05,0.917131327638021,0.5395546592044037
gfc_and_recovery,joint_indicator_revision_dfm_full_kalman_em,exact,pre_second,DELTA_TS,28,0.5164260084825643,0.3388397732173611,0.027345435938629068,0.6071428571428571,1.0,29.5,9.53762968132167e-05,9.61603243757004e-05,9.950192540339826e-05,0.8713032531210291,0.1013488427747702
gfc_and_recovery,joint_indicator_revision_dfm_full_kalman_em,exact,pre_third,DELTA_MT,28,1.4792779446948074,1.2348932098758623,0.2602195110027491,0.5357142857142857,1.0,29.75,9.499185535790871e-05,9.516858485192407e-05,9.964964330761513e-05,0.5991546554102821,0.00805933535243449
gfc_and_recovery,joint_indicator_revision_dfm_full_kalman_em,pseudo,pre_advance,DELTA_SA,28,0.7424819238680961,0.5918643140574081,0.2637418954031837,0.5714285714285714,1.0,29.642857142857142,9.471155609625206e-05,9.540019208907274e-05,9.97543074928744e-05,0.9191102381882754,0.5492428962449316
gfc_and_recovery,joint_indicator_revision_dfm_full_kalman_em,pseudo,pre_second,DELTA_TS,28,0.5163130398309788,0.33875892729118134,0.0272711103157292,0.6071428571428571,1.0,29.107142857142858,9.537027930749828e-05,9.55664016978128e-05,9.99930326461342e-05,0.8711126547545441,0.10089374326563871
gfc_and_recovery,joint_indicator_revision_dfm_full_kalman_em,pseudo,pre_third,DELTA_MT,28,1.4792805569531444,1.2348985251729643,0.2602257497443837,0.5357142857142857,1.0,29.785714285714285,9.466326094232986e-05,9.473029405767221e-05,9.965217530507342e-05,0.599155713458061,0.008059541812845534
gfc_and_recovery,midas_umidas,exact,pre_advance,DELTA_SA,28,14.246272068197573,11.196815750444944,4.966934054853086,0.35714285714285715,1.0,0.0,,,,17.635304096941507,0.002729158731955971
gfc_and_recovery,midas_umidas,exact,pre_second,DELTA_TS,28,1.750455358090345,1.209129436215076,-0.10796394138656416,0.6428571428571429,1.0,0.0,,,,2.9533319834698974,0.01058800778075384
gfc_and_recovery,midas_umidas,exact,pre_third,DELTA_MT,28,9.635732804715099,7.070602538118207,1.9468307426531253,0.6428571428571429,1.0,0.0,,,,3.9027785068652023,0.021693602296293628
gfc_and_recovery,midas_umidas,pseudo,pre_advance,DELTA_SA,28,13.046605704594041,10.462396672420459,5.561444417678126,0.39285714285714285,1.0,0.0,,,,16.150250250170703,0.00023335170277210944
gfc_and_recovery,midas_umidas,pseudo,pre_second,DELTA_TS,28,1.752145564219358,1.215775979967452,-0.14092806022750873,0.6071428571428571,1.0,0.0,,,,2.9561836642033703,0.010429104092216136
gfc_and_recovery,midas_umidas,pseudo,pre_third,DELTA_MT,28,9.547800913190867,7.0300521068626765,1.7885698586263514,0.6071428571428571,1.0,0.0,,,,3.867163291783601,0.025573485274855413
gfc_and_recovery,monthly_mixed_frequency_kalman_em,exact,pre_advance,DELTA_SA,28,0.6868832443610423,0.4923589150124842,0.20037341327960365,0.6071428571428571,0.8214285714285714,33.357142857142854,0.00021181717063226328,9.685114131448969e-05,0.0016130984446536,0.8502852420207457,0.13751489656776136
gfc_and_recovery,monthly_mixed_frequency_kalman_em,exact,pre_second,DELTA_TS,28,0.5255766299523287,0.34711099556915076,0.10072228480907072,0.4642857142857143,0.8214285714285714,33.714285714285715,0.00016926665698676794,9.571886059360705e-05,0.0011338977964339,0.8867419919214086,0.190334322747659
gfc_and_recovery,monthly_mixed_frequency_kalman_em,exact,pre_third,DELTA_MT,28,1.4949677746121366,1.2495526168750257,0.2842100634255815,0.4642857142857143,0.8214285714285714,33.17857142857143,0.00018707464461247586,9.679604171502316e-05,0.0013922235929881,0.6055095359594562,0.011463733183630531
gfc_and_recovery,monthly_mixed_frequency_kalman_em,pseudo,pre_advance,DELTA_SA,28,0.6862131299484286,0.4907775488381689,0.20094834653330323,0.6071428571428571,0.8214285714285714,33.357142857142854,0.00021214276855495326,9.671375183610838e-05,0.0016130984446536,0.8494557147318091,0.13489929064135595
gfc_and_recovery,monthly_mixed_frequency_kalman_em,pseudo,pre_second,DELTA_TS,28,0.5255464507598311,0.34706489824205383,0.10069001941725228,0.4642857142857143,0.8214285714285714,33.67857142857143,0.00016914428766573057,9.576954905651912e-05,0.0011338977964339,0.8866910742136096,0.19068297723355937
gfc_and_recovery,monthly_mixed_frequency_kalman_em,pseudo,pre_third,DELTA_MT,28,1.495856960781395,1.2502050434948735,0.28481360035474385,0.4642857142857143,0.8214285714285714,33.25,0.00018685637193883843,9.61454760822292e-05,0.0013922235929881,0.6058696846622393,0.011442678449724917
gfc_and_recovery,no_revision,exact,pre_advance,DELTA_SA,28,0.7194633225536935,0.5307964285714286,0.07043214285714283,0.0,1.0,0.0,,,,0.8906157638357928,0.09098205225716119
gfc_and_recovery,no_revision,exact,pre_second,DELTA_TS,28,0.5160822788775339,0.3388357142857142,0.021907142857142885,0.0,1.0,0.0,,,,0.8707233196588532,0.09293200072973085
gfc_and_recovery,no_revision,exact,pre_third,DELTA_MT,28,1.4791234069095194,1.2342635591032418,0.26030562719284683,0.0,1.0,0.0,,,,0.5990920626880528,0.007864311514475175
gfc_and_recovery,no_revision,pseudo,pre_advance,DELTA_SA,28,0.7194633225536935,0.5307964285714286,0.07043214285714283,0.0,1.0,0.0,,,,0.8906157638357928,0.09098205225716119
gfc_and_recovery,no_revision,pseudo,pre_second,DELTA_TS,28,0.5160822788775339,0.3388357142857142,0.021907142857142885,0.0,1.0,0.0,,,,0.8707233196588532,0.09293200072973085
gfc_and_recovery,no_revision,pseudo,pre_third,DELTA_MT,28,1.4791234069095194,1.2342635591032418,0.26030562719284683,0.0,1.0,0.0,,,,0.5990920626880528,0.007864311514475175
gfc_and_recovery,release_dfm,exact,pre_advance,DELTA_SA,28,0.7758683773262061,0.5917111073971929,0.11844483427842774,0.4642857142857143,1.0,0.0,,,,0.960438963108987,0.4132614306745016
gfc_and_recovery,release_dfm,exact,pre_second,DELTA_TS,28,0.5238067428416545,0.3479258393899454,0.037195194004841614,0.5357142857142857,1.0,0.0,,,,0.8837558750879079,0.14227001704856546
gfc_and_recovery,release_dfm,exact,pre_third,DELTA_MT,28,1.691846663700865,1.3180013543932885,0.9908449349381977,0.5,1.0,0.0,,,,0.6852517530137725,0.029381445378005713
gfc_and_recovery,release_dfm,pseudo,pre_advance,DELTA_SA,28,0.7752749516808118,0.5907162321391104,0.1197201049828407,0.4642857142857143,1.0,0.0,,,,0.9597043680047131,0.4065107046330091
gfc_and_recovery,release_dfm,pseudo,pre_second,DELTA_TS,28,0.523883666818972,0.3480627201864996,0.03726949569215136,0.5357142857142857,1.0,0.0,,,,0.883885659627375,0.14283083588455847
gfc_and_recovery,release_dfm,pseudo,pre_third,DELTA_MT,28,1.6916022129010255,1.3173106263618273,0.9914409639684953,0.5,1.0,0.0,,,,0.6851527426585733,0.029485745835833622
gfc_and_recovery,revision_dfm_kalman_em,exact,pre_advance,DELTA_SA,28,0.7759771733392831,0.6043306759711061,0.29799936689201123,0.6071428571428571,1.0,26.392857142857142,9.467740655682353e-05,9.486267583310279e-05,9.956084364457328e-05,0.9605736405014981,0.7090340462009983
gfc_and_recovery,revision_dfm_kalman_em,exact,pre_second,DELTA_TS,28,0.5163034804037995,0.3386163086116201,0.027013282011716457,0.5714285714285714,1.0,26.035714285714285,9.396370019561458e-05,9.502614199204793e-05,9.819531632309726e-05,0.8710965262872274,0.10016477970795136
gfc_and_recovery,revision_dfm_kalman_em,exact,pre_third,DELTA_MT,28,1.4794054739548406,1.235006466873625,0.2603241724572073,0.5357142857142857,1.0,25.142857142857142,9.544735940632147e-05,9.657854280293695e-05,9.944835863467958e-05,0.5992063088200581,0.008059001916768949
gfc_and_recovery,revision_dfm_kalman_em,pseudo,pre_advance,DELTA_SA,28,0.7759868246654813,0.6040453132165642,0.2986812266315753,0.6071428571428571,1.0,26.428571428571427,9.43719866414115e-05,9.466873855973383e-05,9.952570477919064e-05,0.9605855877724494,0.7090449577324769
gfc_and_recovery,revision_dfm_kalman_em,pseudo,pre_second,DELTA_TS,28,0.5163083641445407,0.33862186087310614,0.027020839019676206,0.5714285714285714,1.0,26.0,9.407322431210793e-05,9.502614199204793e-05,9.819531632309726e-05,0.871104766033339,0.1001853513562458
gfc_and_recovery,revision_dfm_kalman_em,pseudo,pre_third,DELTA_MT,28,1.4794057440099033,1.2350041642171532,0.26031878013124915,0.5357142857142857,1.0,25.142857142857142,9.536725880997349e-05,9.657893568507042e-05,9.944835863467958e-05,0.5992064182009548,0.008058916476390565
gfc_and_recovery,spf,exact,pre_advance,DELTA_SA,28,0.7194633225536935,0.5307964285714286,0.07043214285714283,0.0,1.0,0.0,,,,0.8906157638357928,0.09098205225716119
gfc_and_recovery,spf,exact,pre_second,DELTA_TS,28,0.5160822788775339,0.3388357142857142,0.021907142857142885,0.0,1.0,0.0,,,,0.8707233196588532,0.09293200072973085
gfc_and_recovery,spf,exact,pre_third,DELTA_MT,28,1.4791234069095194,1.2342635591032418,0.26030562719284683,0.0,1.0,0.0,,,,0.5990920626880528,0.007864311514475175
gfc_and_recovery,spf,pseudo,pre_advance,DELTA_SA,28,0.7194633225536935,0.5307964285714286,0.07043214285714283,0.0,1.0,0.0,,,,0.8906157638357928,0.09098205225716119
gfc_and_recovery,spf,pseudo,pre_second,DELTA_TS,28,0.5160822788775339,0.3388357142857142,0.021907142857142885,0.0,1.0,0.0,,,,0.8707233196588532,0.09293200072973085
gfc_and_recovery,spf,pseudo,pre_third,DELTA_MT,28,1.4791234069095194,1.2342635591032418,0.26030562719284683,0.0,1.0,0.0,,,,0.5990920626880528,0.007864311514475175
gfc_and_recovery,standard_dfm,exact,pre_advance,DELTA_SA,28,0.7758683773262061,0.5917111073971929,0.11844483427842774,0.4642857142857143,1.0,0.0,,,,0.960438963108987,0.4132614306745016
gfc_and_recovery,standard_dfm,exact,pre_second,DELTA_TS,28,0.5320147857990537,0.35635670968770594,0.05780922054930341,0.5357142857142857,1.0,0.0,,,,0.8976043149671331,0.2049120881813538
gfc_and_recovery,standard_dfm,exact,pre_third,DELTA_MT,28,1.623602197952034,1.3223755121696226,0.8430344191541763,0.4642857142857143,1.0,0.0,,,,0.6576105720538039,0.018837687173310826
gfc_and_recovery,standard_dfm,pseudo,pre_advance,DELTA_SA,28,0.7752749516808118,0.5907162321391104,0.1197201049828407,0.4642857142857143,1.0,0.0,,,,0.9597043680047131,0.4065107046330091
gfc_and_recovery,standard_dfm,pseudo,pre_second,DELTA_TS,28,0.5319400999288126,0.35630071130541746,0.05763847541280866,0.5357142857142857,1.0,0.0,,,,0.897478306515517,0.20419715946795672
gfc_and_recovery,standard_dfm,pseudo,pre_third,DELTA_MT,28,1.6180587664378316,1.319257212902412,0.8411608880274409,0.4642857142857143,1.0,0.0,,,,0.6553653058341634,0.018974231794370654
post_gfc_pre_pandemic,ar,exact,pre_advance,DELTA_SA,19,0.4841562284200546,0.29054251804707026,-0.009453446220469926,0.631578947368421,1.0,0.0,,,,1.0,1.0
post_gfc_pre_pandemic,ar,exact,pre_second,DELTA_TS,19,0.26163798709259967,0.19625505648169894,-0.05082610835249618,0.631578947368421,1.0,0.0,,,,1.0,1.0
post_gfc_pre_pandemic,ar,exact,pre_third,DELTA_MT,20,1.5628897176613237,1.2643483205849926,0.14979366540929923,0.5,1.0,0.0,,,,1.0,1.0
post_gfc_pre_pandemic,ar,pseudo,pre_advance,DELTA_SA,19,0.4841562284200546,0.29054251804707026,-0.009453446220469926,0.631578947368421,1.0,0.0,,,,1.0,1.0
post_gfc_pre_pandemic,ar,pseudo,pre_second,DELTA_TS,19,0.26163798709259967,0.19625505648169894,-0.05082610835249618,0.631578947368421,1.0,0.0,,,,1.0,1.0
post_gfc_pre_pandemic,ar,pseudo,pre_third,DELTA_MT,20,1.5628897176613237,1.2643483205849926,0.14979366540929923,0.5,1.0,0.0,,,,1.0,1.0
post_gfc_pre_pandemic,bridge,exact,pre_advance,DELTA_SA,19,0.4699460404700948,0.29980051970897276,-0.08522082984206601,0.6842105263157895,1.0,0.0,,,,0.9706495814453696,0.6995979079415902
post_gfc_pre_pandemic,bridge,exact,pre_second,DELTA_TS,19,0.3022965960291135,0.23135328562631832,0.061821010867870015,0.6842105263157895,1.0,0.0,,,,1.15540025127209,0.18503459332657343
post_gfc_pre_pandemic,bridge,exact,pre_third,DELTA_MT,20,1.7766832406348503,1.3822685139630333,-0.5367439589802196,0.35,1.0,0.0,,,,1.136793735704809,0.3474109248909977
post_gfc_pre_pandemic,bridge,pseudo,pre_advance,DELTA_SA,19,0.47007147751876527,0.3000034441246024,-0.08449331014106734,0.6842105263157895,1.0,0.0,,,,0.9709086652726702,0.7032141873840777
post_gfc_pre_pandemic,bridge,pseudo,pre_second,DELTA_TS,19,0.3013976702748099,0.2291053528603666,0.0645022666333613,0.7368421052631579,1.0,0.0,,,,1.1519644896524082,0.18998307724224467
post_gfc_pre_pandemic,bridge,pseudo,pre_third,DELTA_MT,20,1.7768172161468911,1.3822381381546638,-0.5359278274404454,0.35,1.0,0.0,,,,1.1368794586515574,0.3480719674080331
post_gfc_pre_pandemic,indicator_revision_only_dfm_kalman_em,exact,pre_advance,DELTA_SA,19,0.464025759833949,0.3086578947368421,-0.15937368421052633,0.0,1.0,26.736842105263158,9.53137612053875e-05,9.535032812175772e-05,9.821042448116866e-05,0.9584215436992367,0.6473259455670854
post_gfc_pre_pandemic,indicator_revision_only_dfm_kalman_em,exact,pre_second,DELTA_TS,19,0.24681615787762692,0.19699999999999998,-0.12559999999999996,0.0,1.0,27.57894736842105,9.651835211645973e-05,9.631227919431422e-05,9.970833695630567e-05,0.9433498576423195,0.7656166393456332
post_gfc_pre_pandemic,indicator_revision_only_dfm_kalman_em,exact,pre_third,DELTA_MT,20,1.420682748837642,1.1120943077182028,-0.1824545150765649,0.0,1.0,27.8,9.682194522825237e-05,9.713073884859687e-05,9.925951630239704e-05,0.9090102345567431,0.3627539085906127
post_gfc_pre_pandemic,indicator_revision_only_dfm_kalman_em,pseudo,pre_advance,DELTA_SA,19,0.464025759833949,0.3086578947368421,-0.15937368421052633,0.0,1.0,26.789473684210527,9.533694088910661e-05,9.535201145837188e-05,9.821042448116866e-05,0.9584215436992367,0.6473259455670854
post_gfc_pre_pandemic,indicator_revision_only_dfm_kalman_em,pseudo,pre_second,DELTA_TS,19,0.24681615787762692,0.19699999999999998,-0.12559999999999996,0.0,1.0,27.57894736842105,9.648240822905884e-05,9.627718373349542e-05,9.970789325321427e-05,0.9433498576423195,0.7656166393456332
post_gfc_pre_pandemic,indicator_revision_only_dfm_kalman_em,pseudo,pre_third,DELTA_MT,20,1.420682748837642,1.1120943077182028,-0.1824545150765649,0.0,1.0,27.8,9.676867228113103e-05,9.714007863432618e-05,9.925910477613432e-05,0.9090102345567431,0.3627539085906127
post_gfc_pre_pandemic,joint_indicator_revision_dfm_full_kalman_em,exact,pre_advance,DELTA_SA,19,0.40388208117288854,0.28979416577279754,-0.012185808836826184,0.6842105263157895,1.0,28.263157894736842,9.598047726615837e-05,9.64467987226941e-05,9.989816448031504e-05,0.8341978424833562,0.3243984722586983
post_gfc_pre_pandemic,joint_indicator_revision_dfm_full_kalman_em,exact,pre_second,DELTA_TS,19,0.2461669206863721,0.1964228401735874,-0.12233351588677026,0.5789473684210527,1.0,29.105263157894736,9.645017597650427e-05,9.691571778981694e-05,9.987119601391547e-05,0.94086842442817,0.7539315142701888
post_gfc_pre_pandemic,joint_indicator_revision_dfm_full_kalman_em,exact,pre_third,DELTA_MT,20,1.4242080351603286,1.115083365313923,-0.17982619557748583,0.25,1.0,29.2,9.687000559732688e-05,9.704849544946075e-05,9.958833966984724e-05,0.9112658552079314,0.37531059605250866
post_gfc_pre_pandemic,joint_indicator_revision_dfm_full_kalman_em,pseudo,pre_advance,DELTA_SA,19,0.4041972440436156,0.2901388852505347,-0.013250110895906343,0.6842105263157895,1.0,28.31578947368421,9.597503751537988e-05,9.644679644637294e-05,9.990324597904775e-05,0.8348487953209466,0.3269579416889656
post_gfc_pre_pandemic,joint_indicator_revision_dfm_full_kalman_em,pseudo,pre_second,DELTA_TS,19,0.24616648977409689,0.1964231335170957,-0.12233451483214841,0.5789473684210527,1.0,29.105263157894736,9.642070762753186e-05,9.673836238028852e-05,9.987119601391547e-05,0.9408667774491513,0.7539251393098345
post_gfc_pre_pandemic,joint_indicator_revision_dfm_full_kalman_em,pseudo,pre_third,DELTA_MT,20,1.4242094297721264,1.1150882122178254,-0.1798290974720437,0.25,1.0,29.2,9.681623172395386e-05,9.704860211397584e-05,9.966154098422747e-05,0.9112667475369179,0.3753152178886535
post_gfc_pre_pandemic,midas_umidas,exact,pre_advance,DELTA_SA,19,2.717456449134633,2.010229098711194,-0.10331510385697318,0.3684210526315789,1.0,0.0,,,,5.612767717566083,0.03182677919662777
post_gfc_pre_pandemic,midas_umidas,exact,pre_second,DELTA_TS,19,0.9368053316213526,0.5615121378250435,0.3433228769454524,0.7368421052631579,1.0,0.0,,,,3.580540203780867,0.09058607617601433
post_gfc_pre_pandemic,midas_umidas,exact,pre_third,DELTA_MT,20,8.946632186738357,6.338694446783423,1.7654524532430038,0.45,1.0,0.0,,,,5.724416819457943,0.024088836665058466
post_gfc_pre_pandemic,midas_umidas,pseudo,pre_advance,DELTA_SA,19,2.7667261088138253,2.017229343195181,-0.1819850288485588,0.3684210526315789,1.0,0.0,,,,5.714531687101235,0.027031936242532258
post_gfc_pre_pandemic,midas_umidas,pseudo,pre_second,DELTA_TS,19,0.9285339593853298,0.5638412643242564,0.35224480194703567,0.6842105263157895,1.0,0.0,,,,3.548926399042737,0.09447191541548955
post_gfc_pre_pandemic,midas_umidas,pseudo,pre_third,DELTA_MT,20,9.005902877369776,6.4954023101152725,2.0391743653290537,0.5,1.0,0.0,,,,5.762340602538498,0.023324968107643663
post_gfc_pre_pandemic,monthly_mixed_frequency_kalman_em,exact,pre_advance,DELTA_SA,19,0.4202395808535381,0.30227846329770786,-0.05575232962900994,0.5789473684210527,0.631578947368421,36.26315789473684,0.00013133369728742685,9.95290725564608e-05,0.0001949524622138,0.8679834239144345,0.3406666753669612
post_gfc_pre_pandemic,monthly_mixed_frequency_kalman_em,exact,pre_second,DELTA_TS,19,0.2308893995280558,0.1983134810595335,-0.061062523086610934,0.6842105263157895,0.5789473684210527,37.21052631578947,0.00013562220769910974,9.906602592791184e-05,0.0001951209796206,0.8824765933027101,0.4232156813748962
post_gfc_pre_pandemic,monthly_mixed_frequency_kalman_em,exact,pre_third,DELTA_MT,20,1.4865381890344602,1.174889411516526,-0.12825022363563154,0.3,0.6,36.55,0.00013495784992210695,9.862881339212939e-05,0.0001987962237556,0.9511472065085217,0.6379437355009154
post_gfc_pre_pandemic,monthly_mixed_frequency_kalman_em,pseudo,pre_advance,DELTA_SA,19,0.4194571380879035,0.30196308793166926,-0.056015344906324364,0.5263157894736842,0.631578947368421,36.26315789473684,0.00013122905485673953,9.93922113154763e-05,0.0001947927193839,0.8663673282830969,0.33691393787514473
post_gfc_pre_pandemic,monthly_mixed_frequency_kalman_em,pseudo,pre_second,DELTA_TS,19,0.2309182675835533,0.19851020275046913,-0.061175227134508785,0.6842105263157895,0.5789473684210527,37.26315789473684,0.00013542446330667377,9.823958206232308e-05,0.0001949662521532,0.8825869291748757,0.42400981353679984
post_gfc_pre_pandemic,monthly_mixed_frequency_kalman_em,pseudo,pre_third,DELTA_MT,20,1.4851647460184143,1.1737297306176884,-0.12953704268839936,0.35,0.6,36.5,0.00013535731381828729,9.898838515150857e-05,0.0001973334002878,0.9502684221640312,0.6315146695368673
post_gfc_pre_pandemic,no_revision,exact,pre_advance,DELTA_SA,19,0.464025759833949,0.3086578947368421,-0.15937368421052633,0.0,1.0,0.0,,,,0.9584215436992367,0.6473259455670854
post_gfc_pre_pandemic,no_revision,exact,pre_second,DELTA_TS,19,0.24681615787762692,0.19699999999999998,-0.12559999999999996,0.0,1.0,0.0,,,,0.9433498576423195,0.7656166393456332
post_gfc_pre_pandemic,no_revision,exact,pre_third,DELTA_MT,20,1.420682748837642,1.1120943077182028,-0.1824545150765649,0.0,1.0,0.0,,,,0.9090102345567431,0.3627539085906127
post_gfc_pre_pandemic,no_revision,pseudo,pre_advance,DELTA_SA,19,0.464025759833949,0.3086578947368421,-0.15937368421052633,0.0,1.0,0.0,,,,0.9584215436992367,0.6473259455670854
post_gfc_pre_pandemic,no_revision,pseudo,pre_second,DELTA_TS,19,0.24681615787762692,0.19699999999999998,-0.12559999999999996,0.0,1.0,0.0,,,,0.9433498576423195,0.7656166393456332
post_gfc_pre_pandemic,no_revision,pseudo,pre_third,DELTA_MT,20,1.420682748837642,1.1120943077182028,-0.1824545150765649,0.0,1.0,0.0,,,,0.9090102345567431,0.3627539085906127
post_gfc_pre_pandemic,release_dfm,exact,pre_advance,DELTA_SA,19,0.43342411628109045,0.3080965844744307,-0.06709448255886408,0.631578947368421,1.0,0.0,,,,0.8952154094877224,0.3624954140120595
post_gfc_pre_pandemic,release_dfm,exact,pre_second,DELTA_TS,19,0.2336780307289134,0.19282652508460668,-0.0834765239808586,0.631578947368421,1.0,0.0,,,,0.893134950798293,0.5250341710809399
post_gfc_pre_pandemic,release_dfm,exact,pre_third,DELTA_MT,20,1.3443116926091918,1.137373334935011,0.37343741321571977,0.45,1.0,0.0,,,,0.860144946516631,0.16100295274206505
post_gfc_pre_pandemic,release_dfm,pseudo,pre_advance,DELTA_SA,19,0.433436744282297,0.30829276992032156,-0.06634096997336968,0.631578947368421,1.0,0.0,,,,0.8952414919802429,0.36341923070392
post_gfc_pre_pandemic,release_dfm,pseudo,pre_second,DELTA_TS,19,0.2336827036321098,0.1928373023409803,-0.08348022234275225,0.631578947368421,1.0,0.0,,,,0.8931528109846073,0.5251005452270177
post_gfc_pre_pandemic,release_dfm,pseudo,pre_third,DELTA_MT,20,1.3437745115874835,1.1371293381424423,0.37345439474366915,0.45,1.0,0.0,,,,0.8598012363906778,0.15916529548372754
post_gfc_pre_pandemic,revision_dfm_kalman_em,exact,pre_advance,DELTA_SA,19,0.42730067878228356,0.30643896769758977,-0.016997270662902467,0.5263157894736842,1.0,23.473684210526315,9.282675069566535e-05,9.245406584232572e-05,9.954236095893108e-05,0.882567761601854,0.39922414005683216
post_gfc_pre_pandemic,revision_dfm_kalman_em,exact,pre_second,DELTA_TS,19,0.24572863751040425,0.1961495799211337,-0.12174000937812937,0.5789473684210527,1.0,23.736842105263158,9.234771385113039e-05,9.14224075032028e-05,9.99001722622028e-05,0.9391932732743249,0.7464320375281803
post_gfc_pre_pandemic,revision_dfm_kalman_em,exact,pre_third,DELTA_MT,20,1.424030865037905,1.115106978344744,-0.1795129380900033,0.3,1.0,23.65,9.257529984575038e-05,9.263869748943627e-05,9.908469052089924e-05,0.9111524946039032,0.37446745864263103
post_gfc_pre_pandemic,revision_dfm_kalman_em,pseudo,pre_advance,DELTA_SA,19,0.42753564809853223,0.30671724307859616,-0.016545580852732833,0.5263157894736842,1.0,23.473684210526315,9.282072909419196e-05,9.245406584232572e-05,9.955879782009868e-05,0.8830530787421818,0.40204837594134724
post_gfc_pre_pandemic,revision_dfm_kalman_em,pseudo,pre_second,DELTA_TS,19,0.24572608805284965,0.19614886465873302,-0.12173847675071774,0.5789473684210527,1.0,23.736842105263158,9.236050651325277e-05,9.129918047164922e-05,9.989508681505951e-05,0.9391835290564347,0.7463904876679076
post_gfc_pre_pandemic,revision_dfm_kalman_em,pseudo,pre_third,DELTA_MT,20,1.4240331509427182,1.1151169753337054,-0.17952006766420583,0.3,1.0,23.65,9.247202781503548e-05,9.263835428042699e-05,9.90970001998102e-05,0.9111539572181794,0.3744747916131539
post_gfc_pre_pandemic,spf,exact,pre_advance,DELTA_SA,19,0.464025759833949,0.3086578947368421,-0.15937368421052633,0.0,1.0,0.0,,,,0.9584215436992367,0.6473259455670854
post_gfc_pre_pandemic,spf,exact,pre_second,DELTA_TS,19,0.24681615787762692,0.19699999999999998,-0.12559999999999996,0.0,1.0,0.0,,,,0.9433498576423195,0.7656166393456332
post_gfc_pre_pandemic,spf,exact,pre_third,DELTA_MT,20,1.420682748837642,1.1120943077182028,-0.1824545150765649,0.0,1.0,0.0,,,,0.9090102345567431,0.3627539085906127
post_gfc_pre_pandemic,spf,pseudo,pre_advance,DELTA_SA,19,0.464025759833949,0.3086578947368421,-0.15937368421052633,0.0,1.0,0.0,,,,0.9584215436992367,0.6473259455670854
post_gfc_pre_pandemic,spf,pseudo,pre_second,DELTA_TS,19,0.24681615787762692,0.19699999999999998,-0.12559999999999996,0.0,1.0,0.0,,,,0.9433498576423195,0.7656166393456332
post_gfc_pre_pandemic,spf,pseudo,pre_third,DELTA_MT,20,1.420682748837642,1.1120943077182028,-0.1824545150765649,0.0,1.0,0.0,,,,0.9090102345567431,0.3627539085906127
post_gfc_pre_pandemic,standard_dfm,exact,pre_advance,DELTA_SA,19,0.43342411628109045,0.3080965844744307,-0.06709448255886408,0.631578947368421,1.0,0.0,,,,0.8952154094877224,0.3624954140120595
post_gfc_pre_pandemic,standard_dfm,exact,pre_second,DELTA_TS,19,0.22357645883210436,0.18906284169909568,-0.05876251516938443,0.631578947368421,1.0,0.0,,,,0.854525985758236,0.3516318516060585
post_gfc_pre_pandemic,standard_dfm,exact,pre_third,DELTA_MT,20,1.4554905418005724,1.2057743329533497,0.2959223574878913,0.45,1.0,0.0,,,,0.9312816671278245,0.4780889680803308
post_gfc_pre_pandemic,standard_dfm,pseudo,pre_advance,DELTA_SA,19,0.433436744282297,0.30829276992032156,-0.06634096997336968,0.631578947368421,1.0,0.0,,,,0.8952414919802429,0.36341923070392
post_gfc_pre_pandemic,standard_dfm,pseudo,pre_second,DELTA_TS,19,0.22357568340788977,0.18907570952794583,-0.05874040921696413,0.631578947368421,1.0,0.0,,,,0.8545230220287593,0.35147011339426726
post_gfc_pre_pandemic,standard_dfm,pseudo,pre_third,DELTA_MT,20,1.4552415321878205,1.2056633472399754,0.29589328737202514,0.45,1.0,0.0,,,,0.9311223407147462,0.476738530519453
post_pandemic,ar,exact,pre_advance,DELTA_SA,16,0.23488695563745593,0.19005778554149866,0.05798587852851217,0.6875,1.0,0.0,,,,1.0,1.0
post_pandemic,ar,exact,pre_second,DELTA_TS,16,0.22847372665737734,0.17199718816374077,-0.026174208530886874,0.625,1.0,0.0,,,,1.0,1.0
post_pandemic,ar,exact,pre_third,DELTA_MT,16,4.189020177738402,2.0585166966535136,-0.594750899840369,0.4375,1.0,0.0,,,,1.0,1.0
post_pandemic,ar,pseudo,pre_advance,DELTA_SA,16,0.23488695563745593,0.19005778554149866,0.05798587852851217,0.6875,1.0,0.0,,,,1.0,1.0
post_pandemic,ar,pseudo,pre_second,DELTA_TS,16,0.22847372665737734,0.17199718816374077,-0.026174208530886874,0.625,1.0,0.0,,,,1.0,1.0
post_pandemic,ar,pseudo,pre_third,DELTA_MT,16,4.189020177738402,2.0585166966535136,-0.594750899840369,0.4375,1.0,0.0,,,,1.0,1.0
post_pandemic,bridge,exact,pre_advance,DELTA_SA,16,0.2847132370283668,0.23496157419193275,0.051031713383437746,0.625,1.0,0.0,,,,1.2121287717135596,0.06746915821198203
post_pandemic,bridge,exact,pre_second,DELTA_TS,16,0.3580060655557554,0.28433107242034805,0.065680553949196,0.5,1.0,0.0,,,,1.566946321546314,0.001025237064122253
post_pandemic,bridge,exact,pre_third,DELTA_MT,16,1.5727985026796956,1.1394775915902229,-0.5131966821726291,0.5,1.0,0.0,,,,0.3754573709236295,0.30506909634448337
post_pandemic,bridge,pseudo,pre_advance,DELTA_SA,16,0.28891195867839253,0.2353549108144829,0.05214337194641991,0.625,1.0,0.0,,,,1.2300042711793808,0.0753490015238081
post_pandemic,bridge,pseudo,pre_second,DELTA_TS,16,0.3616346566357415,0.28720408888822374,0.06582083161076183,0.4375,1.0,0.0,,,,1.582828196163029,0.0005172078391980158
post_pandemic,bridge,pseudo,pre_third,DELTA_MT,16,1.5718130851866674,1.1344866769017714,-0.5050977652478889,0.5,1.0,0.0,,,,0.37522213274113875,0.3048454058685203
post_pandemic,indicator_revision_only_dfm_kalman_em,exact,pre_advance,DELTA_SA,16,0.2127538160644833,0.17186249999999997,-0.03735,0.0,0.8125,41.5,0.0001345382983991667,9.434366459752038e-05,0.0004381110196695,0.905771099493772,0.06583657878703136
post_pandemic,indicator_revision_only_dfm_kalman_em,exact,pre_second,DELTA_TS,16,0.24261148854701833,0.17103125000000002,-0.09706875000000001,0.0,0.875,41.0625,0.0001095698634603179,9.66623727915238e-05,0.0003024999003775,1.0618791582580618,0.1767422809715533
post_pandemic,indicator_revision_only_dfm_kalman_em,exact,pre_third,DELTA_MT,16,0.5941805091146407,0.4864899724826202,-0.1406444168488838,0.0,0.8125,40.9375,9.343476163741846e-05,9.405832309475619e-05,0.0001266555681697,0.14184236024268357,0.2292027422115449
post_pandemic,indicator_revision_only_dfm_kalman_em,pseudo,pre_advance,DELTA_SA,16,0.2127538160644833,0.17186249999999997,-0.03735,0.0,0.8125,41.3125,0.00012776185593117766,9.766735994909573e-05,0.0004011847562101,0.905771099493772,0.06583657878703136
post_pandemic,indicator_revision_only_dfm_kalman_em,pseudo,pre_second,DELTA_TS,16,0.24261148854701833,0.17103125000000002,-0.09706875000000001,0.0,0.8125,41.125,0.00011908024889649156,9.592019688576018e-05,0.0003043053463298,1.0618791582580618,0.1767422809715533
post_pandemic,indicator_revision_only_dfm_kalman_em,pseudo,pre_third,DELTA_MT,16,0.5941805091146407,0.4864899724826202,-0.1406444168488838,0.0,0.8125,41.0,9.462716986597571e-05,8.928477316799541e-05,0.0001473942164177,0.14184236024268357,0.2292027422115449
post_pandemic,joint_indicator_revision_dfm_full_kalman_em,exact,pre_advance,DELTA_SA,16,0.3655335516988538,0.27249533294587397,0.07152595068077192,0.625,0.6875,43.0,0.00013406538045870485,9.747001627328108e-05,0.0003516608640257,1.5562105213839492,0.041398110566769473
post_pandemic,joint_indicator_revision_dfm_full_kalman_em,exact,pre_second,DELTA_TS,16,0.2459657501909837,0.17568868966986767,-0.09194040778838491,0.5625,0.6875,43.6875,0.00014398606687505332,9.50412613465797e-05,0.0004411561300487,1.0765603283559937,0.10458005472669146
post_pandemic,joint_indicator_revision_dfm_full_kalman_em,exact,pre_third,DELTA_MT,16,0.5954664350161047,0.4879928238601587,-0.13857969935979136,0.4375,0.6875,44.25,0.00015130992351241872,9.41752805371586e-05,0.0004935858370991,0.14214933558462575,0.22924834170448694
post_pandemic,joint_indicator_revision_dfm_full_kalman_em,pseudo,pre_advance,DELTA_SA,16,0.3696321500558592,0.273783109687823,0.0755355303091185,0.625,0.6875,43.0,0.0001257650737836131,9.902252885577733e-05,0.0003119745048932,1.573659759234907,0.0407709745544678
post_pandemic,joint_indicator_revision_dfm_full_kalman_em,pseudo,pre_second,DELTA_TS,16,0.2459015387295262,0.17565909964339074,-0.09193152026969677,0.5625,0.6875,43.75,0.00014398145059443942,9.503441874183881e-05,0.000441185956283,1.0762792830804737,0.10460150966746491
post_pandemic,joint_indicator_revision_dfm_full_kalman_em,pseudo,pre_third,DELTA_MT,16,0.5954680542499741,0.4879918596172999,-0.13857742472012505,0.4375,0.6875,44.1875,0.00015185977709077217,9.49977237565943e-05,0.0004765973145796,0.1421497221270153,0.22924860487089052
post_pandemic,midas_umidas,exact,pre_advance,DELTA_SA,16,1.2751638923866846,0.9287678907886829,0.6565403096229641,0.625,1.0,0.0,,,,5.428840818026858,0.017811420405439194
post_pandemic,midas_umidas,exact,pre_second,DELTA_TS,16,0.7101110321343582,0.5370819860232575,0.08387546385583444,0.5625,1.0,0.0,,,,3.1080642948466957,0.02456543424321629
post_pandemic,midas_umidas,exact,pre_third,DELTA_MT,16,4.436857941464262,3.6898135577216022,0.9496197373282246,0.375,1.0,0.0,,,,1.0591636595695904,0.8947758896840138
post_pandemic,midas_umidas,pseudo,pre_advance,DELTA_SA,16,1.4466888706726733,0.9838763557668816,0.6695024280824843,0.625,1.0,0.0,,,,6.159085619490991,0.04390394358335367
post_pandemic,midas_umidas,pseudo,pre_second,DELTA_TS,16,0.7282474242089267,0.562403755079464,0.10583114521087082,0.5,1.0,0.0,,,,3.1874449411026484,0.022716597277799493
post_pandemic,midas_umidas,pseudo,pre_third,DELTA_MT,16,4.42773615849099,3.714516725456069,1.034186047977922,0.375,1.0,0.0,,,,1.05698611384619,0.8983753015681635
post_pandemic,monthly_mixed_frequency_kalman_em,exact,pre_advance,DELTA_SA,16,0.23862745601049887,0.1921515467609221,0.07909329703976213,0.6875,1.0,32.125,9.566260204513802e-05,9.585401443912213e-05,9.970109468742972e-05,1.015924683271115,0.8974622295682637
post_pandemic,monthly_mixed_frequency_kalman_em,exact,pre_second,DELTA_TS,16,0.24941151387843324,0.19620450884564625,-0.020922087490383982,0.625,1.0,32.25,9.47456078905864e-05,9.364454243647126e-05,9.992181076817872e-05,1.0916419910830908,0.20390180643088507
post_pandemic,monthly_mixed_frequency_kalman_em,exact,pre_third,DELTA_MT,16,0.6058677794575241,0.5045509560263919,-0.09278200157829292,0.5625,1.0,31.375,9.532330103155382e-05,9.42726196044276e-05,9.97658692122594e-05,0.14463233733684813,0.22961870706699908
post_pandemic,monthly_mixed_frequency_kalman_em,pseudo,pre_advance,DELTA_SA,16,0.23875723032797655,0.19213112543319838,0.07906632317793945,0.6875,1.0,32.125,9.568851626256492e-05,9.579991108532491e-05,9.976477441732352e-05,1.016477180182344,0.8938007464412723
post_pandemic,monthly_mixed_frequency_kalman_em,pseudo,pre_second,DELTA_TS,16,0.24457012931386105,0.1926771389663619,-0.02447276984338171,0.625,1.0,32.25,9.451541397613213e-05,9.364188972505347e-05,9.992123999480956e-05,1.0704518759858201,0.19236436350038116
post_pandemic,monthly_mixed_frequency_kalman_em,pseudo,pre_third,DELTA_MT,16,0.6055548821174858,0.5041775704502314,-0.09317689978578525,0.5625,1.0,31.375,9.531717801702181e-05,9.420702029415591e-05,9.978243860823972e-05,0.14455764270021182,0.22960602603984367
post_pandemic,no_revision,exact,pre_advance,DELTA_SA,16,0.2127538160644833,0.17186249999999997,-0.03735,0.0,1.0,0.0,,,,0.905771099493772,0.06583657878703136
post_pandemic,no_revision,exact,pre_second,DELTA_TS,16,0.24261148854701833,0.17103125000000002,-0.09706875000000001,0.0,1.0,0.0,,,,1.0618791582580618,0.1767422809715533
post_pandemic,no_revision,exact,pre_third,DELTA_MT,16,0.5941805091146407,0.4864899724826202,-0.1406444168488838,0.0,1.0,0.0,,,,0.14184236024268357,0.2292027422115449
post_pandemic,no_revision,pseudo,pre_advance,DELTA_SA,16,0.2127538160644833,0.17186249999999997,-0.03735,0.0,1.0,0.0,,,,0.905771099493772,0.06583657878703136
post_pandemic,no_revision,pseudo,pre_second,DELTA_TS,16,0.24261148854701833,0.17103125000000002,-0.09706875000000001,0.0,1.0,0.0,,,,1.0618791582580618,0.1767422809715533
post_pandemic,no_revision,pseudo,pre_third,DELTA_MT,16,0.5941805091146407,0.4864899724826202,-0.1406444168488838,0.0,1.0,0.0,,,,0.14184236024268357,0.2292027422115449
post_pandemic,release_dfm,exact,pre_advance,DELTA_SA,16,0.2179730817075924,0.1648240585107909,0.05886989233245234,0.6875,1.0,0.0,,,,0.9279914293922314,0.048004079252840656
post_pandemic,release_dfm,exact,pre_second,DELTA_TS,16,0.2291407226722794,0.165641684087669,-0.04825592707142551,0.625,1.0,0.0,,,,1.0029193554316305,0.8293197241806718
post_pandemic,release_dfm,exact,pre_third,DELTA_MT,16,0.6565903928526324,0.4587830166931823,0.36152522764175443,0.625,1.0,0.0,,,,0.15674080453036088,0.23309062371031225
post_pandemic,release_dfm,pseudo,pre_advance,DELTA_SA,16,0.2179900944080497,0.16484164649055358,0.05890497639304931,0.6875,1.0,0.0,,,,0.928063858703647,0.048251769073566486
post_pandemic,release_dfm,pseudo,pre_second,DELTA_TS,16,0.22908513441002049,0.1655822584202745,-0.04828658516669562,0.625,1.0,0.0,,,,1.0026760527855354,0.8429979475204793
post_pandemic,release_dfm,pseudo,pre_third,DELTA_MT,16,0.6557435300144447,0.45581442388667925,0.3631917036549855,0.625,1.0,0.0,,,,0.15653864201925907,0.2330559417887955
post_pandemic,revision_dfm_kalman_em,exact,pre_advance,DELTA_SA,16,0.2104096175200117,0.1569120802383302,0.11869558750355914,0.6875,1.0,23.9375,9.132950126412993e-05,9.056493160803833e-05,9.860893427950912e-05,0.895790985706228,0.35262838250039946
post_pandemic,revision_dfm_kalman_em,exact,pre_second,DELTA_TS,16,0.24188274278595384,0.17119013376165332,-0.0915506616151297,0.625,1.0,23.9375,9.183012329971884e-05,9.057020152786769e-05,9.93740124476218e-05,1.0586895321608898,0.1747777062055518
post_pandemic,revision_dfm_kalman_em,exact,pre_third,DELTA_MT,16,0.5950354637219241,0.48802143812854143,-0.13856038750254396,0.5,1.0,23.9375,9.128941971435383e-05,9.097136791025878e-05,9.999327176620232e-05,0.14204645441530817,0.22922857459848034
post_pandemic,revision_dfm_kalman_em,pseudo,pre_advance,DELTA_SA,16,0.2105893494137967,0.1568516245992959,0.1187417857616589,0.6875,1.0,23.9375,9.133300078350832e-05,9.058567283712873e-05,9.861030048895744e-05,0.8965561703598297,0.356447033774264
post_pandemic,revision_dfm_kalman_em,pseudo,pre_second,DELTA_TS,16,0.24186361937519446,0.17105159549530022,-0.09170548926768807,0.625,1.0,23.9375,9.18446233004483e-05,9.0610561125227e-05,9.937383271986298e-05,1.058605831461299,0.17609245800115833
post_pandemic,revision_dfm_kalman_em,pseudo,pre_third,DELTA_MT,16,0.5950309401485345,0.4880168425379886,-0.13856519361039232,0.5,1.0,24.0,9.032995936698488e-05,9.045091770940684e-05,9.947113909209126e-05,0.1420453745509968,0.22922841773763572
post_pandemic,spf,exact,pre_advance,DELTA_SA,16,0.2127538160644833,0.17186249999999997,-0.03735,0.0,1.0,0.0,,,,0.905771099493772,0.06583657878703136
post_pandemic,spf,exact,pre_second,DELTA_TS,16,0.24261148854701833,0.17103125000000002,-0.09706875000000001,0.0,1.0,0.0,,,,1.0618791582580618,0.1767422809715533
post_pandemic,spf,exact,pre_third,DELTA_MT,16,0.5941805091146407,0.4864899724826202,-0.1406444168488838,0.0,1.0,0.0,,,,0.14184236024268357,0.2292027422115449
post_pandemic,spf,pseudo,pre_advance,DELTA_SA,16,0.2127538160644833,0.17186249999999997,-0.03735,0.0,1.0,0.0,,,,0.905771099493772,0.06583657878703136
post_pandemic,spf,pseudo,pre_second,DELTA_TS,16,0.24261148854701833,0.17103125000000002,-0.09706875000000001,0.0,1.0,0.0,,,,1.0618791582580618,0.1767422809715533
post_pandemic,spf,pseudo,pre_third,DELTA_MT,16,0.5941805091146407,0.4864899724826202,-0.1406444168488838,0.0,1.0,0.0,,,,0.14184236024268357,0.2292027422115449
post_pandemic,standard_dfm,exact,pre_advance,DELTA_SA,16,0.2179730817075924,0.1648240585107909,0.05886989233245234,0.6875,1.0,0.0,,,,0.9279914293922314,0.048004079252840656
post_pandemic,standard_dfm,exact,pre_second,DELTA_TS,16,0.22658580721875066,0.16898884258505056,-0.027600742737959035,0.625,1.0,0.0,,,,0.9917368203939798,0.4362484281100698
post_pandemic,standard_dfm,exact,pre_third,DELTA_MT,16,0.8308278567595218,0.6799973569125397,-0.07439940042673668,0.4375,1.0,0.0,,,,0.198334651423922,0.24150288244434534
post_pandemic,standard_dfm,pseudo,pre_advance,DELTA_SA,16,0.2179900944080497,0.16484164649055358,0.05890497639304931,0.6875,1.0,0.0,,,,0.928063858703647,0.048251769073566486
post_pandemic,standard_dfm,pseudo,pre_second,DELTA_TS,16,0.22677069884494588,0.16925239002450293,-0.02737677909174288,0.625,1.0,0.0,,,,0.9925460671677784,0.4785256297899716
post_pandemic,standard_dfm,pseudo,pre_third,DELTA_MT,16,0.8276982810853541,0.6786204943550569,-0.07326843012173657,0.4375,1.0,0.0,,,,0.19758756128317764,0.24131333693797546
