table,model_id,timing_mode,checkpoint_id,target_id,n_seeds,seeds,rmse_min,rmse_median,rmse_max,rmse_range,convergence_rate_min,convergence_rate_median,convergence_rate_max,median_relative_llf_improvement_max,revision_target_id
point,indicator_revision_only_dfm_kalman_em,exact,pre_advance,A,5,1;2;3;4;5,2.6325122489492703,2.644364760251176,2.6795820399566006,0.0470697910073303,0.4166666666666667,0.5,0.6666666666666666,0.0001583456740597,
point,indicator_revision_only_dfm_kalman_em,exact,pre_second,S,5,1;2;3;4;5,0.3877997679504718,0.3943393634243899,0.3972858372528778,0.009486069302406,0.3333333333333333,0.5,0.5,0.0002042771412131,
point,indicator_revision_only_dfm_kalman_em,exact,pre_third,T,5,1;2;3;4;5,0.2702474271384611,0.2711694028655704,0.2714359430213743,0.0011885158829131,0.5833333333333334,0.5833333333333334,0.6666666666666666,9.921030111502684e-05,
point,indicator_revision_only_dfm_kalman_em,pseudo,pre_advance,A,5,1;2;3;4;5,2.6171026729571247,2.629319806484897,2.638709160216976,0.0216064872598513,0.5,0.5833333333333334,0.6666666666666666,0.0001177182657105,
point,indicator_revision_only_dfm_kalman_em,pseudo,pre_second,S,5,1;2;3;4;5,0.3876408412536449,0.394294351275434,0.3972473205804346,0.0096064793267897,0.3333333333333333,0.5,0.5,0.0001994768211107,
point,indicator_revision_only_dfm_kalman_em,pseudo,pre_third,T,5,1;2;3;4;5,0.2702393807883894,0.2711260558621807,0.2714305877303228,0.0011912069419334,0.5,0.5833333333333334,0.6666666666666666,0.0001424350126293,
point,joint_indicator_revision_dfm_full_kalman_em,exact,pre_advance,A,5,1;2;3;4;5,2.554983756500866,2.558644749858218,2.5626086562111423,0.0076248997102763,0.5833333333333334,0.6666666666666666,0.6666666666666666,9.74657671995586e-05,
point,joint_indicator_revision_dfm_full_kalman_em,exact,pre_second,S,5,1;2;3;4;5,0.3408455340837754,0.3659288953700265,0.370321521686029,0.0294759876022536,0.5,0.5833333333333334,0.5833333333333334,0.0001247792734758,
point,joint_indicator_revision_dfm_full_kalman_em,exact,pre_third,T,5,1;2;3;4;5,0.275692401128712,0.2761572882127306,0.2762059542509184,0.0005135531222063,0.6666666666666666,0.75,0.75,9.723998083024325e-05,
point,joint_indicator_revision_dfm_full_kalman_em,pseudo,pre_advance,A,5,1;2;3;4;5,2.5443341190996875,2.5491154866581613,2.5520903864823454,0.0077562673826578,0.5833333333333334,0.6666666666666666,0.6666666666666666,9.742301446044752e-05,
point,joint_indicator_revision_dfm_full_kalman_em,pseudo,pre_second,S,5,1;2;3;4;5,0.3416195851347619,0.3667138315906878,0.3718768914056772,0.0302573062709152,0.5,0.5833333333333334,0.5833333333333334,0.0001217806786841,
point,joint_indicator_revision_dfm_full_kalman_em,pseudo,pre_third,T,5,1;2;3;4;5,0.2756585417814838,0.2760828765860471,0.2761774624649571,0.0005189206834733,0.6666666666666666,0.6666666666666666,0.75,9.818040654472346e-05,
point,monthly_mixed_frequency_kalman_em,exact,pre_advance,A,5,1;2;3;4;5,2.824731403176868,2.824731403176868,2.824731403176868,0.0,1.0,1.0,1.0,9.448204234813744e-05,
point,monthly_mixed_frequency_kalman_em,exact,pre_second,S,5,1;2;3;4;5,0.2771162923930014,0.2771162923930014,0.2771162923930014,0.0,1.0,1.0,1.0,9.344417099474332e-05,
point,monthly_mixed_frequency_kalman_em,exact,pre_third,T,5,1;2;3;4;5,0.2664730985696655,0.2664730985696655,0.2664730985696655,0.0,1.0,1.0,1.0,9.384653832010424e-05,
point,monthly_mixed_frequency_kalman_em,pseudo,pre_advance,A,5,1;2;3;4;5,2.8249467629985174,2.8249467629985174,2.8249467629985174,0.0,1.0,1.0,1.0,9.464055731008136e-05,
point,monthly_mixed_frequency_kalman_em,pseudo,pre_second,S,5,1;2;3;4;5,0.2770909189118266,0.2770909189118266,0.2770909189118266,0.0,1.0,1.0,1.0,9.333545536690683e-05,
point,monthly_mixed_frequency_kalman_em,pseudo,pre_third,T,5,1;2;3;4;5,0.2670644925978617,0.2670644925978617,0.2670644925978617,0.0,1.0,1.0,1.0,9.22090328105168e-05,
point,revision_dfm_kalman_em,exact,pre_advance,A,5,1;2;3;4;5,2.7615700382462234,2.761992105083386,2.762231850861394,0.0006618126151707,1.0,1.0,1.0,9.575409124456048e-05,
point,revision_dfm_kalman_em,exact,pre_second,S,5,1;2;3;4;5,0.234820036459108,0.2351809680998004,0.2352957260534548,0.0004756895943467,1.0,1.0,1.0,9.551111538095696e-05,
point,revision_dfm_kalman_em,exact,pre_third,T,5,1;2;3;4;5,0.2690250529082073,0.2690653833736375,0.2690742184460535,4.916553784622968e-05,1.0,1.0,1.0,9.463061706674004e-05,
point,revision_dfm_kalman_em,pseudo,pre_advance,A,5,1;2;3;4;5,2.747474236181439,2.747886210475252,2.7481302409375092,0.0006560047560704,1.0,1.0,1.0,9.57421932164726e-05,
point,revision_dfm_kalman_em,pseudo,pre_second,S,5,1;2;3;4;5,0.2351081815963196,0.2354587156139454,0.2355750777393285,0.0004668961430089,1.0,1.0,1.0,9.550787274245146e-05,
point,revision_dfm_kalman_em,pseudo,pre_third,T,5,1;2;3;4;5,0.2690390077778895,0.2690779865033786,0.2690868200160121,4.781223812255764e-05,1.0,1.0,1.0,9.586286353342258e-05,
revision,indicator_revision_only_dfm_kalman_em,exact,pre_advance,,5,1;2;3;4;5,0.2421589698249203,0.2421589698249203,0.2421589698249203,0.0,0.4166666666666667,0.5,0.6666666666666666,0.0001583456740597,DELTA_SA
revision,indicator_revision_only_dfm_kalman_em,exact,pre_second,,5,1;2;3;4;5,0.2681974785489229,0.2681974785489229,0.2681974785489229,0.0,0.3333333333333333,0.5,0.5,0.0002042771412131,DELTA_TS
revision,indicator_revision_only_dfm_kalman_em,exact,pre_third,,5,1;2;3;4;5,0.5869673912010218,0.5869673912010218,0.5869673912010218,0.0,0.5833333333333334,0.5833333333333334,0.6666666666666666,9.921030111502684e-05,DELTA_MT
revision,indicator_revision_only_dfm_kalman_em,pseudo,pre_advance,,5,1;2;3;4;5,0.2421589698249203,0.2421589698249203,0.2421589698249203,0.0,0.5,0.5833333333333334,0.6666666666666666,0.0001177182657105,DELTA_SA
revision,indicator_revision_only_dfm_kalman_em,pseudo,pre_second,,5,1;2;3;4;5,0.2681974785489229,0.2681974785489229,0.2681974785489229,0.0,0.3333333333333333,0.5,0.5,0.0001994768211107,DELTA_TS
revision,indicator_revision_only_dfm_kalman_em,pseudo,pre_third,,5,1;2;3;4;5,0.5869673912010218,0.5869673912010218,0.5869673912010218,0.0,0.5,0.5833333333333334,0.6666666666666666,0.0001424350126293,DELTA_MT
revision,joint_indicator_revision_dfm_full_kalman_em,exact,pre_advance,,5,1;2;3;4;5,0.3980000050289998,0.3989607981597082,0.4023921503485682,0.0043921453195683,0.5833333333333334,0.6666666666666666,0.6666666666666666,9.74657671995586e-05,DELTA_SA
revision,joint_indicator_revision_dfm_full_kalman_em,exact,pre_second,,5,1;2;3;4;5,0.2706201690697105,0.270729537393367,0.2708388208716252,0.0002186518019147,0.5,0.5833333333333334,0.5833333333333334,0.0001247792734758,DELTA_TS
revision,joint_indicator_revision_dfm_full_kalman_em,exact,pre_third,,5,1;2;3;4;5,0.5878615851900114,0.5879255533656628,0.5880876048163238,0.0002260196263124,0.6666666666666666,0.75,0.75,9.723998083024325e-05,DELTA_MT
revision,joint_indicator_revision_dfm_full_kalman_em,pseudo,pre_advance,,5,1;2;3;4;5,0.4014675822359897,0.4017573279390506,0.4034224417329829,0.0019548594969932,0.5833333333333334,0.6666666666666666,0.6666666666666666,9.742301446044752e-05,DELTA_SA
revision,joint_indicator_revision_dfm_full_kalman_em,pseudo,pre_second,,5,1;2;3;4;5,0.270676065671205,0.270788457706541,0.2708923135594638,0.0002162478882588,0.5,0.5833333333333334,0.5833333333333334,0.0001217806786841,DELTA_TS
revision,joint_indicator_revision_dfm_full_kalman_em,pseudo,pre_third,,5,1;2;3;4;5,0.5876892709693736,0.5878459620358883,0.5880698104368267,0.000380539467453,0.6666666666666666,0.6666666666666666,0.75,9.818040654472346e-05,DELTA_MT
revision,monthly_mixed_frequency_kalman_em,exact,pre_advance,,5,1;2;3;4;5,0.2385584738595018,0.2385584738595018,0.2385584738595018,0.0,1.0,1.0,1.0,9.448204234813744e-05,DELTA_SA
revision,monthly_mixed_frequency_kalman_em,exact,pre_second,,5,1;2;3;4;5,0.2587022962584349,0.2587022962584349,0.2587022962584349,0.0,1.0,1.0,1.0,9.344417099474332e-05,DELTA_TS
revision,monthly_mixed_frequency_kalman_em,exact,pre_third,,5,1;2;3;4;5,0.5785632400630882,0.5785632400630882,0.5785632400630882,0.0,1.0,1.0,1.0,9.384653832010424e-05,DELTA_MT
revision,monthly_mixed_frequency_kalman_em,pseudo,pre_advance,,5,1;2;3;4;5,0.2387452345121499,0.2387452345121499,0.2387452345121499,0.0,1.0,1.0,1.0,9.464055731008136e-05,DELTA_SA
revision,monthly_mixed_frequency_kalman_em,pseudo,pre_second,,5,1;2;3;4;5,0.2587148110256348,0.2587148110256348,0.2587148110256348,0.0,1.0,1.0,1.0,9.333545536690683e-05,DELTA_TS
revision,monthly_mixed_frequency_kalman_em,pseudo,pre_third,,5,1;2;3;4;5,0.5784598744747702,0.5784598744747702,0.5784598744747702,0.0,1.0,1.0,1.0,9.22090328105168e-05,DELTA_MT
revision,revision_dfm_kalman_em,exact,pre_advance,,5,1;2;3;4;5,0.2182118433100873,0.2182657476621955,0.2184808435745888,0.0002690002645014,1.0,1.0,1.0,9.575409124456048e-05,DELTA_SA
revision,revision_dfm_kalman_em,exact,pre_second,,5,1;2;3;4;5,0.2673793564547344,0.2673896754164933,0.2673980046141422,1.8648159407830267e-05,1.0,1.0,1.0,9.551111538095696e-05,DELTA_TS
revision,revision_dfm_kalman_em,exact,pre_third,,5,1;2;3;4;5,0.5874011136066417,0.5874065003018691,0.587422738923488,2.1625316846241027e-05,1.0,1.0,1.0,9.463061706674004e-05,DELTA_MT
revision,revision_dfm_kalman_em,pseudo,pre_advance,,5,1;2;3;4;5,0.2183276910674484,0.2183843918924282,0.2185988477317683,0.0002711566643198,1.0,1.0,1.0,9.57421932164726e-05,DELTA_SA
revision,revision_dfm_kalman_em,pseudo,pre_second,,5,1;2;3;4;5,0.26741161566217,0.26742203501864,0.2674300543826385,1.843872046852768e-05,1.0,1.0,1.0,9.550787274245146e-05,DELTA_TS
revision,revision_dfm_kalman_em,pseudo,pre_third,,5,1;2;3;4;5,0.5873921348455695,0.5873974529884395,0.5874136389262535,2.1504080684020543e-05,1.0,1.0,1.0,9.586286353342258e-05,DELTA_MT
