table,model_id,timing_mode,checkpoint_id,outcome_id,n_forecasts,convergence_rate,mean_iterations,mean_llf_relative_last_improvement,median_llf_relative_last_improvement,max_llf_relative_last_improvement,RMSE,MAE,bias
point,ar,exact,pre_advance,A,80,1.0,0.0,,,,7.136876466075766,2.4019986787197354,-0.0348836821925187
point,bridge,exact,pre_advance,A,80,1.0,0.0,,,,4.873697083215683,2.0735239008375914,-0.08665986755251
point,indicator_revision_only_dfm_kalman_em,exact,pre_advance,A,80,0.95,32.45,9.70977716358992e-05,9.43196730276014e-05,0.0004122915060068,3.8416166333105983,2.238950409743467,0.253174119004477
point,joint_indicator_revision_dfm_full_kalman_em,exact,pre_advance,A,80,0.9,33.6,0.0001023809998705,9.485565009999644e-05,0.0004235655851736,3.775440616315035,2.0991225794658694,0.0819452225122558
point,midas_umidas,exact,pre_advance,A,80,1.0,0.0,,,,13.366462459510316,8.137926816907179,-1.4902070873138529
point,monthly_mixed_frequency_kalman_em,exact,pre_advance,A,80,0.65,37.7375,0.0001744936504723,9.831316216273e-05,0.0015673077009093,4.6544123991086295,2.212578793443256,0.3025677409268119
point,no_revision,exact,pre_advance,A,80,1.0,0.0,,,,7.26944298718703,2.553570419453158,-0.1943847229089564
point,release_dfm,exact,pre_advance,A,80,1.0,0.0,,,,3.0658631497628757,1.6259560683385963,0.5613778136832768
point,revision_dfm_kalman_em,exact,pre_advance,A,80,1.0,26.825,9.448498924111892e-05,9.434983379003136e-05,9.982012002949762e-05,3.5252125705474655,1.8702669827357552,0.1344448121229342
point,spf,exact,pre_advance,A,80,1.0,0.0,,,,2.2249600782092696,1.33806625,0.0324862499999999
point,standard_dfm,exact,pre_advance,A,80,1.0,0.0,,,,3.0658631497628757,1.6259560683385963,0.5613778136832768
point,ar,exact,pre_second,S,79,1.0,0.0,,,,6.942115480721942,2.4901407735357477,0.042512275116617
point,bridge,exact,pre_second,S,79,1.0,0.0,,,,4.54265384858136,2.0823601603453783,-0.0567565170461702
point,indicator_revision_only_dfm_kalman_em,exact,pre_second,S,79,0.9493670886075948,32.87341772151899,0.0002356604290426,9.463095058050567e-05,0.0110439463298095,0.598386070005223,0.447182759094042,-0.0118584152296555
point,joint_indicator_revision_dfm_full_kalman_em,exact,pre_second,S,79,0.9113924050632912,34.34177215189873,0.0002442222830771,9.51901609943364e-05,0.0108853089930797,0.6432477414262302,0.4738692240201316,0.0665747629215035
point,midas_umidas,exact,pre_second,S,79,1.0,0.0,,,,4.770330173181986,2.073561429579366,0.4285683883104983
point,monthly_mixed_frequency_kalman_em,exact,pre_second,S,79,0.6455696202531646,37.44303797468354,0.0001590762713269,9.84710845507469e-05,0.0011106222178344,0.6128118351610875,0.4076849298826795,0.0229171583314536
point,no_revision,exact,pre_second,S,79,1.0,0.0,,,,0.5696627235545563,0.3997025316455696,-0.0657987341772151
point,release_dfm,exact,pre_second,S,79,1.0,0.0,,,,0.6907381923525489,0.4420605262914328,-0.0075048396001814
point,revision_dfm_kalman_em,exact,pre_second,S,79,1.0,27.26582278481013,9.390884020040644e-05,9.408940900462884e-05,9.998581247246948e-05,0.6659583154417236,0.4514179909360922,0.0654067184507511
point,spf,exact,pre_second,S,79,1.0,0.0,,,,2.3374416593545337,1.447506329113924,-0.033232911392405
point,standard_dfm,exact,pre_second,S,79,1.0,0.0,,,,2.9233852978395793,1.6559888022137654,0.6257983634253164
point,ar,exact,pre_third,T,80,1.0,0.0,,,,6.853900266254954,2.504536216607909,0.0681353139193999
point,bridge,exact,pre_third,T,80,1.0,0.0,,,,4.4019297631577015,2.034724902716331,-0.0398637238758494
point,indicator_revision_only_dfm_kalman_em,exact,pre_third,T,80,0.95,32.5875,9.52688247453176e-05,9.587494838861146e-05,0.0002182185758197,0.3718824724146734,0.2428198506158206,-0.0488581044499042
point,joint_indicator_revision_dfm_full_kalman_em,exact,pre_third,T,80,0.9375,33.825,0.0001100515365259,9.59068363852962e-05,0.0004723705811758,0.3724990872233364,0.2464043801055346,-0.0390631511983142
point,midas_umidas,exact,pre_third,T,80,1.0,0.0,,,,6.1904905088081,2.464334501422958,0.360042216092577
point,monthly_mixed_frequency_kalman_em,exact,pre_third,T,80,0.7125,35.9375,0.0001631178779425,9.7696785848026e-05,0.0013068017884156,0.372502077367965,0.2503508469034244,0.0016071985337746
point,no_revision,exact,pre_third,T,80,1.0,0.0,,,,0.3621867125530698,0.2402725,-0.0484925
point,release_dfm,exact,pre_third,T,80,1.0,0.0,,,,0.4446166872002175,0.2866196694384428,-0.0044366886745788
point,revision_dfm_kalman_em,exact,pre_third,T,80,1.0,26.3625,9.45382633574773e-05,9.44640821340609e-05,9.989389482669028e-05,0.3729000050180945,0.2455017465486929,-0.039126408240179
point,spf,exact,pre_third,T,80,1.0,0.0,,,,2.380187605841187,1.481165,-0.0809825000000001
point,standard_dfm,exact,pre_third,T,80,1.0,0.0,,,,2.9071466913431796,1.6952067512158628,0.626428932902157
point,ar,pseudo,pre_advance,A,80,1.0,0.0,,,,7.136876466075766,2.4019986787197354,-0.0348836821925187
point,bridge,pseudo,pre_advance,A,80,1.0,0.0,,,,4.853299396730429,2.061680360176223,-0.0626212282907241
point,indicator_revision_only_dfm_kalman_em,pseudo,pre_advance,A,80,0.9375,32.825,0.00010054993464,9.444282258155108e-05,0.0004421745063549,3.841304072277881,2.2323885882666716,0.2700563671916122
point,joint_indicator_revision_dfm_full_kalman_em,pseudo,pre_advance,A,80,0.9,33.7,0.0001006971337545,9.506734329809296e-05,0.0003896844603091,3.77452347144708,2.0966154783887787,0.0860438283021644
point,midas_umidas,pseudo,pre_advance,A,80,1.0,0.0,,,,13.55397343598597,8.229496807262095,-1.5805326543914464
point,monthly_mixed_frequency_kalman_em,pseudo,pre_advance,A,80,0.65,37.75,0.0001743744104393,9.79955382461668e-05,0.0015673077009093,4.654693038502521,2.2188069608347507,0.3073571793229891
point,no_revision,pseudo,pre_advance,A,80,1.0,0.0,,,,7.26944298718703,2.553570419453158,-0.1943847229089564
point,release_dfm,pseudo,pre_advance,A,80,1.0,0.0,,,,3.051686880620195,1.617840274844697,0.5850074419094152
point,revision_dfm_kalman_em,pseudo,pre_advance,A,80,1.0,26.8375,9.416178523427097e-05,9.415952319202064e-05,9.98343095390544e-05,3.5125104595245618,1.859973728722108,0.1395302905794648
point,spf,pseudo,pre_advance,A,80,1.0,0.0,,,,2.2249600782092696,1.33806625,0.0324862499999999
point,standard_dfm,pseudo,pre_advance,A,80,1.0,0.0,,,,3.051686880620195,1.617840274844697,0.5850074419094152
point,ar,pseudo,pre_second,S,79,1.0,0.0,,,,6.942115480721942,2.4901407735357477,0.042512275116617
point,bridge,pseudo,pre_second,S,79,1.0,0.0,,,,4.542167880186523,2.0691295163901073,-0.0561920369722996
point,indicator_revision_only_dfm_kalman_em,pseudo,pre_second,S,79,0.9367088607594936,32.74683544303797,0.0002382665650825,9.498034645865098e-05,0.0110439463298095,0.598166283039028,0.4465010569210475,-0.0125217081440584
point,joint_indicator_revision_dfm_full_kalman_em,pseudo,pre_second,S,79,0.9113924050632912,34.177215189873415,0.0002446924189093,9.480547545323024e-05,0.0108853089930797,0.642593916911883,0.4722615283408814,0.0660898189447181
point,midas_umidas,pseudo,pre_second,S,79,1.0,0.0,,,,4.762771639416986,2.056091631828908,0.3916317728814475
point,monthly_mixed_frequency_kalman_em,pseudo,pre_second,S,79,0.6455696202531646,37.43037974683544,0.0001590882370159,9.871873220776869e-05,0.0011106222178344,0.6126367993462436,0.4070970394893049,0.0222884348732643
point,no_revision,pseudo,pre_second,S,79,1.0,0.0,,,,0.5696627235545563,0.3997025316455696,-0.0657987341772151
point,release_dfm,pseudo,pre_second,S,79,1.0,0.0,,,,0.6904136306729566,0.4416792069701228,-0.0079340789482546
point,revision_dfm_kalman_em,pseudo,pre_second,S,79,1.0,27.26582278481013,9.391580094055414e-05,9.408940900462884e-05,9.999439979338704e-05,0.6657717731417554,0.4509563102402286,0.064951600594206
point,spf,pseudo,pre_second,S,79,1.0,0.0,,,,2.3374416593545337,1.447506329113924,-0.033232911392405
point,standard_dfm,pseudo,pre_second,S,79,1.0,0.0,,,,2.91628596847266,1.6502216253940645,0.629068819194277
point,ar,pseudo,pre_third,T,80,1.0,0.0,,,,6.853900266254954,2.504536216607909,0.0681353139193999
point,bridge,pseudo,pre_third,T,80,1.0,0.0,,,,4.398694165093339,2.023836204423721,-0.0372443919640486
point,indicator_revision_only_dfm_kalman_em,pseudo,pre_third,T,80,0.95,32.5625,9.583977174690468e-05,9.622221707949614e-05,0.0002175766108315,0.3718427536851148,0.2427890665200971,-0.0488638744913561
point,joint_indicator_revision_dfm_full_kalman_em,pseudo,pre_third,T,80,0.925,34.1125,0.0001147461560907,9.608737999119242e-05,0.000527774781902,0.3724831574718673,0.2463537770433937,-0.0390834008107091
point,midas_umidas,pseudo,pre_third,T,80,1.0,0.0,,,,6.186914482958165,2.466880937795325,0.3828185062853511
point,monthly_mixed_frequency_kalman_em,pseudo,pre_third,T,80,0.7125,35.95,0.0001667100001246,9.779997855173398e-05,0.0013068017884156,0.3717814793333491,0.2502165572110366,0.0005580760610531
point,no_revision,pseudo,pre_third,T,80,1.0,0.0,,,,0.3621867125530698,0.2402725,-0.0484925
point,release_dfm,pseudo,pre_third,T,80,1.0,0.0,,,,0.4446354112046444,0.2866479518602379,-0.004369775270577
point,revision_dfm_kalman_em,pseudo,pre_third,T,80,1.0,26.3875,9.460019252022824e-05,9.471042479028551e-05,9.98950942959392e-05,0.3728179956775779,0.2454363262519561,-0.0391640398537285
point,spf,pseudo,pre_third,T,80,1.0,0.0,,,,2.380187605841187,1.481165,-0.0809825000000001
point,standard_dfm,pseudo,pre_third,T,80,1.0,0.0,,,,2.906128566370332,1.6923315853777292,0.6300497207873997
revision,ar,exact,pre_advance,DELTA_SA,79,1.0,0.0,,,,0.6781421206748107,0.4682494597319136,0.0830363873945812
revision,bridge,exact,pre_advance,DELTA_SA,79,1.0,0.0,,,,0.7182954588874345,0.4981139843812445,-8.351340754924108e-05
revision,indicator_revision_only_dfm_kalman_em,exact,pre_advance,DELTA_SA,79,0.9493670886075948,32.50632911392405,9.713237206041914e-05,9.429941528176775e-05,0.0004122915060068,0.5696627235545563,0.3997025316455696,-0.0657987341772151
revision,joint_indicator_revision_dfm_full_kalman_em,exact,pre_advance,DELTA_SA,79,0.8987341772151899,33.65822784810127,0.0001024468176864,9.482036613806146e-05,0.0004235655851736,0.6236233539348183,0.4572198336119382,0.0694955047117291
revision,midas_umidas,exact,pre_advance,DELTA_SA,79,1.0,0.0,,,,13.866667467379608,7.93109405552623,0.9838526443098988
revision,monthly_mixed_frequency_kalman_em,exact,pre_advance,DELTA_SA,79,0.6582278481012658,37.58227848101266,0.0001740075949951,9.828163467191676e-05,0.0015673077009093,0.5719657257309501,0.4128354745469172,0.0409460929521882
revision,no_revision,exact,pre_advance,DELTA_SA,79,1.0,0.0,,,,0.5696627235545563,0.3997025316455696,-0.0657987341772151
revision,release_dfm,exact,pre_advance,DELTA_SA,79,1.0,0.0,,,,0.6416466896223114,0.4275288832410043,-0.0083203786523863
revision,revision_dfm_kalman_em,exact,pre_advance,DELTA_SA,79,1.0,26.860759493670887,9.443263938816582e-05,9.430343243576216e-05,9.982012002949762e-05,0.6347405571429302,0.4447216166728422,0.0828910747313286
revision,spf,exact,pre_advance,DELTA_SA,79,1.0,0.0,,,,0.5696627235545563,0.3997025316455696,-0.0657987341772151
revision,standard_dfm,exact,pre_advance,DELTA_SA,79,1.0,0.0,,,,0.6416466896223114,0.4275288832410043,-0.0083203786523863
revision,ar,exact,pre_second,DELTA_TS,79,1.0,0.0,,,,0.4079162001920096,0.2599709855671533,0.0163794608735074
revision,bridge,exact,pre_second,DELTA_TS,79,1.0,0.0,,,,0.4916791866250372,0.359095735161813,0.0192672978696153
revision,indicator_revision_only_dfm_kalman_em,exact,pre_second,DELTA_TS,79,0.9493670886075948,32.87341772151899,0.0002356604290426,9.463095058050567e-05,0.0110439463298095,0.3613823734957444,0.237986075949367,-0.0544341772151898
revision,joint_indicator_revision_dfm_full_kalman_em,exact,pre_second,DELTA_TS,79,0.9113924050632912,34.34177215189873,0.0002442222830771,9.51901609943364e-05,0.0108853089930797,0.3618832939549786,0.2387109949475321,-0.0506940603850112
revision,midas_umidas,exact,pre_second,DELTA_TS,79,1.0,0.0,,,,3.124113019494642,1.247401789736979,0.0017971423329228
revision,monthly_mixed_frequency_kalman_em,exact,pre_second,DELTA_TS,79,0.6455696202531646,37.44303797468354,0.0001590762713269,9.84710845507469e-05,0.0011106222178344,0.382813001011993,0.2546181921353971,0.0003753381056545
revision,no_revision,exact,pre_second,DELTA_TS,79,1.0,0.0,,,,0.3613823734957444,0.237986075949367,-0.0544341772151898
revision,release_dfm,exact,pre_second,DELTA_TS,79,1.0,0.0,,,,0.3637919631069554,0.2423442573273786,-0.0208241387175781
revision,revision_dfm_kalman_em,exact,pre_second,DELTA_TS,79,1.0,27.26582278481013,9.390884020040644e-05,9.408940900462884e-05,9.998581247246948e-05,0.3613932794609585,0.2381116207442472,-0.0504947948676357
revision,spf,exact,pre_second,DELTA_TS,79,1.0,0.0,,,,0.3613823734957444,0.237986075949367,-0.0544341772151898
revision,standard_dfm,exact,pre_second,DELTA_TS,79,1.0,0.0,,,,0.3671373475049814,0.2465035300103428,0.0022413024488946
revision,ar,exact,pre_third,DELTA_MT,74,1.0,0.0,,,,4.1199370254208425,2.2285798763818927,0.3790930996183577
revision,bridge,exact,pre_third,DELTA_MT,74,1.0,0.0,,,,2.1891168115822732,1.6330903673052055,-0.3744978911747242
revision,indicator_revision_only_dfm_kalman_em,exact,pre_third,DELTA_MT,74,0.945945945945946,32.013513513513516,9.521391666834394e-05,9.578818830289876e-05,0.0002182185758197,1.4105603614137991,1.080717543507795,0.3885897858899106
revision,joint_indicator_revision_dfm_full_kalman_em,exact,pre_third,DELTA_MT,74,0.945945945945946,32.91891891891892,0.0001066251867027,9.607416836495258e-05,0.0003763473388011,1.4141269283688542,1.0839246292376212,0.3902768713247669
revision,midas_umidas,exact,pre_third,DELTA_MT,74,1.0,0.0,,,,15.708347986543536,7.507472351353945,3.3469996129599817
revision,monthly_mixed_frequency_kalman_em,exact,pre_third,DELTA_MT,74,0.6891891891891891,36.391891891891895,0.0001687802201345,9.80892433283296e-05,0.0013068017884156,1.4617720201962507,1.1301293376482255,0.4296034601053889
revision,no_revision,exact,pre_third,DELTA_MT,74,1.0,0.0,,,,1.4105603614137991,1.080717543507795,0.3885897858899106
revision,release_dfm,exact,pre_third,DELTA_MT,74,1.0,0.0,,,,1.512994872554554,1.1687185166518772,0.710677465093502
revision,revision_dfm_kalman_em,exact,pre_third,DELTA_MT,74,1.0,26.635135135135137,9.459783257677406e-05,9.492809578864198e-05,9.989389482669028e-05,1.4134819278027884,1.0835903960885922,0.3903318865116199
revision,spf,exact,pre_third,DELTA_MT,74,1.0,0.0,,,,1.4105603614137991,1.080717543507795,0.3885897858899106
revision,standard_dfm,exact,pre_third,DELTA_MT,74,1.0,0.0,,,,1.4518056157388035,1.1487928839439054,0.4547863978505106
revision,ar,pseudo,pre_advance,DELTA_SA,79,1.0,0.0,,,,0.6781421206748107,0.4682494597319136,0.0830363873945812
revision,bridge,pseudo,pre_advance,DELTA_SA,79,1.0,0.0,,,,0.7221269467369036,0.4993623149432482,0.0016771364521283
revision,indicator_revision_only_dfm_kalman_em,pseudo,pre_advance,DELTA_SA,79,0.9367088607594936,32.936708860759495,0.000100570674504,9.435939669143453e-05,0.0004421745063549,0.5696627235545563,0.3997025316455696,-0.0657987341772151
revision,joint_indicator_revision_dfm_full_kalman_em,pseudo,pre_advance,DELTA_SA,79,0.8987341772151899,33.79746835443038,0.0001007268538101,9.505186104451432e-05,0.0003896844603091,0.6249329337832836,0.4582749038955043,0.070771509370626
revision,midas_umidas,pseudo,pre_advance,DELTA_SA,79,1.0,0.0,,,,13.497152970832795,7.690336465637355,1.185262584138088
revision,monthly_mixed_frequency_kalman_em,pseudo,pre_advance,DELTA_SA,79,0.6582278481012658,37.59493670886076,0.0001740344966992,9.777911540507676e-05,0.0015673077009093,0.5716055503656958,0.4121796701411473,0.0410590199230171
revision,no_revision,pseudo,pre_advance,DELTA_SA,79,1.0,0.0,,,,0.5696627235545563,0.3997025316455696,-0.0657987341772151
revision,release_dfm,pseudo,pre_advance,DELTA_SA,79,1.0,0.0,,,,0.6405783165541686,0.4269407485848618,-0.0075914967985467
revision,revision_dfm_kalman_em,pseudo,pre_advance,DELTA_SA,79,1.0,26.873417721518987,9.421408799476043e-05,9.417924798367156e-05,9.98343095390544e-05,0.634188068718274,0.4443259391615308,0.0830922948887763
revision,spf,pseudo,pre_advance,DELTA_SA,79,1.0,0.0,,,,0.5696627235545563,0.3997025316455696,-0.0657987341772151
revision,standard_dfm,pseudo,pre_advance,DELTA_SA,79,1.0,0.0,,,,0.6405783165541686,0.4269407485848618,-0.0075914967985467
revision,ar,pseudo,pre_second,DELTA_TS,79,1.0,0.0,,,,0.4079162001920096,0.2599709855671533,0.0163794608735074
revision,bridge,pseudo,pre_second,DELTA_TS,79,1.0,0.0,,,,0.4923442142946105,0.3585367459985778,0.0191735729055232
revision,indicator_revision_only_dfm_kalman_em,pseudo,pre_second,DELTA_TS,79,0.9367088607594936,32.74683544303797,0.0002382665650825,9.498034645865098e-05,0.0110439463298095,0.3613823734957444,0.237986075949367,-0.0544341772151898
revision,joint_indicator_revision_dfm_full_kalman_em,pseudo,pre_second,DELTA_TS,79,0.9113924050632912,34.177215189873415,0.0002446924189093,9.480547545323024e-05,0.0108853089930797,0.3617919021887367,0.2386541738169707,-0.0507006768576277
revision,midas_umidas,pseudo,pre_second,DELTA_TS,79,1.0,0.0,,,,3.1241983182834105,1.2521986485220304,-0.007509226910357
revision,monthly_mixed_frequency_kalman_em,pseudo,pre_second,DELTA_TS,79,0.6455696202531646,37.43037974683544,0.0001590882370159,9.871873220776869e-05,0.0011106222178344,0.3820495896736143,0.2538100409205321,-0.0002878125793294
revision,no_revision,pseudo,pre_second,DELTA_TS,79,1.0,0.0,,,,0.3613823734957444,0.237986075949367,-0.0544341772151898
revision,release_dfm,pseudo,pre_second,DELTA_TS,79,1.0,0.0,,,,0.3638289418724508,0.2423897292309118,-0.0208150179026292
revision,revision_dfm_kalman_em,pseudo,pre_second,DELTA_TS,79,1.0,27.26582278481013,9.391580094055414e-05,9.408940900462884e-05,9.999439979338704e-05,0.3613907843737836,0.2380828564067442,-0.0505229537885088
revision,spf,pseudo,pre_second,DELTA_TS,79,1.0,0.0,,,,0.3613823734957444,0.237986075949367,-0.0544341772151898
revision,standard_dfm,pseudo,pre_second,DELTA_TS,79,1.0,0.0,,,,0.3671091037446861,0.246532087289017,0.0022361354685869
revision,ar,pseudo,pre_third,DELTA_MT,74,1.0,0.0,,,,4.1199370254208425,2.2285798763818927,0.3790930996183577
revision,bridge,pseudo,pre_third,DELTA_MT,74,1.0,0.0,,,,2.1879195194422723,1.6301505622494497,-0.3719616318266269
revision,indicator_revision_only_dfm_kalman_em,pseudo,pre_third,DELTA_MT,74,0.945945945945946,31.986486486486488,9.59645519846077e-05,9.622221707949614e-05,0.0002175766108315,1.4105603614137991,1.080717543507795,0.3885897858899106
revision,joint_indicator_revision_dfm_full_kalman_em,pseudo,pre_third,DELTA_MT,74,0.9324324324324323,33.24324324324324,0.000111588171214,9.61610920541294e-05,0.000527774781902,1.4141215175905084,1.083890582232204,0.3903140263035399
revision,midas_umidas,pseudo,pre_third,DELTA_MT,74,1.0,0.0,,,,15.736418434135857,7.606328110996229,3.4158323617801942
revision,monthly_mixed_frequency_kalman_em,pseudo,pre_third,DELTA_MT,74,0.6891891891891891,36.41891891891892,0.0001724964495753,9.791183801192014e-05,0.0013068017884156,1.4620650907728066,1.1301563242641974,0.4292017299779287
revision,no_revision,pseudo,pre_third,DELTA_MT,74,1.0,0.0,,,,1.4105603614137991,1.080717543507795,0.3885897858899106
revision,release_dfm,pseudo,pre_third,DELTA_MT,74,1.0,0.0,,,,1.5127305696295352,1.1684025830234814,0.7111842796522347
revision,revision_dfm_kalman_em,pseudo,pre_third,DELTA_MT,74,1.0,26.66216216216216,9.466620506003122e-05,9.509932537389012e-05,9.98950942959392e-05,1.4134813821212011,1.083585433973255,0.3903272789542297
revision,spf,pseudo,pre_third,DELTA_MT,74,1.0,0.0,,,,1.4105603614137991,1.080717543507795,0.3885897858899106
revision,standard_dfm,pseudo,pre_third,DELTA_MT,74,1.0,0.0,,,,1.448074934490979,1.147169430414199,0.4545705394849973
