model_id,timing_mode,checkpoint_id,target_id,n_forecasts,RMSE,MAE,bias,relative_RMSFE,DM_test,sign_accuracy,convergence_rate,mean_iterations,mean_llf_relative_last_improvement,median_llf_relative_last_improvement,max_llf_relative_last_improvement,mean_numerical_guard_event_count,max_numerical_guard_event_count,initialization_seed,source_dir
ar,exact,pre_advance,A,12,1.7654191514099524,1.2051614519067104,0.4652917545569501,1.0,1.0,0.8333333333333334,1.0,0.0,,,,0.0,0.0,1,<PROJECT_ROOT>/outputs/full_state_space_release_revision_dfm/initialization_audit_journal_candidate/seed_1
bridge,exact,pre_advance,A,12,2.7285847959960545,2.0144923652753204,-0.1362445509224777,1.5455733522641746,0.1002827447363173,0.75,1.0,0.0,,,,0.0,0.0,1,<PROJECT_ROOT>/outputs/full_state_space_release_revision_dfm/initialization_audit_journal_candidate/seed_1
indicator_revision_only_dfm_kalman_em,exact,pre_advance,A,12,2.6523655095677605,1.7221859507603483,0.5895773984192013,1.5023998733951924,0.1592461451053754,0.8333333333333334,0.6666666666666666,44.166666666666664,0.0002093920782157,9.341413862628668e-05,0.0005735157193515,0.0,0.0,1,<PROJECT_ROOT>/outputs/full_state_space_release_revision_dfm/initialization_audit_journal_candidate/seed_1
joint_indicator_revision_dfm_full_kalman_em,exact,pre_advance,A,12,2.5597923147401356,1.6832336505211012,0.4488174073561382,1.4499629239298537,0.1182901164983606,0.8333333333333334,0.6666666666666666,44.916666666666664,0.000147244516989,9.74657671995586e-05,0.0004159665138217,0.0,0.0,1,<PROJECT_ROOT>/outputs/full_state_space_release_revision_dfm/initialization_audit_journal_candidate/seed_1
midas_umidas,exact,pre_advance,A,12,3.566509670384565,2.4960294912618424,0.1316475625107676,2.0202056081334403,0.1736020684036617,0.5833333333333334,1.0,0.0,,,,0.0,0.0,1,<PROJECT_ROOT>/outputs/full_state_space_release_revision_dfm/initialization_audit_journal_candidate/seed_1
monthly_mixed_frequency_kalman_em,exact,pre_advance,A,12,2.824731403176868,2.0998132068728386,0.4144363265825692,1.6000344172775602,0.0665795995645039,0.8333333333333334,1.0,28.583333333333332,9.431670360387908e-05,9.448204234813744e-05,9.992598888191642e-05,0.0,0.0,1,<PROJECT_ROOT>/outputs/full_state_space_release_revision_dfm/initialization_audit_journal_candidate/seed_1
no_revision,exact,pre_advance,A,12,1.8557182512354309,1.3020311029988418,0.4314420060076449,1.0511488162759317,0.0628447985576086,0.8333333333333334,1.0,0.0,,,,0.0,0.0,1,<PROJECT_ROOT>/outputs/full_state_space_release_revision_dfm/initialization_audit_journal_candidate/seed_1
release_dfm,exact,pre_advance,A,12,2.9973948916502517,1.8630701304806812,0.613155092474115,1.697837530116506,0.1815780950649336,0.8333333333333334,1.0,0.0,,,,0.0,0.0,1,<PROJECT_ROOT>/outputs/full_state_space_release_revision_dfm/initialization_audit_journal_candidate/seed_1
revision_dfm_kalman_em,exact,pre_advance,A,12,2.7616706411082395,1.944556434371224,0.4213766761171659,1.564314422953116,0.1105485438217834,0.8333333333333334,1.0,27.5,9.58731053498176e-05,9.575409124456048e-05,9.905345009956836e-05,0.0,0.0,1,<PROJECT_ROOT>/outputs/full_state_space_release_revision_dfm/initialization_audit_journal_candidate/seed_1
standard_dfm,exact,pre_advance,A,12,2.9973948916502517,1.8630701304806812,0.613155092474115,1.697837530116506,0.1815780950649336,0.8333333333333334,1.0,0.0,,,,0.0,0.0,1,<PROJECT_ROOT>/outputs/full_state_space_release_revision_dfm/initialization_audit_journal_candidate/seed_1
ar,exact,pre_second,S,12,1.80636785450895,1.2556746654369535,0.5226897566497067,1.0,1.0,0.8333333333333334,1.0,0.0,,,,0.0,0.0,1,<PROJECT_ROOT>/outputs/full_state_space_release_revision_dfm/initialization_audit_journal_candidate/seed_1
bridge,exact,pre_second,S,12,2.6539049413862896,1.767629239547744,-0.1576145639371086,1.469194070721402,0.133347614707617,0.75,1.0,0.0,,,,0.0,0.0,1,<PROJECT_ROOT>/outputs/full_state_space_release_revision_dfm/initialization_audit_journal_candidate/seed_1
indicator_revision_only_dfm_kalman_em,exact,pre_second,S,12,0.3943393634243899,0.2805220561087648,0.0487248013341654,0.2183051267437377,0.050414506701404,1.0,0.5,45.333333333333336,0.0002509434516125,0.0001215394193305,0.0006414258843856,0.0,0.0,1,<PROJECT_ROOT>/outputs/full_state_space_release_revision_dfm/initialization_audit_journal_candidate/seed_1
joint_indicator_revision_dfm_full_kalman_em,exact,pre_second,S,12,0.3659288953700265,0.288444679273143,0.0579562528805751,0.2025771741102545,0.0583533226210458,1.0,0.5833333333333334,46.0,0.000161127931331,9.79789240341984e-05,0.0004548369800336,0.0,0.0,1,<PROJECT_ROOT>/outputs/full_state_space_release_revision_dfm/initialization_audit_journal_candidate/seed_1
midas_umidas,exact,pre_second,S,12,1.1787194890766577,0.8816955370922989,0.2413266915132161,0.6525356870885445,0.33626637228881,1.0,1.0,0.0,,,,0.0,0.0,1,<PROJECT_ROOT>/outputs/full_state_space_release_revision_dfm/initialization_audit_journal_candidate/seed_1
monthly_mixed_frequency_kalman_em,exact,pre_second,S,12,0.2771162923930014,0.2033347749067143,0.0794130753357911,0.1534107749433648,0.0504665786194043,1.0,1.0,28.583333333333332,9.37581198711988e-05,9.344417099474332e-05,9.848143660208904e-05,0.0,0.0,1,<PROJECT_ROOT>/outputs/full_state_space_release_revision_dfm/initialization_audit_journal_candidate/seed_1
no_revision,exact,pre_second,S,12,0.2421589698249203,0.2081999999999999,-0.02885,0.1340585026579482,0.053174252227186,1.0,1.0,0.0,,,,0.0,0.0,1,<PROJECT_ROOT>/outputs/full_state_space_release_revision_dfm/initialization_audit_journal_candidate/seed_1
release_dfm,exact,pre_second,S,12,0.2582426536985984,0.2080968137469737,0.0750628068759998,0.1429623833561852,0.0543555756247143,1.0,1.0,0.0,,,,0.0,0.0,1,<PROJECT_ROOT>/outputs/full_state_space_release_revision_dfm/initialization_audit_journal_candidate/seed_1
revision_dfm_kalman_em,exact,pre_second,S,12,0.2351809680998004,0.1740057345085958,0.0867946669379692,0.1301955011614912,0.0536565404883562,1.0,1.0,27.166666666666668,9.449180269546412e-05,9.3914415832115e-05,9.937386079022953e-05,0.0,0.0,1,<PROJECT_ROOT>/outputs/full_state_space_release_revision_dfm/initialization_audit_journal_candidate/seed_1
standard_dfm,exact,pre_second,S,12,3.092752758762728,1.8027055035476929,0.7445227225211343,1.7121389483558285,0.2253824237925545,0.8333333333333334,1.0,0.0,,,,0.0,0.0,1,<PROJECT_ROOT>/outputs/full_state_space_release_revision_dfm/initialization_audit_journal_candidate/seed_1
ar,exact,pre_third,T,12,1.7787008830053102,1.2297530640953738,0.4850208055197349,1.0,1.0,0.8333333333333334,1.0,0.0,,,,0.0,0.0,1,<PROJECT_ROOT>/outputs/full_state_space_release_revision_dfm/initialization_audit_journal_candidate/seed_1
bridge,exact,pre_third,T,12,2.445114201294465,1.7479392740145376,-0.1986574845853214,1.3746629490413118,0.0668458080856422,0.75,1.0,0.0,,,,0.0,0.0,1,<PROJECT_ROOT>/outputs/full_state_space_release_revision_dfm/initialization_audit_journal_candidate/seed_1
indicator_revision_only_dfm_kalman_em,exact,pre_third,T,12,0.2711317659662994,0.1936606146855171,-0.1073488867514555,0.1524324683013551,0.0747941566633633,1.0,0.5833333333333334,41.833333333333336,0.0002227262921267,9.387371319077431e-05,0.0007131245783815,0.0,0.0,1,<PROJECT_ROOT>/outputs/full_state_space_release_revision_dfm/initialization_audit_journal_candidate/seed_1
joint_indicator_revision_dfm_full_kalman_em,exact,pre_third,T,12,0.2761839094891817,0.1951705002487983,-0.1045518195779796,0.1552728241875827,0.0751449207914342,1.0,0.6666666666666666,42.916666666666664,0.000146175286763,9.723998083024325e-05,0.0004630183439142,0.0,0.0,1,<PROJECT_ROOT>/outputs/full_state_space_release_revision_dfm/initialization_audit_journal_candidate/seed_1
midas_umidas,exact,pre_third,T,12,1.0164641102995218,0.8501675648173764,-0.4166727964651591,0.5714643310808359,0.1813806342977702,1.0,1.0,0.0,,,,0.0,0.0,1,<PROJECT_ROOT>/outputs/full_state_space_release_revision_dfm/initialization_audit_journal_candidate/seed_1
monthly_mixed_frequency_kalman_em,exact,pre_third,T,12,0.2664730985696655,0.1932786379054055,-0.0592985220530102,0.1498133278707491,0.0740840050472764,1.0,1.0,28.416666666666668,9.410643926920017e-05,9.384653832010424e-05,9.999501178685108e-05,0.0,0.0,1,<PROJECT_ROOT>/outputs/full_state_space_release_revision_dfm/initialization_audit_journal_candidate/seed_1
no_revision,exact,pre_third,T,12,0.2681974785489229,0.1863916666666666,-0.1095583333333333,0.1507827882200035,0.0746674458540707,1.0,1.0,0.0,,,,0.0,0.0,1,<PROJECT_ROOT>/outputs/full_state_space_release_revision_dfm/initialization_audit_journal_candidate/seed_1
release_dfm,exact,pre_third,T,12,0.2622054083586539,0.1806978182329605,-0.0338796606811601,0.1474139979711648,0.0740998242527457,1.0,1.0,0.0,,,,0.0,0.0,1,<PROJECT_ROOT>/outputs/full_state_space_release_revision_dfm/initialization_audit_journal_candidate/seed_1
revision_dfm_kalman_em,exact,pre_third,T,12,0.2690742184460535,0.1860792390229079,-0.1015782673166827,0.1512756984701234,0.0747506453927575,1.0,1.0,27.25,9.49665408156504e-05,9.433806559320352e-05,9.913612028647048e-05,0.0,0.0,1,<PROJECT_ROOT>/outputs/full_state_space_release_revision_dfm/initialization_audit_journal_candidate/seed_1
standard_dfm,exact,pre_third,T,12,3.0209640145847705,1.786596432371609,0.6318237465785966,1.6984103642432111,0.2060978216154264,0.8333333333333334,1.0,0.0,,,,0.0,0.0,1,<PROJECT_ROOT>/outputs/full_state_space_release_revision_dfm/initialization_audit_journal_candidate/seed_1
ar,pseudo,pre_advance,A,12,1.7654191514099524,1.2051614519067104,0.4652917545569501,1.0,1.0,0.8333333333333334,1.0,0.0,,,,0.0,0.0,1,<PROJECT_ROOT>/outputs/full_state_space_release_revision_dfm/initialization_audit_journal_candidate/seed_1
bridge,pseudo,pre_advance,A,12,2.719390256560005,1.966868572351848,-0.0577995330326413,1.540365218304199,0.122954268920275,0.75,1.0,0.0,,,,0.0,0.0,1,<PROJECT_ROOT>/outputs/full_state_space_release_revision_dfm/initialization_audit_journal_candidate/seed_1
indicator_revision_only_dfm_kalman_em,pseudo,pre_advance,A,12,2.638709160216976,1.7044245462694578,0.6138919405229561,1.494664401997435,0.1682829490109322,0.8333333333333334,0.6666666666666666,43.75,0.0002010781069953,9.2976131651132e-05,0.0005319765689303,0.0,0.0,1,<PROJECT_ROOT>/outputs/full_state_space_release_revision_dfm/initialization_audit_journal_candidate/seed_1
joint_indicator_revision_dfm_full_kalman_em,pseudo,pre_advance,A,12,2.5468281735394256,1.6684551238511618,0.4712765864096366,1.4426195453387942,0.1265637107377565,0.8333333333333334,0.5833333333333334,45.25,0.0001511762459271,9.742301446044752e-05,0.000381809209707,0.0,0.0,1,<PROJECT_ROOT>/outputs/full_state_space_release_revision_dfm/initialization_audit_journal_candidate/seed_1
midas_umidas,pseudo,pre_advance,A,12,3.5290158748869644,2.4992822026164765,0.1420709389765957,1.9989677080757369,0.1782030330526486,0.5833333333333334,1.0,0.0,,,,0.0,0.0,1,<PROJECT_ROOT>/outputs/full_state_space_release_revision_dfm/initialization_audit_journal_candidate/seed_1
monthly_mixed_frequency_kalman_em,pseudo,pre_advance,A,12,2.8249467629985174,2.0994941056065444,0.4147483443113026,1.600156405204041,0.0668679102444797,0.8333333333333334,1.0,28.583333333333332,9.438332366821336e-05,9.464055731008136e-05,9.994961427105884e-05,0.0,0.0,1,<PROJECT_ROOT>/outputs/full_state_space_release_revision_dfm/initialization_audit_journal_candidate/seed_1
no_revision,pseudo,pre_advance,A,12,1.8557182512354309,1.3020311029988418,0.4314420060076449,1.0511488162759317,0.0628447985576086,0.8333333333333334,1.0,0.0,,,,0.0,0.0,1,<PROJECT_ROOT>/outputs/full_state_space_release_revision_dfm/initialization_audit_journal_candidate/seed_1
release_dfm,pseudo,pre_advance,A,12,2.991440691775283,1.8296848304237816,0.6805930626328327,1.6944648467114274,0.1954330717777631,0.8333333333333334,1.0,0.0,,,,0.0,0.0,1,<PROJECT_ROOT>/outputs/full_state_space_release_revision_dfm/initialization_audit_journal_candidate/seed_1
revision_dfm_kalman_em,pseudo,pre_advance,A,12,2.747567260303323,1.9176605054376303,0.4438239071138416,1.556325736077451,0.1201925945252329,0.8333333333333334,1.0,27.5,9.603728655897815e-05,9.57421932164726e-05,9.969356604020843e-05,0.0,0.0,1,<PROJECT_ROOT>/outputs/full_state_space_release_revision_dfm/initialization_audit_journal_candidate/seed_1
standard_dfm,pseudo,pre_advance,A,12,2.991440691775283,1.8296848304237816,0.6805930626328327,1.6944648467114274,0.1954330717777631,0.8333333333333334,1.0,0.0,,,,0.0,0.0,1,<PROJECT_ROOT>/outputs/full_state_space_release_revision_dfm/initialization_audit_journal_candidate/seed_1
ar,pseudo,pre_second,S,12,1.80636785450895,1.2556746654369535,0.5226897566497067,1.0,1.0,0.8333333333333334,1.0,0.0,,,,0.0,0.0,1,<PROJECT_ROOT>/outputs/full_state_space_release_revision_dfm/initialization_audit_journal_candidate/seed_1
bridge,pseudo,pre_second,S,12,2.641525824642671,1.7711097679699084,-0.1769376545310969,1.4623410276312483,0.1416543684394836,0.75,1.0,0.0,,,,0.0,0.0,1,<PROJECT_ROOT>/outputs/full_state_space_release_revision_dfm/initialization_audit_journal_candidate/seed_1
indicator_revision_only_dfm_kalman_em,pseudo,pre_second,S,12,0.394294351275434,0.2802321081660281,0.0486476781495076,0.2182802081487552,0.050409906930563,1.0,0.5,45.166666666666664,0.0002528808549386,0.0001297668592514,0.0006562213298782,0.0,0.0,1,<PROJECT_ROOT>/outputs/full_state_space_release_revision_dfm/initialization_audit_journal_candidate/seed_1
joint_indicator_revision_dfm_full_kalman_em,pseudo,pre_second,S,12,0.3667138315906878,0.2890879263678651,0.0574910443718094,0.2030117125231819,0.058408936443446,1.0,0.5833333333333334,46.0,0.0001624130039132,9.731452836258271e-05,0.0004606150307707,0.0,0.0,1,<PROJECT_ROOT>/outputs/full_state_space_release_revision_dfm/initialization_audit_journal_candidate/seed_1
midas_umidas,pseudo,pre_second,S,12,1.185701136523129,0.8855483407343961,0.2472677567448747,0.6564007068457572,0.3426148555537207,1.0,1.0,0.0,,,,0.0,0.0,1,<PROJECT_ROOT>/outputs/full_state_space_release_revision_dfm/initialization_audit_journal_candidate/seed_1
monthly_mixed_frequency_kalman_em,pseudo,pre_second,S,12,0.2770909189118266,0.2033370985618741,0.0794047051368718,0.1533967282578509,0.050465633790433,1.0,1.0,28.583333333333332,9.372632370715984e-05,9.333545536690683e-05,9.827650753848644e-05,0.0,0.0,1,<PROJECT_ROOT>/outputs/full_state_space_release_revision_dfm/initialization_audit_journal_candidate/seed_1
no_revision,pseudo,pre_second,S,12,0.2421589698249203,0.2081999999999999,-0.02885,0.1340585026579482,0.053174252227186,1.0,1.0,0.0,,,,0.0,0.0,1,<PROJECT_ROOT>/outputs/full_state_space_release_revision_dfm/initialization_audit_journal_candidate/seed_1
release_dfm,pseudo,pre_second,S,12,0.2582642308257391,0.2081058876889723,0.0751286071708888,0.1429743283911275,0.0543568266290083,1.0,1.0,0.0,,,,0.0,0.0,1,<PROJECT_ROOT>/outputs/full_state_space_release_revision_dfm/initialization_audit_journal_candidate/seed_1
revision_dfm_kalman_em,pseudo,pre_second,S,12,0.2354587156139454,0.1743003522854023,0.0864743485364976,0.1303492613789639,0.0536765074649406,1.0,1.0,27.166666666666668,9.449506226427052e-05,9.388915538076176e-05,9.938627659082833e-05,0.0,0.0,1,<PROJECT_ROOT>/outputs/full_state_space_release_revision_dfm/initialization_audit_journal_candidate/seed_1
standard_dfm,pseudo,pre_second,S,12,3.090338191796919,1.7966787803152664,0.7390833352803426,1.7108022510935397,0.2284117924931744,0.8333333333333334,1.0,0.0,,,,0.0,0.0,1,<PROJECT_ROOT>/outputs/full_state_space_release_revision_dfm/initialization_audit_journal_candidate/seed_1
ar,pseudo,pre_third,T,12,1.7787008830053102,1.2297530640953738,0.4850208055197349,1.0,1.0,0.8333333333333334,1.0,0.0,,,,0.0,0.0,1,<PROJECT_ROOT>/outputs/full_state_space_release_revision_dfm/initialization_audit_journal_candidate/seed_1
bridge,pseudo,pre_third,T,12,2.4060543580403753,1.6816339326170198,-0.1948123079359753,1.3527031897432258,0.0874306539525077,0.75,1.0,0.0,,,,0.0,0.0,1,<PROJECT_ROOT>/outputs/full_state_space_release_revision_dfm/initialization_audit_journal_candidate/seed_1
indicator_revision_only_dfm_kalman_em,pseudo,pre_third,T,12,0.2711260558621807,0.1935822368451723,-0.1074343658407474,0.1524292580347087,0.0747937904488801,1.0,0.5833333333333334,41.916666666666664,0.0002211523697429,9.316152429919482e-05,0.0007128077179073,0.0,0.0,1,<PROJECT_ROOT>/outputs/full_state_space_release_revision_dfm/initialization_audit_journal_candidate/seed_1
joint_indicator_revision_dfm_full_kalman_em,pseudo,pre_third,T,12,0.2761774624649571,0.1946263101910446,-0.1051554463080187,0.1552691996185019,0.0751447109820946,1.0,0.6666666666666666,44.916666666666664,0.0001808772944907,9.818040654472346e-05,0.0005150827907741,0.0,0.0,1,<PROJECT_ROOT>/outputs/full_state_space_release_revision_dfm/initialization_audit_journal_candidate/seed_1
midas_umidas,pseudo,pre_third,T,12,1.0049995063492765,0.8366962853283667,-0.4030590547246715,0.5650188381596907,0.1751954726845799,1.0,1.0,0.0,,,,0.0,0.0,1,<PROJECT_ROOT>/outputs/full_state_space_release_revision_dfm/initialization_audit_journal_candidate/seed_1
monthly_mixed_frequency_kalman_em,pseudo,pre_third,T,12,0.2670644925978617,0.1937389683519819,-0.0598584292306874,0.1501458143690956,0.074121159105703,1.0,1.0,28.583333333333332,9.28181234038416e-05,9.22090328105168e-05,9.732688187162676e-05,0.0,0.0,1,<PROJECT_ROOT>/outputs/full_state_space_release_revision_dfm/initialization_audit_journal_candidate/seed_1
no_revision,pseudo,pre_third,T,12,0.2681974785489229,0.1863916666666666,-0.1095583333333333,0.1507827882200035,0.0746674458540707,1.0,1.0,0.0,,,,0.0,0.0,1,<PROJECT_ROOT>/outputs/full_state_space_release_revision_dfm/initialization_audit_journal_candidate/seed_1
release_dfm,pseudo,pre_third,T,12,0.2622645428115425,0.1806055434507597,-0.0339522154364766,0.1474472438381082,0.0741033503692909,1.0,1.0,0.0,,,,0.0,0.0,1,<PROJECT_ROOT>/outputs/full_state_space_release_revision_dfm/initialization_audit_journal_candidate/seed_1
revision_dfm_kalman_em,pseudo,pre_third,T,12,0.2690868200160121,0.1860908608021894,-0.1015484345074366,0.1512827831745157,0.074751409349478,1.0,1.0,27.25,9.544167645592744e-05,9.5848070606581e-05,9.913603648374863e-05,0.0,0.0,1,<PROJECT_ROOT>/outputs/full_state_space_release_revision_dfm/initialization_audit_journal_candidate/seed_1
standard_dfm,pseudo,pre_third,T,12,3.006460931357697,1.7612444779031131,0.6397601166449197,1.6902566137359485,0.2108598186240468,0.8333333333333334,1.0,0.0,,,,0.0,0.0,1,<PROJECT_ROOT>/outputs/full_state_space_release_revision_dfm/initialization_audit_journal_candidate/seed_1
ar,exact,pre_advance,A,12,1.7654191514099524,1.2051614519067104,0.4652917545569501,1.0,1.0,0.8333333333333334,1.0,0.0,,,,0.0,0.0,2,<PROJECT_ROOT>/outputs/full_state_space_release_revision_dfm/initialization_audit_journal_candidate/seed_2
bridge,exact,pre_advance,A,12,2.7285847959960545,2.0144923652753204,-0.1362445509224777,1.5455733522641746,0.1002827447363173,0.75,1.0,0.0,,,,0.0,0.0,2,<PROJECT_ROOT>/outputs/full_state_space_release_revision_dfm/initialization_audit_journal_candidate/seed_2
indicator_revision_only_dfm_kalman_em,exact,pre_advance,A,12,2.642456083236048,1.7128464117767024,0.5857603040904994,1.496786800531562,0.1654311207951913,0.8333333333333334,0.5,44.583333333333336,0.00029157509639,0.0001376965964917,0.0012941329241129,0.0,0.0,2,<PROJECT_ROOT>/outputs/full_state_space_release_revision_dfm/initialization_audit_journal_candidate/seed_2
joint_indicator_revision_dfm_full_kalman_em,exact,pre_advance,A,12,2.5626086562111423,1.6900390088407211,0.4550784825631691,1.451558205973077,0.116917716610858,0.8333333333333334,0.6666666666666666,44.416666666666664,0.0001517379469482,9.259887339641748e-05,0.0004309055540313,0.0,0.0,2,<PROJECT_ROOT>/outputs/full_state_space_release_revision_dfm/initialization_audit_journal_candidate/seed_2
midas_umidas,exact,pre_advance,A,12,3.566509670384565,2.4960294912618424,0.1316475625107676,2.0202056081334403,0.1736020684036617,0.5833333333333334,1.0,0.0,,,,0.0,0.0,2,<PROJECT_ROOT>/outputs/full_state_space_release_revision_dfm/initialization_audit_journal_candidate/seed_2
monthly_mixed_frequency_kalman_em,exact,pre_advance,A,12,2.824731403176868,2.0998132068728386,0.4144363265825692,1.6000344172775602,0.0665795995645039,0.8333333333333334,1.0,28.583333333333332,9.431670360387908e-05,9.448204234813744e-05,9.992598888191642e-05,0.0,0.0,2,<PROJECT_ROOT>/outputs/full_state_space_release_revision_dfm/initialization_audit_journal_candidate/seed_2
no_revision,exact,pre_advance,A,12,1.8557182512354309,1.3020311029988418,0.4314420060076449,1.0511488162759317,0.0628447985576086,0.8333333333333334,1.0,0.0,,,,0.0,0.0,2,<PROJECT_ROOT>/outputs/full_state_space_release_revision_dfm/initialization_audit_journal_candidate/seed_2
release_dfm,exact,pre_advance,A,12,2.9973948916502517,1.8630701304806812,0.613155092474115,1.697837530116506,0.1815780950649336,0.8333333333333334,1.0,0.0,,,,0.0,0.0,2,<PROJECT_ROOT>/outputs/full_state_space_release_revision_dfm/initialization_audit_journal_candidate/seed_2
revision_dfm_kalman_em,exact,pre_advance,A,12,2.761992105083386,1.9448189722402416,0.4210344445731683,1.564496512274448,0.1105312733013572,0.8333333333333334,1.0,27.75,9.237880292315204e-05,9.23093543147901e-05,9.810417226281796e-05,0.0,0.0,2,<PROJECT_ROOT>/outputs/full_state_space_release_revision_dfm/initialization_audit_journal_candidate/seed_2
standard_dfm,exact,pre_advance,A,12,2.9973948916502517,1.8630701304806812,0.613155092474115,1.697837530116506,0.1815780950649336,0.8333333333333334,1.0,0.0,,,,0.0,0.0,2,<PROJECT_ROOT>/outputs/full_state_space_release_revision_dfm/initialization_audit_journal_candidate/seed_2
ar,exact,pre_second,S,12,1.80636785450895,1.2556746654369535,0.5226897566497067,1.0,1.0,0.8333333333333334,1.0,0.0,,,,0.0,0.0,2,<PROJECT_ROOT>/outputs/full_state_space_release_revision_dfm/initialization_audit_journal_candidate/seed_2
bridge,exact,pre_second,S,12,2.6539049413862896,1.767629239547744,-0.1576145639371086,1.469194070721402,0.133347614707617,0.75,1.0,0.0,,,,0.0,0.0,2,<PROJECT_ROOT>/outputs/full_state_space_release_revision_dfm/initialization_audit_journal_candidate/seed_2
indicator_revision_only_dfm_kalman_em,exact,pre_second,S,12,0.3972858372528778,0.2838152308619612,0.0494550596209743,0.2199362861009711,0.0506247997753222,1.0,0.5,45.333333333333336,0.0002166026543291,0.0001283480363794,0.0005788257827337,0.0,0.0,2,<PROJECT_ROOT>/outputs/full_state_space_release_revision_dfm/initialization_audit_journal_candidate/seed_2
joint_indicator_revision_dfm_full_kalman_em,exact,pre_second,S,12,0.370321521686029,0.3010511412631541,0.0778824534754849,0.2050089192860989,0.0589209492949164,1.0,0.5,46.666666666666664,0.0001761269928705,0.0001152458914005,0.0004641107903586,0.0,0.0,2,<PROJECT_ROOT>/outputs/full_state_space_release_revision_dfm/initialization_audit_journal_candidate/seed_2
midas_umidas,exact,pre_second,S,12,1.1787194890766577,0.8816955370922989,0.2413266915132161,0.6525356870885445,0.33626637228881,1.0,1.0,0.0,,,,0.0,0.0,2,<PROJECT_ROOT>/outputs/full_state_space_release_revision_dfm/initialization_audit_journal_candidate/seed_2
monthly_mixed_frequency_kalman_em,exact,pre_second,S,12,0.2771162923930014,0.2033347749067143,0.0794130753357911,0.1534107749433648,0.0504665786194043,1.0,1.0,28.583333333333332,9.37581198711988e-05,9.344417099474332e-05,9.848143660208904e-05,0.0,0.0,2,<PROJECT_ROOT>/outputs/full_state_space_release_revision_dfm/initialization_audit_journal_candidate/seed_2
no_revision,exact,pre_second,S,12,0.2421589698249203,0.2081999999999999,-0.02885,0.1340585026579482,0.053174252227186,1.0,1.0,0.0,,,,0.0,0.0,2,<PROJECT_ROOT>/outputs/full_state_space_release_revision_dfm/initialization_audit_journal_candidate/seed_2
release_dfm,exact,pre_second,S,12,0.2582426536985984,0.2080968137469737,0.0750628068759998,0.1429623833561852,0.0543555756247143,1.0,1.0,0.0,,,,0.0,0.0,2,<PROJECT_ROOT>/outputs/full_state_space_release_revision_dfm/initialization_audit_journal_candidate/seed_2
revision_dfm_kalman_em,exact,pre_second,S,12,0.2350909829742319,0.1738246304186335,0.0872190569644567,0.1301456856572218,0.0536579985083266,1.0,1.0,27.333333333333332,9.224267505133494e-05,9.222104009953332e-05,9.79780322048742e-05,0.0,0.0,2,<PROJECT_ROOT>/outputs/full_state_space_release_revision_dfm/initialization_audit_journal_candidate/seed_2
standard_dfm,exact,pre_second,S,12,3.092752758762728,1.8027055035476929,0.7445227225211343,1.7121389483558285,0.2253824237925545,0.8333333333333334,1.0,0.0,,,,0.0,0.0,2,<PROJECT_ROOT>/outputs/full_state_space_release_revision_dfm/initialization_audit_journal_candidate/seed_2
ar,exact,pre_third,T,12,1.7787008830053102,1.2297530640953738,0.4850208055197349,1.0,1.0,0.8333333333333334,1.0,0.0,,,,0.0,0.0,2,<PROJECT_ROOT>/outputs/full_state_space_release_revision_dfm/initialization_audit_journal_candidate/seed_2
bridge,exact,pre_third,T,12,2.445114201294465,1.7479392740145376,-0.1986574845853214,1.3746629490413118,0.0668458080856422,0.75,1.0,0.0,,,,0.0,0.0,2,<PROJECT_ROOT>/outputs/full_state_space_release_revision_dfm/initialization_audit_journal_candidate/seed_2
indicator_revision_only_dfm_kalman_em,exact,pre_third,T,12,0.2714359430213743,0.1937076555654762,-0.1075174323874047,0.1526034790980446,0.0748157934922738,1.0,0.5833333333333334,41.416666666666664,0.0002050790008448,9.921030111502684e-05,0.0006550403507292,0.0,0.0,2,<PROJECT_ROOT>/outputs/full_state_space_release_revision_dfm/initialization_audit_journal_candidate/seed_2
joint_indicator_revision_dfm_full_kalman_em,exact,pre_third,T,12,0.2761572882127306,0.1951077043737894,-0.1043627636237881,0.1552578574909867,0.0751442042390176,1.0,0.75,42.166666666666664,0.000149686598984,9.414876263966848e-05,0.0004681882521837,0.0,0.0,2,<PROJECT_ROOT>/outputs/full_state_space_release_revision_dfm/initialization_audit_journal_candidate/seed_2
midas_umidas,exact,pre_third,T,12,1.0164641102995218,0.8501675648173764,-0.4166727964651591,0.5714643310808359,0.1813806342977702,1.0,1.0,0.0,,,,0.0,0.0,2,<PROJECT_ROOT>/outputs/full_state_space_release_revision_dfm/initialization_audit_journal_candidate/seed_2
monthly_mixed_frequency_kalman_em,exact,pre_third,T,12,0.2664730985696655,0.1932786379054055,-0.0592985220530102,0.1498133278707491,0.0740840050472764,1.0,1.0,28.416666666666668,9.410643926920017e-05,9.384653832010424e-05,9.999501178685108e-05,0.0,0.0,2,<PROJECT_ROOT>/outputs/full_state_space_release_revision_dfm/initialization_audit_journal_candidate/seed_2
no_revision,exact,pre_third,T,12,0.2681974785489229,0.1863916666666666,-0.1095583333333333,0.1507827882200035,0.0746674458540707,1.0,1.0,0.0,,,,0.0,0.0,2,<PROJECT_ROOT>/outputs/full_state_space_release_revision_dfm/initialization_audit_journal_candidate/seed_2
release_dfm,exact,pre_third,T,12,0.2622054083586539,0.1806978182329605,-0.0338796606811601,0.1474139979711648,0.0740998242527457,1.0,1.0,0.0,,,,0.0,0.0,2,<PROJECT_ROOT>/outputs/full_state_space_release_revision_dfm/initialization_audit_journal_candidate/seed_2
revision_dfm_kalman_em,exact,pre_third,T,12,0.2690339949695428,0.1861080017607241,-0.1015101053479316,0.1512530845068117,0.0747482365937659,1.0,1.0,27.416666666666668,9.279909197277708e-05,9.29212481718382e-05,9.95639159074225e-05,0.0,0.0,2,<PROJECT_ROOT>/outputs/full_state_space_release_revision_dfm/initialization_audit_journal_candidate/seed_2
standard_dfm,exact,pre_third,T,12,3.0209640145847705,1.786596432371609,0.6318237465785966,1.6984103642432111,0.2060978216154264,0.8333333333333334,1.0,0.0,,,,0.0,0.0,2,<PROJECT_ROOT>/outputs/full_state_space_release_revision_dfm/initialization_audit_journal_candidate/seed_2
ar,pseudo,pre_advance,A,12,1.7654191514099524,1.2051614519067104,0.4652917545569501,1.0,1.0,0.8333333333333334,1.0,0.0,,,,0.0,0.0,2,<PROJECT_ROOT>/outputs/full_state_space_release_revision_dfm/initialization_audit_journal_candidate/seed_2
bridge,pseudo,pre_advance,A,12,2.719390256560005,1.966868572351848,-0.0577995330326413,1.540365218304199,0.122954268920275,0.75,1.0,0.0,,,,0.0,0.0,2,<PROJECT_ROOT>/outputs/full_state_space_release_revision_dfm/initialization_audit_journal_candidate/seed_2
indicator_revision_only_dfm_kalman_em,pseudo,pre_advance,A,12,2.629319806484897,1.6940897667995916,0.6145618557351474,1.4893459178716792,0.1751737027996764,0.8333333333333334,0.5833333333333334,44.083333333333336,0.000178817464615,9.825504565552056e-05,0.0004394967622963,0.0,0.0,2,<PROJECT_ROOT>/outputs/full_state_space_release_revision_dfm/initialization_audit_journal_candidate/seed_2
joint_indicator_revision_dfm_full_kalman_em,pseudo,pre_advance,A,12,2.5520903864823454,1.6877225812077583,0.4828214076869687,1.4456002612434091,0.1234532505228071,0.8333333333333334,0.6666666666666666,44.583333333333336,0.0001424586548574,9.650257369220512e-05,0.0004012995001117,0.0,0.0,2,<PROJECT_ROOT>/outputs/full_state_space_release_revision_dfm/initialization_audit_journal_candidate/seed_2
midas_umidas,pseudo,pre_advance,A,12,3.5290158748869644,2.4992822026164765,0.1420709389765957,1.9989677080757369,0.1782030330526486,0.5833333333333334,1.0,0.0,,,,0.0,0.0,2,<PROJECT_ROOT>/outputs/full_state_space_release_revision_dfm/initialization_audit_journal_candidate/seed_2
monthly_mixed_frequency_kalman_em,pseudo,pre_advance,A,12,2.8249467629985174,2.0994941056065444,0.4147483443113026,1.600156405204041,0.0668679102444797,0.8333333333333334,1.0,28.583333333333332,9.438332366821336e-05,9.464055731008136e-05,9.994961427105884e-05,0.0,0.0,2,<PROJECT_ROOT>/outputs/full_state_space_release_revision_dfm/initialization_audit_journal_candidate/seed_2
no_revision,pseudo,pre_advance,A,12,1.8557182512354309,1.3020311029988418,0.4314420060076449,1.0511488162759317,0.0628447985576086,0.8333333333333334,1.0,0.0,,,,0.0,0.0,2,<PROJECT_ROOT>/outputs/full_state_space_release_revision_dfm/initialization_audit_journal_candidate/seed_2
release_dfm,pseudo,pre_advance,A,12,2.991440691775283,1.8296848304237816,0.6805930626328327,1.6944648467114274,0.1954330717777631,0.8333333333333334,1.0,0.0,,,,0.0,0.0,2,<PROJECT_ROOT>/outputs/full_state_space_release_revision_dfm/initialization_audit_journal_candidate/seed_2
revision_dfm_kalman_em,pseudo,pre_advance,A,12,2.747886210475252,1.917880217784661,0.4434797300199004,1.5565064014858183,0.1201722172252204,0.8333333333333334,1.0,27.75,9.250149441553778e-05,9.230397586688592e-05,9.810677046783878e-05,0.0,0.0,2,<PROJECT_ROOT>/outputs/full_state_space_release_revision_dfm/initialization_audit_journal_candidate/seed_2
standard_dfm,pseudo,pre_advance,A,12,2.991440691775283,1.8296848304237816,0.6805930626328327,1.6944648467114274,0.1954330717777631,0.8333333333333334,1.0,0.0,,,,0.0,0.0,2,<PROJECT_ROOT>/outputs/full_state_space_release_revision_dfm/initialization_audit_journal_candidate/seed_2
ar,pseudo,pre_second,S,12,1.80636785450895,1.2556746654369535,0.5226897566497067,1.0,1.0,0.8333333333333334,1.0,0.0,,,,0.0,0.0,2,<PROJECT_ROOT>/outputs/full_state_space_release_revision_dfm/initialization_audit_journal_candidate/seed_2
bridge,pseudo,pre_second,S,12,2.641525824642671,1.7711097679699084,-0.1769376545310969,1.4623410276312483,0.1416543684394836,0.75,1.0,0.0,,,,0.0,0.0,2,<PROJECT_ROOT>/outputs/full_state_space_release_revision_dfm/initialization_audit_journal_candidate/seed_2
indicator_revision_only_dfm_kalman_em,pseudo,pre_second,S,12,0.3972473205804346,0.2836028890350258,0.0495303979496124,0.2199149633829283,0.0506209777768301,1.0,0.5,45.333333333333336,0.0002183859458894,0.0001285421974505,0.000597318460149,0.0,0.0,2,<PROJECT_ROOT>/outputs/full_state_space_release_revision_dfm/initialization_audit_journal_candidate/seed_2
joint_indicator_revision_dfm_full_kalman_em,pseudo,pre_second,S,12,0.3718768914056772,0.3027963569075128,0.0788825378243806,0.205869967447339,0.0590369122701207,1.0,0.5833333333333334,46.666666666666664,0.0001706767522673,9.310908597748629e-05,0.0004686950840136,0.0,0.0,2,<PROJECT_ROOT>/outputs/full_state_space_release_revision_dfm/initialization_audit_journal_candidate/seed_2
midas_umidas,pseudo,pre_second,S,12,1.185701136523129,0.8855483407343961,0.2472677567448747,0.6564007068457572,0.3426148555537207,1.0,1.0,0.0,,,,0.0,0.0,2,<PROJECT_ROOT>/outputs/full_state_space_release_revision_dfm/initialization_audit_journal_candidate/seed_2
monthly_mixed_frequency_kalman_em,pseudo,pre_second,S,12,0.2770909189118266,0.2033370985618741,0.0794047051368718,0.1533967282578509,0.050465633790433,1.0,1.0,28.583333333333332,9.372632370715984e-05,9.333545536690683e-05,9.827650753848644e-05,0.0,0.0,2,<PROJECT_ROOT>/outputs/full_state_space_release_revision_dfm/initialization_audit_journal_candidate/seed_2
no_revision,pseudo,pre_second,S,12,0.2421589698249203,0.2081999999999999,-0.02885,0.1340585026579482,0.053174252227186,1.0,1.0,0.0,,,,0.0,0.0,2,<PROJECT_ROOT>/outputs/full_state_space_release_revision_dfm/initialization_audit_journal_candidate/seed_2
release_dfm,pseudo,pre_second,S,12,0.2582642308257391,0.2081058876889723,0.0751286071708888,0.1429743283911275,0.0543568266290083,1.0,1.0,0.0,,,,0.0,0.0,2,<PROJECT_ROOT>/outputs/full_state_space_release_revision_dfm/initialization_audit_journal_candidate/seed_2
revision_dfm_kalman_em,pseudo,pre_second,S,12,0.2353701161355528,0.1741174965141121,0.0868980584523428,0.1303002129649482,0.0536780441761064,1.0,1.0,27.333333333333332,9.22450110568597e-05,9.226780272378056e-05,9.79777960559004e-05,0.0,0.0,2,<PROJECT_ROOT>/outputs/full_state_space_release_revision_dfm/initialization_audit_journal_candidate/seed_2
standard_dfm,pseudo,pre_second,S,12,3.090338191796919,1.7966787803152664,0.7390833352803426,1.7108022510935397,0.2284117924931744,0.8333333333333334,1.0,0.0,,,,0.0,0.0,2,<PROJECT_ROOT>/outputs/full_state_space_release_revision_dfm/initialization_audit_journal_candidate/seed_2
ar,pseudo,pre_third,T,12,1.7787008830053102,1.2297530640953738,0.4850208055197349,1.0,1.0,0.8333333333333334,1.0,0.0,,,,0.0,0.0,2,<PROJECT_ROOT>/outputs/full_state_space_release_revision_dfm/initialization_audit_journal_candidate/seed_2
bridge,pseudo,pre_third,T,12,2.4060543580403753,1.6816339326170198,-0.1948123079359753,1.3527031897432258,0.0874306539525077,0.75,1.0,0.0,,,,0.0,0.0,2,<PROJECT_ROOT>/outputs/full_state_space_release_revision_dfm/initialization_audit_journal_candidate/seed_2
indicator_revision_only_dfm_kalman_em,pseudo,pre_third,T,12,0.2714305877303228,0.1936298490407119,-0.107602282923322,0.1526004683101697,0.0748154496559598,1.0,0.5833333333333334,41.5,0.0002032098199569,9.650332138541194e-05,0.0006546745726798,0.0,0.0,2,<PROJECT_ROOT>/outputs/full_state_space_release_revision_dfm/initialization_audit_journal_candidate/seed_2
joint_indicator_revision_dfm_full_kalman_em,pseudo,pre_third,T,12,0.2761317038744522,0.1950498327364794,-0.1044075271013272,0.1552434737694049,0.0751425013270229,1.0,0.75,42.333333333333336,0.0001478389326828,9.41571955463408e-05,0.0004682881897286,0.0,0.0,2,<PROJECT_ROOT>/outputs/full_state_space_release_revision_dfm/initialization_audit_journal_candidate/seed_2
midas_umidas,pseudo,pre_third,T,12,1.0049995063492765,0.8366962853283667,-0.4030590547246715,0.5650188381596907,0.1751954726845799,1.0,1.0,0.0,,,,0.0,0.0,2,<PROJECT_ROOT>/outputs/full_state_space_release_revision_dfm/initialization_audit_journal_candidate/seed_2
monthly_mixed_frequency_kalman_em,pseudo,pre_third,T,12,0.2670644925978617,0.1937389683519819,-0.0598584292306874,0.1501458143690956,0.074121159105703,1.0,1.0,28.583333333333332,9.28181234038416e-05,9.22090328105168e-05,9.732688187162676e-05,0.0,0.0,2,<PROJECT_ROOT>/outputs/full_state_space_release_revision_dfm/initialization_audit_journal_candidate/seed_2
no_revision,pseudo,pre_third,T,12,0.2681974785489229,0.1863916666666666,-0.1095583333333333,0.1507827882200035,0.0746674458540707,1.0,1.0,0.0,,,,0.0,0.0,2,<PROJECT_ROOT>/outputs/full_state_space_release_revision_dfm/initialization_audit_journal_candidate/seed_2
release_dfm,pseudo,pre_third,T,12,0.2622645428115425,0.1806055434507597,-0.0339522154364766,0.1474472438381082,0.0741033503692909,1.0,1.0,0.0,,,,0.0,0.0,2,<PROJECT_ROOT>/outputs/full_state_space_release_revision_dfm/initialization_audit_journal_candidate/seed_2
revision_dfm_kalman_em,pseudo,pre_third,T,12,0.2690474943773323,0.1861215411577963,-0.1014814704237804,0.151260673982883,0.074749052340007,1.0,1.0,27.416666666666668,9.314315942296663e-05,9.293223502268726e-05,9.956250512836064e-05,0.0,0.0,2,<PROJECT_ROOT>/outputs/full_state_space_release_revision_dfm/initialization_audit_journal_candidate/seed_2
standard_dfm,pseudo,pre_third,T,12,3.006460931357697,1.7612444779031131,0.6397601166449197,1.6902566137359485,0.2108598186240468,0.8333333333333334,1.0,0.0,,,,0.0,0.0,2,<PROJECT_ROOT>/outputs/full_state_space_release_revision_dfm/initialization_audit_journal_candidate/seed_2
ar,exact,pre_advance,A,12,1.7654191514099524,1.2051614519067104,0.4652917545569501,1.0,1.0,0.8333333333333334,1.0,0.0,,,,0.0,0.0,3,<PROJECT_ROOT>/outputs/full_state_space_release_revision_dfm/initialization_audit_journal_candidate/seed_3
bridge,exact,pre_advance,A,12,2.7285847959960545,2.0144923652753204,-0.1362445509224777,1.5455733522641746,0.1002827447363173,0.75,1.0,0.0,,,,0.0,0.0,3,<PROJECT_ROOT>/outputs/full_state_space_release_revision_dfm/initialization_audit_journal_candidate/seed_3
indicator_revision_only_dfm_kalman_em,exact,pre_advance,A,12,2.6795820399566006,1.7486287222649324,0.4786830506359216,1.5178163428308522,0.1444012075360633,0.8333333333333334,0.4166666666666667,45.75,0.0002161016979075,0.0001583456740597,0.0004055234288917,0.0,0.0,3,<PROJECT_ROOT>/outputs/full_state_space_release_revision_dfm/initialization_audit_journal_candidate/seed_3
joint_indicator_revision_dfm_full_kalman_em,exact,pre_advance,A,12,2.558644749858218,1.6817636330115568,0.4411347023171691,1.449312899893918,0.1185761724575408,0.8333333333333334,0.5833333333333334,46.333333333333336,0.0001436863181846,9.502740319653056e-05,0.0004136591028756,0.0,0.0,3,<PROJECT_ROOT>/outputs/full_state_space_release_revision_dfm/initialization_audit_journal_candidate/seed_3
midas_umidas,exact,pre_advance,A,12,3.566509670384565,2.4960294912618424,0.1316475625107676,2.0202056081334403,0.1736020684036617,0.5833333333333334,1.0,0.0,,,,0.0,0.0,3,<PROJECT_ROOT>/outputs/full_state_space_release_revision_dfm/initialization_audit_journal_candidate/seed_3
monthly_mixed_frequency_kalman_em,exact,pre_advance,A,12,2.824731403176868,2.0998132068728386,0.4144363265825692,1.6000344172775602,0.0665795995645039,0.8333333333333334,1.0,28.583333333333332,9.431670360387908e-05,9.448204234813744e-05,9.992598888191642e-05,0.0,0.0,3,<PROJECT_ROOT>/outputs/full_state_space_release_revision_dfm/initialization_audit_journal_candidate/seed_3
no_revision,exact,pre_advance,A,12,1.8557182512354309,1.3020311029988418,0.4314420060076449,1.0511488162759317,0.0628447985576086,0.8333333333333334,1.0,0.0,,,,0.0,0.0,3,<PROJECT_ROOT>/outputs/full_state_space_release_revision_dfm/initialization_audit_journal_candidate/seed_3
release_dfm,exact,pre_advance,A,12,2.9973948916502517,1.8630701304806812,0.613155092474115,1.697837530116506,0.1815780950649336,0.8333333333333334,1.0,0.0,,,,0.0,0.0,3,<PROJECT_ROOT>/outputs/full_state_space_release_revision_dfm/initialization_audit_journal_candidate/seed_3
revision_dfm_kalman_em,exact,pre_advance,A,12,2.762231850861394,1.9449620912372925,0.42073331563969,1.5646323133264624,0.1105554080509403,0.8333333333333334,1.0,27.75,9.157832884260596e-05,9.029041576036654e-05,9.933266587557742e-05,0.0,0.0,3,<PROJECT_ROOT>/outputs/full_state_space_release_revision_dfm/initialization_audit_journal_candidate/seed_3
standard_dfm,exact,pre_advance,A,12,2.9973948916502517,1.8630701304806812,0.613155092474115,1.697837530116506,0.1815780950649336,0.8333333333333334,1.0,0.0,,,,0.0,0.0,3,<PROJECT_ROOT>/outputs/full_state_space_release_revision_dfm/initialization_audit_journal_candidate/seed_3
ar,exact,pre_second,S,12,1.80636785450895,1.2556746654369535,0.5226897566497067,1.0,1.0,0.8333333333333334,1.0,0.0,,,,0.0,0.0,3,<PROJECT_ROOT>/outputs/full_state_space_release_revision_dfm/initialization_audit_journal_candidate/seed_3
bridge,exact,pre_second,S,12,2.6539049413862896,1.767629239547744,-0.1576145639371086,1.469194070721402,0.133347614707617,0.75,1.0,0.0,,,,0.0,0.0,3,<PROJECT_ROOT>/outputs/full_state_space_release_revision_dfm/initialization_audit_journal_candidate/seed_3
indicator_revision_only_dfm_kalman_em,exact,pre_second,S,12,0.3924161109836388,0.2754945746211918,0.0419693429185168,0.2172404197761339,0.0502457084487819,1.0,0.3333333333333333,46.666666666666664,0.0002440600362239,0.0002010006183719,0.0005719610582335,0.0,0.0,3,<PROJECT_ROOT>/outputs/full_state_space_release_revision_dfm/initialization_audit_journal_candidate/seed_3
joint_indicator_revision_dfm_full_kalman_em,exact,pre_second,S,12,0.3687586654758982,0.2906740239987008,0.0556709779415628,0.2041437266254624,0.0585716844643054,1.0,0.5,46.666666666666664,0.000191002894621,0.0001247792734758,0.0004519271190264,0.0,0.0,3,<PROJECT_ROOT>/outputs/full_state_space_release_revision_dfm/initialization_audit_journal_candidate/seed_3
midas_umidas,exact,pre_second,S,12,1.1787194890766577,0.8816955370922989,0.2413266915132161,0.6525356870885445,0.33626637228881,1.0,1.0,0.0,,,,0.0,0.0,3,<PROJECT_ROOT>/outputs/full_state_space_release_revision_dfm/initialization_audit_journal_candidate/seed_3
monthly_mixed_frequency_kalman_em,exact,pre_second,S,12,0.2771162923930014,0.2033347749067143,0.0794130753357911,0.1534107749433648,0.0504665786194043,1.0,1.0,28.583333333333332,9.37581198711988e-05,9.344417099474332e-05,9.848143660208904e-05,0.0,0.0,3,<PROJECT_ROOT>/outputs/full_state_space_release_revision_dfm/initialization_audit_journal_candidate/seed_3
no_revision,exact,pre_second,S,12,0.2421589698249203,0.2081999999999999,-0.02885,0.1340585026579482,0.053174252227186,1.0,1.0,0.0,,,,0.0,0.0,3,<PROJECT_ROOT>/outputs/full_state_space_release_revision_dfm/initialization_audit_journal_candidate/seed_3
release_dfm,exact,pre_second,S,12,0.2582426536985984,0.2080968137469737,0.0750628068759998,0.1429623833561852,0.0543555756247143,1.0,1.0,0.0,,,,0.0,0.0,3,<PROJECT_ROOT>/outputs/full_state_space_release_revision_dfm/initialization_audit_journal_candidate/seed_3
revision_dfm_kalman_em,exact,pre_second,S,12,0.234820036459108,0.1732746768063187,0.0878490157891578,0.1299956904530624,0.05366740578962,1.0,1.0,27.25,9.263246312208332e-05,9.166251065096869e-05,9.899186234299508e-05,0.0,0.0,3,<PROJECT_ROOT>/outputs/full_state_space_release_revision_dfm/initialization_audit_journal_candidate/seed_3
standard_dfm,exact,pre_second,S,12,3.092752758762728,1.8027055035476929,0.7445227225211343,1.7121389483558285,0.2253824237925545,0.8333333333333334,1.0,0.0,,,,0.0,0.0,3,<PROJECT_ROOT>/outputs/full_state_space_release_revision_dfm/initialization_audit_journal_candidate/seed_3
ar,exact,pre_third,T,12,1.7787008830053102,1.2297530640953738,0.4850208055197349,1.0,1.0,0.8333333333333334,1.0,0.0,,,,0.0,0.0,3,<PROJECT_ROOT>/outputs/full_state_space_release_revision_dfm/initialization_audit_journal_candidate/seed_3
bridge,exact,pre_third,T,12,2.445114201294465,1.7479392740145376,-0.1986574845853214,1.3746629490413118,0.0668458080856422,0.75,1.0,0.0,,,,0.0,0.0,3,<PROJECT_ROOT>/outputs/full_state_space_release_revision_dfm/initialization_audit_journal_candidate/seed_3
indicator_revision_only_dfm_kalman_em,exact,pre_third,T,12,0.2713524559151211,0.193653001317217,-0.1074803526725777,0.1525565419727241,0.0748102931334852,1.0,0.5833333333333334,42.166666666666664,0.0001901177240999,9.560865475677883e-05,0.0005811162425061,0.0,0.0,3,<PROJECT_ROOT>/outputs/full_state_space_release_revision_dfm/initialization_audit_journal_candidate/seed_3
joint_indicator_revision_dfm_full_kalman_em,exact,pre_third,T,12,0.2760066326977315,0.1940060148868365,-0.1059802689115261,0.1551731577438631,0.075133745492693,1.0,0.6666666666666666,43.166666666666664,0.0001481320682645,9.381547542441596e-05,0.0004629175088258,0.0,0.0,3,<PROJECT_ROOT>/outputs/full_state_space_release_revision_dfm/initialization_audit_journal_candidate/seed_3
midas_umidas,exact,pre_third,T,12,1.0164641102995218,0.8501675648173764,-0.4166727964651591,0.5714643310808359,0.1813806342977702,1.0,1.0,0.0,,,,0.0,0.0,3,<PROJECT_ROOT>/outputs/full_state_space_release_revision_dfm/initialization_audit_journal_candidate/seed_3
monthly_mixed_frequency_kalman_em,exact,pre_third,T,12,0.2664730985696655,0.1932786379054055,-0.0592985220530102,0.1498133278707491,0.0740840050472764,1.0,1.0,28.416666666666668,9.410643926920017e-05,9.384653832010424e-05,9.999501178685108e-05,0.0,0.0,3,<PROJECT_ROOT>/outputs/full_state_space_release_revision_dfm/initialization_audit_journal_candidate/seed_3
no_revision,exact,pre_third,T,12,0.2681974785489229,0.1863916666666666,-0.1095583333333333,0.1507827882200035,0.0746674458540707,1.0,1.0,0.0,,,,0.0,0.0,3,<PROJECT_ROOT>/outputs/full_state_space_release_revision_dfm/initialization_audit_journal_candidate/seed_3
release_dfm,exact,pre_third,T,12,0.2622054083586539,0.1806978182329605,-0.0338796606811601,0.1474139979711648,0.0740998242527457,1.0,1.0,0.0,,,,0.0,0.0,3,<PROJECT_ROOT>/outputs/full_state_space_release_revision_dfm/initialization_audit_journal_candidate/seed_3
revision_dfm_kalman_em,exact,pre_third,T,12,0.2690733011771502,0.1862429148499861,-0.1014133143423829,0.1512751827741387,0.0747499262738103,1.0,1.0,27.416666666666668,9.169849289174324e-05,9.099670502149384e-05,9.75373070184287e-05,0.0,0.0,3,<PROJECT_ROOT>/outputs/full_state_space_release_revision_dfm/initialization_audit_journal_candidate/seed_3
standard_dfm,exact,pre_third,T,12,3.0209640145847705,1.786596432371609,0.6318237465785966,1.6984103642432111,0.2060978216154264,0.8333333333333334,1.0,0.0,,,,0.0,0.0,3,<PROJECT_ROOT>/outputs/full_state_space_release_revision_dfm/initialization_audit_journal_candidate/seed_3
ar,pseudo,pre_advance,A,12,1.7654191514099524,1.2051614519067104,0.4652917545569501,1.0,1.0,0.8333333333333334,1.0,0.0,,,,0.0,0.0,3,<PROJECT_ROOT>/outputs/full_state_space_release_revision_dfm/initialization_audit_journal_candidate/seed_3
bridge,pseudo,pre_advance,A,12,2.719390256560005,1.966868572351848,-0.0577995330326413,1.540365218304199,0.122954268920275,0.75,1.0,0.0,,,,0.0,0.0,3,<PROJECT_ROOT>/outputs/full_state_space_release_revision_dfm/initialization_audit_journal_candidate/seed_3
indicator_revision_only_dfm_kalman_em,pseudo,pre_advance,A,12,2.6207955435220684,1.6557078451965423,0.5768375392526899,1.4845174537893562,0.1806727304601068,0.8333333333333334,0.5,45.416666666666664,0.0001820412031698,0.0001177182657105,0.0003828101850047,0.0,0.0,3,<PROJECT_ROOT>/outputs/full_state_space_release_revision_dfm/initialization_audit_journal_candidate/seed_3
joint_indicator_revision_dfm_full_kalman_em,pseudo,pre_advance,A,12,2.5491154866581613,1.6743587847162047,0.4543637404626043,1.443915165768033,0.124601687290507,0.8333333333333334,0.6666666666666666,45.75,0.0001343272255818,9.739684131384506e-05,0.0003787254627735,0.0,0.0,3,<PROJECT_ROOT>/outputs/full_state_space_release_revision_dfm/initialization_audit_journal_candidate/seed_3
midas_umidas,pseudo,pre_advance,A,12,3.5290158748869644,2.4992822026164765,0.1420709389765957,1.9989677080757369,0.1782030330526486,0.5833333333333334,1.0,0.0,,,,0.0,0.0,3,<PROJECT_ROOT>/outputs/full_state_space_release_revision_dfm/initialization_audit_journal_candidate/seed_3
monthly_mixed_frequency_kalman_em,pseudo,pre_advance,A,12,2.8249467629985174,2.0994941056065444,0.4147483443113026,1.600156405204041,0.0668679102444797,0.8333333333333334,1.0,28.583333333333332,9.438332366821336e-05,9.464055731008136e-05,9.994961427105884e-05,0.0,0.0,3,<PROJECT_ROOT>/outputs/full_state_space_release_revision_dfm/initialization_audit_journal_candidate/seed_3
no_revision,pseudo,pre_advance,A,12,1.8557182512354309,1.3020311029988418,0.4314420060076449,1.0511488162759317,0.0628447985576086,0.8333333333333334,1.0,0.0,,,,0.0,0.0,3,<PROJECT_ROOT>/outputs/full_state_space_release_revision_dfm/initialization_audit_journal_candidate/seed_3
release_dfm,pseudo,pre_advance,A,12,2.991440691775283,1.8296848304237816,0.6805930626328327,1.6944648467114274,0.1954330717777631,0.8333333333333334,1.0,0.0,,,,0.0,0.0,3,<PROJECT_ROOT>/outputs/full_state_space_release_revision_dfm/initialization_audit_journal_candidate/seed_3
revision_dfm_kalman_em,pseudo,pre_advance,A,12,2.7481302409375092,1.918030051865643,0.4431770358819447,1.5566446295446124,0.1201945717410868,0.8333333333333334,1.0,27.75,9.174787629947342e-05,9.066872905880188e-05,9.933440816042216e-05,0.0,0.0,3,<PROJECT_ROOT>/outputs/full_state_space_release_revision_dfm/initialization_audit_journal_candidate/seed_3
standard_dfm,pseudo,pre_advance,A,12,2.991440691775283,1.8296848304237816,0.6805930626328327,1.6944648467114274,0.1954330717777631,0.8333333333333334,1.0,0.0,,,,0.0,0.0,3,<PROJECT_ROOT>/outputs/full_state_space_release_revision_dfm/initialization_audit_journal_candidate/seed_3
ar,pseudo,pre_second,S,12,1.80636785450895,1.2556746654369535,0.5226897566497067,1.0,1.0,0.8333333333333334,1.0,0.0,,,,0.0,0.0,3,<PROJECT_ROOT>/outputs/full_state_space_release_revision_dfm/initialization_audit_journal_candidate/seed_3
bridge,pseudo,pre_second,S,12,2.641525824642671,1.7711097679699084,-0.1769376545310969,1.4623410276312483,0.1416543684394836,0.75,1.0,0.0,,,,0.0,0.0,3,<PROJECT_ROOT>/outputs/full_state_space_release_revision_dfm/initialization_audit_journal_candidate/seed_3
indicator_revision_only_dfm_kalman_em,pseudo,pre_second,S,12,0.3923831712878665,0.2754031342672953,0.0424337207163161,0.2172221844561851,0.0502425245406901,1.0,0.3333333333333333,46.666666666666664,0.0002513358822324,0.0001994768211107,0.0006364437123147,0.0,0.0,3,<PROJECT_ROOT>/outputs/full_state_space_release_revision_dfm/initialization_audit_journal_candidate/seed_3
joint_indicator_revision_dfm_full_kalman_em,pseudo,pre_second,S,12,0.3696848358811544,0.2913952943624108,0.0551207102998839,0.2046564518729497,0.058637255885846,1.0,0.5,46.666666666666664,0.0001932139219526,0.0001217806786841,0.000458141935797,0.0,0.0,3,<PROJECT_ROOT>/outputs/full_state_space_release_revision_dfm/initialization_audit_journal_candidate/seed_3
midas_umidas,pseudo,pre_second,S,12,1.185701136523129,0.8855483407343961,0.2472677567448747,0.6564007068457572,0.3426148555537207,1.0,1.0,0.0,,,,0.0,0.0,3,<PROJECT_ROOT>/outputs/full_state_space_release_revision_dfm/initialization_audit_journal_candidate/seed_3
monthly_mixed_frequency_kalman_em,pseudo,pre_second,S,12,0.2770909189118266,0.2033370985618741,0.0794047051368718,0.1533967282578509,0.050465633790433,1.0,1.0,28.583333333333332,9.372632370715984e-05,9.333545536690683e-05,9.827650753848644e-05,0.0,0.0,3,<PROJECT_ROOT>/outputs/full_state_space_release_revision_dfm/initialization_audit_journal_candidate/seed_3
no_revision,pseudo,pre_second,S,12,0.2421589698249203,0.2081999999999999,-0.02885,0.1340585026579482,0.053174252227186,1.0,1.0,0.0,,,,0.0,0.0,3,<PROJECT_ROOT>/outputs/full_state_space_release_revision_dfm/initialization_audit_journal_candidate/seed_3
release_dfm,pseudo,pre_second,S,12,0.2582642308257391,0.2081058876889723,0.0751286071708888,0.1429743283911275,0.0543568266290083,1.0,1.0,0.0,,,,0.0,0.0,3,<PROJECT_ROOT>/outputs/full_state_space_release_revision_dfm/initialization_audit_journal_candidate/seed_3
revision_dfm_kalman_em,pseudo,pre_second,S,12,0.2351081815963196,0.1735732147709062,0.0875225100198486,0.1301552067644784,0.0536875619777506,1.0,1.0,27.25,9.263278548771073e-05,9.172419316773049e-05,9.899140657495098e-05,0.0,0.0,3,<PROJECT_ROOT>/outputs/full_state_space_release_revision_dfm/initialization_audit_journal_candidate/seed_3
standard_dfm,pseudo,pre_second,S,12,3.090338191796919,1.7966787803152664,0.7390833352803426,1.7108022510935397,0.2284117924931744,0.8333333333333334,1.0,0.0,,,,0.0,0.0,3,<PROJECT_ROOT>/outputs/full_state_space_release_revision_dfm/initialization_audit_journal_candidate/seed_3
ar,pseudo,pre_third,T,12,1.7787008830053102,1.2297530640953738,0.4850208055197349,1.0,1.0,0.8333333333333334,1.0,0.0,,,,0.0,0.0,3,<PROJECT_ROOT>/outputs/full_state_space_release_revision_dfm/initialization_audit_journal_candidate/seed_3
bridge,pseudo,pre_third,T,12,2.4060543580403753,1.6816339326170198,-0.1948123079359753,1.3527031897432258,0.0874306539525077,0.75,1.0,0.0,,,,0.0,0.0,3,<PROJECT_ROOT>/outputs/full_state_space_release_revision_dfm/initialization_audit_journal_candidate/seed_3
indicator_revision_only_dfm_kalman_em,pseudo,pre_third,T,12,0.2713348968957129,0.1935504528026574,-0.1075410075583029,0.1525466701502182,0.0748092521782263,1.0,0.5833333333333334,42.166666666666664,0.0001895755247532,9.513704108465968e-05,0.0005806379289787,0.0,0.0,3,<PROJECT_ROOT>/outputs/full_state_space_release_revision_dfm/initialization_audit_journal_candidate/seed_3
joint_indicator_revision_dfm_full_kalman_em,pseudo,pre_third,T,12,0.2759842226781114,0.1939921551853352,-0.1060586722633403,0.1551605586498646,0.0751320301274904,1.0,0.6666666666666666,43.25,0.0001486278252186,9.438802379516136e-05,0.0004630482537503,0.0,0.0,3,<PROJECT_ROOT>/outputs/full_state_space_release_revision_dfm/initialization_audit_journal_candidate/seed_3
midas_umidas,pseudo,pre_third,T,12,1.0049995063492765,0.8366962853283667,-0.4030590547246715,0.5650188381596907,0.1751954726845799,1.0,1.0,0.0,,,,0.0,0.0,3,<PROJECT_ROOT>/outputs/full_state_space_release_revision_dfm/initialization_audit_journal_candidate/seed_3
monthly_mixed_frequency_kalman_em,pseudo,pre_third,T,12,0.2670644925978617,0.1937389683519819,-0.0598584292306874,0.1501458143690956,0.074121159105703,1.0,1.0,28.583333333333332,9.28181234038416e-05,9.22090328105168e-05,9.732688187162676e-05,0.0,0.0,3,<PROJECT_ROOT>/outputs/full_state_space_release_revision_dfm/initialization_audit_journal_candidate/seed_3
no_revision,pseudo,pre_third,T,12,0.2681974785489229,0.1863916666666666,-0.1095583333333333,0.1507827882200035,0.0746674458540707,1.0,1.0,0.0,,,,0.0,0.0,3,<PROJECT_ROOT>/outputs/full_state_space_release_revision_dfm/initialization_audit_journal_candidate/seed_3
release_dfm,pseudo,pre_third,T,12,0.2622645428115425,0.1806055434507597,-0.0339522154364766,0.1474472438381082,0.0741033503692909,1.0,1.0,0.0,,,,0.0,0.0,3,<PROJECT_ROOT>/outputs/full_state_space_release_revision_dfm/initialization_audit_journal_candidate/seed_3
revision_dfm_kalman_em,pseudo,pre_third,T,12,0.2690863802524992,0.1862549630803352,-0.1013837468251916,0.1512825359359176,0.0747507189739723,1.0,1.0,27.416666666666668,9.220185925914294e-05,9.168948928977829e-05,9.775745270693584e-05,0.0,0.0,3,<PROJECT_ROOT>/outputs/full_state_space_release_revision_dfm/initialization_audit_journal_candidate/seed_3
standard_dfm,pseudo,pre_third,T,12,3.006460931357697,1.7612444779031131,0.6397601166449197,1.6902566137359485,0.2108598186240468,0.8333333333333334,1.0,0.0,,,,0.0,0.0,3,<PROJECT_ROOT>/outputs/full_state_space_release_revision_dfm/initialization_audit_journal_candidate/seed_3
ar,exact,pre_advance,A,12,1.7654191514099524,1.2051614519067104,0.4652917545569501,1.0,1.0,0.8333333333333334,1.0,0.0,,,,0.0,0.0,4,<PROJECT_ROOT>/outputs/full_state_space_release_revision_dfm/initialization_audit_journal_candidate/seed_4
bridge,exact,pre_advance,A,12,2.7285847959960545,2.0144923652753204,-0.1362445509224777,1.5455733522641746,0.1002827447363173,0.75,1.0,0.0,,,,0.0,0.0,4,<PROJECT_ROOT>/outputs/full_state_space_release_revision_dfm/initialization_audit_journal_candidate/seed_4
indicator_revision_only_dfm_kalman_em,exact,pre_advance,A,12,2.644364760251176,1.7149199343745367,0.5815962048918369,1.4978679471893424,0.1647041397486749,0.8333333333333334,0.5833333333333334,44.166666666666664,0.0001857548099681,9.894284573671742e-05,0.0004290024941063,0.0,0.0,4,<PROJECT_ROOT>/outputs/full_state_space_release_revision_dfm/initialization_audit_journal_candidate/seed_4
joint_indicator_revision_dfm_full_kalman_em,exact,pre_advance,A,12,2.557127571980245,1.6795495260359037,0.456740923581004,1.4484535131149985,0.1195596040431776,0.8333333333333334,0.6666666666666666,44.416666666666664,0.0001351494057542,9.477846586773892e-05,0.0003836672873515,0.0,0.0,4,<PROJECT_ROOT>/outputs/full_state_space_release_revision_dfm/initialization_audit_journal_candidate/seed_4
midas_umidas,exact,pre_advance,A,12,3.566509670384565,2.4960294912618424,0.1316475625107676,2.0202056081334403,0.1736020684036617,0.5833333333333334,1.0,0.0,,,,0.0,0.0,4,<PROJECT_ROOT>/outputs/full_state_space_release_revision_dfm/initialization_audit_journal_candidate/seed_4
monthly_mixed_frequency_kalman_em,exact,pre_advance,A,12,2.824731403176868,2.0998132068728386,0.4144363265825692,1.6000344172775602,0.0665795995645039,0.8333333333333334,1.0,28.583333333333332,9.431670360387908e-05,9.448204234813744e-05,9.992598888191642e-05,0.0,0.0,4,<PROJECT_ROOT>/outputs/full_state_space_release_revision_dfm/initialization_audit_journal_candidate/seed_4
no_revision,exact,pre_advance,A,12,1.8557182512354309,1.3020311029988418,0.4314420060076449,1.0511488162759317,0.0628447985576086,0.8333333333333334,1.0,0.0,,,,0.0,0.0,4,<PROJECT_ROOT>/outputs/full_state_space_release_revision_dfm/initialization_audit_journal_candidate/seed_4
release_dfm,exact,pre_advance,A,12,2.9973948916502517,1.8630701304806812,0.613155092474115,1.697837530116506,0.1815780950649336,0.8333333333333334,1.0,0.0,,,,0.0,0.0,4,<PROJECT_ROOT>/outputs/full_state_space_release_revision_dfm/initialization_audit_journal_candidate/seed_4
revision_dfm_kalman_em,exact,pre_advance,A,12,2.7615700382462234,1.944276565172245,0.421651011041922,1.564257437697271,0.1106068417374545,0.8333333333333334,1.0,27.75,9.499212188469112e-05,9.545657424124717e-05,9.936485098632263e-05,0.0,0.0,4,<PROJECT_ROOT>/outputs/full_state_space_release_revision_dfm/initialization_audit_journal_candidate/seed_4
standard_dfm,exact,pre_advance,A,12,2.9973948916502517,1.8630701304806812,0.613155092474115,1.697837530116506,0.1815780950649336,0.8333333333333334,1.0,0.0,,,,0.0,0.0,4,<PROJECT_ROOT>/outputs/full_state_space_release_revision_dfm/initialization_audit_journal_candidate/seed_4
ar,exact,pre_second,S,12,1.80636785450895,1.2556746654369535,0.5226897566497067,1.0,1.0,0.8333333333333334,1.0,0.0,,,,0.0,0.0,4,<PROJECT_ROOT>/outputs/full_state_space_release_revision_dfm/initialization_audit_journal_candidate/seed_4
bridge,exact,pre_second,S,12,2.6539049413862896,1.767629239547744,-0.1576145639371086,1.469194070721402,0.133347614707617,0.75,1.0,0.0,,,,0.0,0.0,4,<PROJECT_ROOT>/outputs/full_state_space_release_revision_dfm/initialization_audit_journal_candidate/seed_4
indicator_revision_only_dfm_kalman_em,exact,pre_second,S,12,0.3971297559191015,0.2833273473739694,0.0496791126920594,0.2198498799277286,0.050627099672959,1.0,0.5,45.5,0.0002084044090443,0.0001416483007804,0.0004955239560942,0.0,0.0,4,<PROJECT_ROOT>/outputs/full_state_space_release_revision_dfm/initialization_audit_journal_candidate/seed_4
joint_indicator_revision_dfm_full_kalman_em,exact,pre_second,S,12,0.3605741497850844,0.2853965366336164,0.0588988003298716,0.1996128025003546,0.0579847092185865,1.0,0.5833333333333334,45.5,0.0001467109261256,9.565476196755112e-05,0.0004278779661197,0.0,0.0,4,<PROJECT_ROOT>/outputs/full_state_space_release_revision_dfm/initialization_audit_journal_candidate/seed_4
midas_umidas,exact,pre_second,S,12,1.1787194890766577,0.8816955370922989,0.2413266915132161,0.6525356870885445,0.33626637228881,1.0,1.0,0.0,,,,0.0,0.0,4,<PROJECT_ROOT>/outputs/full_state_space_release_revision_dfm/initialization_audit_journal_candidate/seed_4
monthly_mixed_frequency_kalman_em,exact,pre_second,S,12,0.2771162923930014,0.2033347749067143,0.0794130753357911,0.1534107749433648,0.0504665786194043,1.0,1.0,28.583333333333332,9.37581198711988e-05,9.344417099474332e-05,9.848143660208904e-05,0.0,0.0,4,<PROJECT_ROOT>/outputs/full_state_space_release_revision_dfm/initialization_audit_journal_candidate/seed_4
no_revision,exact,pre_second,S,12,0.2421589698249203,0.2081999999999999,-0.02885,0.1340585026579482,0.053174252227186,1.0,1.0,0.0,,,,0.0,0.0,4,<PROJECT_ROOT>/outputs/full_state_space_release_revision_dfm/initialization_audit_journal_candidate/seed_4
release_dfm,exact,pre_second,S,12,0.2582426536985984,0.2080968137469737,0.0750628068759998,0.1429623833561852,0.0543555756247143,1.0,1.0,0.0,,,,0.0,0.0,4,<PROJECT_ROOT>/outputs/full_state_space_release_revision_dfm/initialization_audit_journal_candidate/seed_4
revision_dfm_kalman_em,exact,pre_second,S,12,0.2352957260534548,0.1737751756554082,0.0861259369073423,0.1302590308314684,0.0536637305584693,1.0,1.0,27.333333333333332,9.533623275704378e-05,9.551111538095696e-05,9.99196111849942e-05,0.0,0.0,4,<PROJECT_ROOT>/outputs/full_state_space_release_revision_dfm/initialization_audit_journal_candidate/seed_4
standard_dfm,exact,pre_second,S,12,3.092752758762728,1.8027055035476929,0.7445227225211343,1.7121389483558285,0.2253824237925545,0.8333333333333334,1.0,0.0,,,,0.0,0.0,4,<PROJECT_ROOT>/outputs/full_state_space_release_revision_dfm/initialization_audit_journal_candidate/seed_4
ar,exact,pre_third,T,12,1.7787008830053102,1.2297530640953738,0.4850208055197349,1.0,1.0,0.8333333333333334,1.0,0.0,,,,0.0,0.0,4,<PROJECT_ROOT>/outputs/full_state_space_release_revision_dfm/initialization_audit_journal_candidate/seed_4
bridge,exact,pre_third,T,12,2.445114201294465,1.7479392740145376,-0.1986574845853214,1.3746629490413118,0.0668458080856422,0.75,1.0,0.0,,,,0.0,0.0,4,<PROJECT_ROOT>/outputs/full_state_space_release_revision_dfm/initialization_audit_journal_candidate/seed_4
indicator_revision_only_dfm_kalman_em,exact,pre_third,T,12,0.2711694028655704,0.1934712862990247,-0.1074218507164956,0.1524536280700552,0.0747982954369642,1.0,0.5833333333333334,41.916666666666664,0.0001988286186394,9.664001475908136e-05,0.0006046390317838,0.0,0.0,4,<PROJECT_ROOT>/outputs/full_state_space_release_revision_dfm/initialization_audit_journal_candidate/seed_4
joint_indicator_revision_dfm_full_kalman_em,exact,pre_third,T,12,0.2762059542509184,0.1952869915452999,-0.1045768435750017,0.1552852179306495,0.0751465823226581,1.0,0.75,42.666666666666664,0.0001386052871793,9.538721273888671e-05,0.0004563308162819,0.0,0.0,4,<PROJECT_ROOT>/outputs/full_state_space_release_revision_dfm/initialization_audit_journal_candidate/seed_4
midas_umidas,exact,pre_third,T,12,1.0164641102995218,0.8501675648173764,-0.4166727964651591,0.5714643310808359,0.1813806342977702,1.0,1.0,0.0,,,,0.0,0.0,4,<PROJECT_ROOT>/outputs/full_state_space_release_revision_dfm/initialization_audit_journal_candidate/seed_4
monthly_mixed_frequency_kalman_em,exact,pre_third,T,12,0.2664730985696655,0.1932786379054055,-0.0592985220530102,0.1498133278707491,0.0740840050472764,1.0,1.0,28.416666666666668,9.410643926920017e-05,9.384653832010424e-05,9.999501178685108e-05,0.0,0.0,4,<PROJECT_ROOT>/outputs/full_state_space_release_revision_dfm/initialization_audit_journal_candidate/seed_4
no_revision,exact,pre_third,T,12,0.2681974785489229,0.1863916666666666,-0.1095583333333333,0.1507827882200035,0.0746674458540707,1.0,1.0,0.0,,,,0.0,0.0,4,<PROJECT_ROOT>/outputs/full_state_space_release_revision_dfm/initialization_audit_journal_candidate/seed_4
release_dfm,exact,pre_third,T,12,0.2622054083586539,0.1806978182329605,-0.0338796606811601,0.1474139979711648,0.0740998242527457,1.0,1.0,0.0,,,,0.0,0.0,4,<PROJECT_ROOT>/outputs/full_state_space_release_revision_dfm/initialization_audit_journal_candidate/seed_4
revision_dfm_kalman_em,exact,pre_third,T,12,0.2690653833736375,0.1860459950380631,-0.1016090915366274,0.1512707313210651,0.0747502603081458,1.0,1.0,27.5,9.482243245774474e-05,9.463061706674004e-05,9.899459288343924e-05,0.0,0.0,4,<PROJECT_ROOT>/outputs/full_state_space_release_revision_dfm/initialization_audit_journal_candidate/seed_4
standard_dfm,exact,pre_third,T,12,3.0209640145847705,1.786596432371609,0.6318237465785966,1.6984103642432111,0.2060978216154264,0.8333333333333334,1.0,0.0,,,,0.0,0.0,4,<PROJECT_ROOT>/outputs/full_state_space_release_revision_dfm/initialization_audit_journal_candidate/seed_4
ar,pseudo,pre_advance,A,12,1.7654191514099524,1.2051614519067104,0.4652917545569501,1.0,1.0,0.8333333333333334,1.0,0.0,,,,0.0,0.0,4,<PROJECT_ROOT>/outputs/full_state_space_release_revision_dfm/initialization_audit_journal_candidate/seed_4
bridge,pseudo,pre_advance,A,12,2.719390256560005,1.966868572351848,-0.0577995330326413,1.540365218304199,0.122954268920275,0.75,1.0,0.0,,,,0.0,0.0,4,<PROJECT_ROOT>/outputs/full_state_space_release_revision_dfm/initialization_audit_journal_candidate/seed_4
indicator_revision_only_dfm_kalman_em,pseudo,pre_advance,A,12,2.631035990165787,1.7012479773342015,0.6131164732030027,1.490318029043986,0.173639647884854,0.8333333333333334,0.5833333333333334,44.416666666666664,0.0001759384375238,9.241075876705178e-05,0.0004284509031203,0.0,0.0,4,<PROJECT_ROOT>/outputs/full_state_space_release_revision_dfm/initialization_audit_journal_candidate/seed_4
joint_indicator_revision_dfm_full_kalman_em,pseudo,pre_advance,A,12,2.5503559708392447,1.6803577097263178,0.4702030839005773,1.4446178227999862,0.1238159973087575,0.8333333333333334,0.6666666666666666,44.333333333333336,0.0001254430549138,9.433414174472613e-05,0.0003429619436081,0.0,0.0,4,<PROJECT_ROOT>/outputs/full_state_space_release_revision_dfm/initialization_audit_journal_candidate/seed_4
midas_umidas,pseudo,pre_advance,A,12,3.5290158748869644,2.4992822026164765,0.1420709389765957,1.9989677080757369,0.1782030330526486,0.5833333333333334,1.0,0.0,,,,0.0,0.0,4,<PROJECT_ROOT>/outputs/full_state_space_release_revision_dfm/initialization_audit_journal_candidate/seed_4
monthly_mixed_frequency_kalman_em,pseudo,pre_advance,A,12,2.8249467629985174,2.0994941056065444,0.4147483443113026,1.600156405204041,0.0668679102444797,0.8333333333333334,1.0,28.583333333333332,9.438332366821336e-05,9.464055731008136e-05,9.994961427105884e-05,0.0,0.0,4,<PROJECT_ROOT>/outputs/full_state_space_release_revision_dfm/initialization_audit_journal_candidate/seed_4
no_revision,pseudo,pre_advance,A,12,1.8557182512354309,1.3020311029988418,0.4314420060076449,1.0511488162759317,0.0628447985576086,0.8333333333333334,1.0,0.0,,,,0.0,0.0,4,<PROJECT_ROOT>/outputs/full_state_space_release_revision_dfm/initialization_audit_journal_candidate/seed_4
release_dfm,pseudo,pre_advance,A,12,2.991440691775283,1.8296848304237816,0.6805930626328327,1.6944648467114274,0.1954330717777631,0.8333333333333334,1.0,0.0,,,,0.0,0.0,4,<PROJECT_ROOT>/outputs/full_state_space_release_revision_dfm/initialization_audit_journal_candidate/seed_4
revision_dfm_kalman_em,pseudo,pre_advance,A,12,2.747474236181439,1.9175510412836765,0.4440941865678366,1.5562730437058916,0.1202509903731878,0.8333333333333334,1.0,27.75,9.513722525198106e-05,9.545883587944724e-05,9.937130200580004e-05,0.0,0.0,4,<PROJECT_ROOT>/outputs/full_state_space_release_revision_dfm/initialization_audit_journal_candidate/seed_4
standard_dfm,pseudo,pre_advance,A,12,2.991440691775283,1.8296848304237816,0.6805930626328327,1.6944648467114274,0.1954330717777631,0.8333333333333334,1.0,0.0,,,,0.0,0.0,4,<PROJECT_ROOT>/outputs/full_state_space_release_revision_dfm/initialization_audit_journal_candidate/seed_4
ar,pseudo,pre_second,S,12,1.80636785450895,1.2556746654369535,0.5226897566497067,1.0,1.0,0.8333333333333334,1.0,0.0,,,,0.0,0.0,4,<PROJECT_ROOT>/outputs/full_state_space_release_revision_dfm/initialization_audit_journal_candidate/seed_4
bridge,pseudo,pre_second,S,12,2.641525824642671,1.7711097679699084,-0.1769376545310969,1.4623410276312483,0.1416543684394836,0.75,1.0,0.0,,,,0.0,0.0,4,<PROJECT_ROOT>/outputs/full_state_space_release_revision_dfm/initialization_audit_journal_candidate/seed_4
indicator_revision_only_dfm_kalman_em,pseudo,pre_second,S,12,0.3971092780744841,0.2832130985994286,0.0498775905295326,0.2198385434523998,0.0506247573101397,1.0,0.5,45.416666666666664,0.0002120130610277,0.000140973014847,0.0005143644870254,0.0,0.0,4,<PROJECT_ROOT>/outputs/full_state_space_release_revision_dfm/initialization_audit_journal_candidate/seed_4
joint_indicator_revision_dfm_full_kalman_em,pseudo,pre_second,S,12,0.3615997303696129,0.2868930174518759,0.0592820671702215,0.2001805609344789,0.0580568498294926,1.0,0.5833333333333334,45.5,0.0001473908479292,9.572502920782906e-05,0.0004370192643732,0.0,0.0,4,<PROJECT_ROOT>/outputs/full_state_space_release_revision_dfm/initialization_audit_journal_candidate/seed_4
midas_umidas,pseudo,pre_second,S,12,1.185701136523129,0.8855483407343961,0.2472677567448747,0.6564007068457572,0.3426148555537207,1.0,1.0,0.0,,,,0.0,0.0,4,<PROJECT_ROOT>/outputs/full_state_space_release_revision_dfm/initialization_audit_journal_candidate/seed_4
monthly_mixed_frequency_kalman_em,pseudo,pre_second,S,12,0.2770909189118266,0.2033370985618741,0.0794047051368718,0.1533967282578509,0.050465633790433,1.0,1.0,28.583333333333332,9.372632370715984e-05,9.333545536690683e-05,9.827650753848644e-05,0.0,0.0,4,<PROJECT_ROOT>/outputs/full_state_space_release_revision_dfm/initialization_audit_journal_candidate/seed_4
no_revision,pseudo,pre_second,S,12,0.2421589698249203,0.2081999999999999,-0.02885,0.1340585026579482,0.053174252227186,1.0,1.0,0.0,,,,0.0,0.0,4,<PROJECT_ROOT>/outputs/full_state_space_release_revision_dfm/initialization_audit_journal_candidate/seed_4
release_dfm,pseudo,pre_second,S,12,0.2582642308257391,0.2081058876889723,0.0751286071708888,0.1429743283911275,0.0543568266290083,1.0,1.0,0.0,,,,0.0,0.0,4,<PROJECT_ROOT>/outputs/full_state_space_release_revision_dfm/initialization_audit_journal_candidate/seed_4
revision_dfm_kalman_em,pseudo,pre_second,S,12,0.2355750777393285,0.1740727260768429,0.0858044243328629,0.1304136791137529,0.0536835765530743,1.0,1.0,27.333333333333332,9.533857556084318e-05,9.550787274245146e-05,9.991693028862052e-05,0.0,0.0,4,<PROJECT_ROOT>/outputs/full_state_space_release_revision_dfm/initialization_audit_journal_candidate/seed_4
standard_dfm,pseudo,pre_second,S,12,3.090338191796919,1.7966787803152664,0.7390833352803426,1.7108022510935397,0.2284117924931744,0.8333333333333334,1.0,0.0,,,,0.0,0.0,4,<PROJECT_ROOT>/outputs/full_state_space_release_revision_dfm/initialization_audit_journal_candidate/seed_4
ar,pseudo,pre_third,T,12,1.7787008830053102,1.2297530640953738,0.4850208055197349,1.0,1.0,0.8333333333333334,1.0,0.0,,,,0.0,0.0,4,<PROJECT_ROOT>/outputs/full_state_space_release_revision_dfm/initialization_audit_journal_candidate/seed_4
bridge,pseudo,pre_third,T,12,2.4060543580403753,1.6816339326170198,-0.1948123079359753,1.3527031897432258,0.0874306539525077,0.75,1.0,0.0,,,,0.0,0.0,4,<PROJECT_ROOT>/outputs/full_state_space_release_revision_dfm/initialization_audit_journal_candidate/seed_4
indicator_revision_only_dfm_kalman_em,pseudo,pre_third,T,12,0.2710769333835374,0.1923011913277227,-0.1085559801581697,0.1524016409805358,0.0747924431254213,1.0,0.5,44.0,0.0002445150472507,0.0001424350126293,0.0006239116062568,0.0,0.0,4,<PROJECT_ROOT>/outputs/full_state_space_release_revision_dfm/initialization_audit_journal_candidate/seed_4
joint_indicator_revision_dfm_full_kalman_em,pseudo,pre_third,T,12,0.2760828765860471,0.1946479292177297,-0.1050461453104109,0.1552160226735677,0.0751386017794533,1.0,0.6666666666666666,44.5,0.0001736971612735,9.550361131643496e-05,0.0005009286873799,0.0,0.0,4,<PROJECT_ROOT>/outputs/full_state_space_release_revision_dfm/initialization_audit_journal_candidate/seed_4
midas_umidas,pseudo,pre_third,T,12,1.0049995063492765,0.8366962853283667,-0.4030590547246715,0.5650188381596907,0.1751954726845799,1.0,1.0,0.0,,,,0.0,0.0,4,<PROJECT_ROOT>/outputs/full_state_space_release_revision_dfm/initialization_audit_journal_candidate/seed_4
monthly_mixed_frequency_kalman_em,pseudo,pre_third,T,12,0.2670644925978617,0.1937389683519819,-0.0598584292306874,0.1501458143690956,0.074121159105703,1.0,1.0,28.583333333333332,9.28181234038416e-05,9.22090328105168e-05,9.732688187162676e-05,0.0,0.0,4,<PROJECT_ROOT>/outputs/full_state_space_release_revision_dfm/initialization_audit_journal_candidate/seed_4
no_revision,pseudo,pre_third,T,12,0.2681974785489229,0.1863916666666666,-0.1095583333333333,0.1507827882200035,0.0746674458540707,1.0,1.0,0.0,,,,0.0,0.0,4,<PROJECT_ROOT>/outputs/full_state_space_release_revision_dfm/initialization_audit_journal_candidate/seed_4
release_dfm,pseudo,pre_third,T,12,0.2622645428115425,0.1806055434507597,-0.0339522154364766,0.1474472438381082,0.0741033503692909,1.0,1.0,0.0,,,,0.0,0.0,4,<PROJECT_ROOT>/outputs/full_state_space_release_revision_dfm/initialization_audit_journal_candidate/seed_4
revision_dfm_kalman_em,pseudo,pre_third,T,12,0.2690779865033786,0.186057808448903,-0.1015797158565557,0.1512778169023798,0.0747510239457718,1.0,1.0,27.5,9.523564776930776e-05,9.586286353342258e-05,9.96552818420852e-05,0.0,0.0,4,<PROJECT_ROOT>/outputs/full_state_space_release_revision_dfm/initialization_audit_journal_candidate/seed_4
standard_dfm,pseudo,pre_third,T,12,3.006460931357697,1.7612444779031131,0.6397601166449197,1.6902566137359485,0.2108598186240468,0.8333333333333334,1.0,0.0,,,,0.0,0.0,4,<PROJECT_ROOT>/outputs/full_state_space_release_revision_dfm/initialization_audit_journal_candidate/seed_4
ar,exact,pre_advance,A,12,1.7654191514099524,1.2051614519067104,0.4652917545569501,1.0,1.0,0.8333333333333334,1.0,0.0,,,,0.0,0.0,5,<PROJECT_ROOT>/outputs/full_state_space_release_revision_dfm/initialization_audit_journal_candidate/seed_5
bridge,exact,pre_advance,A,12,2.7285847959960545,2.0144923652753204,-0.1362445509224777,1.5455733522641746,0.1002827447363173,0.75,1.0,0.0,,,,0.0,0.0,5,<PROJECT_ROOT>/outputs/full_state_space_release_revision_dfm/initialization_audit_journal_candidate/seed_5
indicator_revision_only_dfm_kalman_em,exact,pre_advance,A,12,2.6325122489492703,1.64646444746284,0.5251255882005053,1.4911542377042946,0.1732076676323181,0.8333333333333334,0.4166666666666667,45.333333333333336,0.0001993643079038,0.0001404656495592,0.0005396242359375,0.0,0.0,5,<PROJECT_ROOT>/outputs/full_state_space_release_revision_dfm/initialization_audit_journal_candidate/seed_5
joint_indicator_revision_dfm_full_kalman_em,exact,pre_advance,A,12,2.554983756500866,1.6729782704570877,0.4631952155506904,1.4472391751615064,0.1214633947968734,0.8333333333333334,0.6666666666666666,44.916666666666664,0.0001771001888456,9.346300142632756e-05,0.0004727725401868,0.0,0.0,5,<PROJECT_ROOT>/outputs/full_state_space_release_revision_dfm/initialization_audit_journal_candidate/seed_5
midas_umidas,exact,pre_advance,A,12,3.566509670384565,2.4960294912618424,0.1316475625107676,2.0202056081334403,0.1736020684036617,0.5833333333333334,1.0,0.0,,,,0.0,0.0,5,<PROJECT_ROOT>/outputs/full_state_space_release_revision_dfm/initialization_audit_journal_candidate/seed_5
monthly_mixed_frequency_kalman_em,exact,pre_advance,A,12,2.824731403176868,2.0998132068728386,0.4144363265825692,1.6000344172775602,0.0665795995645039,0.8333333333333334,1.0,28.583333333333332,9.431670360387908e-05,9.448204234813744e-05,9.992598888191642e-05,0.0,0.0,5,<PROJECT_ROOT>/outputs/full_state_space_release_revision_dfm/initialization_audit_journal_candidate/seed_5
no_revision,exact,pre_advance,A,12,1.8557182512354309,1.3020311029988418,0.4314420060076449,1.0511488162759317,0.0628447985576086,0.8333333333333334,1.0,0.0,,,,0.0,0.0,5,<PROJECT_ROOT>/outputs/full_state_space_release_revision_dfm/initialization_audit_journal_candidate/seed_5
release_dfm,exact,pre_advance,A,12,2.9973948916502517,1.8630701304806812,0.613155092474115,1.697837530116506,0.1815780950649336,0.8333333333333334,1.0,0.0,,,,0.0,0.0,5,<PROJECT_ROOT>/outputs/full_state_space_release_revision_dfm/initialization_audit_journal_candidate/seed_5
revision_dfm_kalman_em,exact,pre_advance,A,12,2.7620363634494924,1.9447917903193703,0.4210614385663813,1.564521581882462,0.110568967936399,0.8333333333333334,1.0,27.25,9.357908841799986e-05,9.36532917823548e-05,9.927088208191344e-05,0.0,0.0,5,<PROJECT_ROOT>/outputs/full_state_space_release_revision_dfm/initialization_audit_journal_candidate/seed_5
standard_dfm,exact,pre_advance,A,12,2.9973948916502517,1.8630701304806812,0.613155092474115,1.697837530116506,0.1815780950649336,0.8333333333333334,1.0,0.0,,,,0.0,0.0,5,<PROJECT_ROOT>/outputs/full_state_space_release_revision_dfm/initialization_audit_journal_candidate/seed_5
ar,exact,pre_second,S,12,1.80636785450895,1.2556746654369535,0.5226897566497067,1.0,1.0,0.8333333333333334,1.0,0.0,,,,0.0,0.0,5,<PROJECT_ROOT>/outputs/full_state_space_release_revision_dfm/initialization_audit_journal_candidate/seed_5
bridge,exact,pre_second,S,12,2.6539049413862896,1.767629239547744,-0.1576145639371086,1.469194070721402,0.133347614707617,0.75,1.0,0.0,,,,0.0,0.0,5,<PROJECT_ROOT>/outputs/full_state_space_release_revision_dfm/initialization_audit_journal_candidate/seed_5
indicator_revision_only_dfm_kalman_em,exact,pre_second,S,12,0.3877997679504718,0.2715578705181651,0.0275548930955562,0.2146848256751627,0.049977634262794,1.0,0.3333333333333333,44.333333333333336,0.0002127932492845,0.0002042771412131,0.0003780680794632,0.0,0.0,5,<PROJECT_ROOT>/outputs/full_state_space_release_revision_dfm/initialization_audit_journal_candidate/seed_5
joint_indicator_revision_dfm_full_kalman_em,exact,pre_second,S,12,0.3408455340837754,0.25800351067507,0.0943477050771782,0.1886910981243253,0.0578420710658333,1.0,0.5833333333333334,42.416666666666664,0.0001637489198778,9.913902447290622e-05,0.0004334033781343,0.0,0.0,5,<PROJECT_ROOT>/outputs/full_state_space_release_revision_dfm/initialization_audit_journal_candidate/seed_5
midas_umidas,exact,pre_second,S,12,1.1787194890766577,0.8816955370922989,0.2413266915132161,0.6525356870885445,0.33626637228881,1.0,1.0,0.0,,,,0.0,0.0,5,<PROJECT_ROOT>/outputs/full_state_space_release_revision_dfm/initialization_audit_journal_candidate/seed_5
monthly_mixed_frequency_kalman_em,exact,pre_second,S,12,0.2771162923930014,0.2033347749067143,0.0794130753357911,0.1534107749433648,0.0504665786194043,1.0,1.0,28.583333333333332,9.37581198711988e-05,9.344417099474332e-05,9.848143660208904e-05,0.0,0.0,5,<PROJECT_ROOT>/outputs/full_state_space_release_revision_dfm/initialization_audit_journal_candidate/seed_5
no_revision,exact,pre_second,S,12,0.2421589698249203,0.2081999999999999,-0.02885,0.1340585026579482,0.053174252227186,1.0,1.0,0.0,,,,0.0,0.0,5,<PROJECT_ROOT>/outputs/full_state_space_release_revision_dfm/initialization_audit_journal_candidate/seed_5
release_dfm,exact,pre_second,S,12,0.2582426536985984,0.2080968137469737,0.0750628068759998,0.1429623833561852,0.0543555756247143,1.0,1.0,0.0,,,,0.0,0.0,5,<PROJECT_ROOT>/outputs/full_state_space_release_revision_dfm/initialization_audit_journal_candidate/seed_5
revision_dfm_kalman_em,exact,pre_second,S,12,0.23528729475499,0.1740081233501609,0.0866690136799975,0.1302543632891161,0.053661064785356,1.0,1.0,26.916666666666668,9.379256866914784e-05,9.462955168526288e-05,9.820630594485676e-05,0.0,0.0,5,<PROJECT_ROOT>/outputs/full_state_space_release_revision_dfm/initialization_audit_journal_candidate/seed_5
standard_dfm,exact,pre_second,S,12,3.092752758762728,1.8027055035476929,0.7445227225211343,1.7121389483558285,0.2253824237925545,0.8333333333333334,1.0,0.0,,,,0.0,0.0,5,<PROJECT_ROOT>/outputs/full_state_space_release_revision_dfm/initialization_audit_journal_candidate/seed_5
ar,exact,pre_third,T,12,1.7787008830053102,1.2297530640953738,0.4850208055197349,1.0,1.0,0.8333333333333334,1.0,0.0,,,,0.0,0.0,5,<PROJECT_ROOT>/outputs/full_state_space_release_revision_dfm/initialization_audit_journal_candidate/seed_5
bridge,exact,pre_third,T,12,2.445114201294465,1.7479392740145376,-0.1986574845853214,1.3746629490413118,0.0668458080856422,0.75,1.0,0.0,,,,0.0,0.0,5,<PROJECT_ROOT>/outputs/full_state_space_release_revision_dfm/initialization_audit_journal_candidate/seed_5
indicator_revision_only_dfm_kalman_em,exact,pre_third,T,12,0.2702474271384611,0.1924168505137645,-0.1089275394322858,0.1519352858710276,0.0747705855486408,1.0,0.6666666666666666,39.333333333333336,0.0001402248694768,9.701943007503476e-05,0.0003716184635887,0.0,0.0,5,<PROJECT_ROOT>/outputs/full_state_space_release_revision_dfm/initialization_audit_journal_candidate/seed_5
joint_indicator_revision_dfm_full_kalman_em,exact,pre_third,T,12,0.275692401128712,0.1945947375830468,-0.1051169761658545,0.1549964942182406,0.0751259711466091,1.0,0.75,40.833333333333336,0.0001366551736497,9.659261294832038e-05,0.0004117563786687,0.0,0.0,5,<PROJECT_ROOT>/outputs/full_state_space_release_revision_dfm/initialization_audit_journal_candidate/seed_5
midas_umidas,exact,pre_third,T,12,1.0164641102995218,0.8501675648173764,-0.4166727964651591,0.5714643310808359,0.1813806342977702,1.0,1.0,0.0,,,,0.0,0.0,5,<PROJECT_ROOT>/outputs/full_state_space_release_revision_dfm/initialization_audit_journal_candidate/seed_5
monthly_mixed_frequency_kalman_em,exact,pre_third,T,12,0.2664730985696655,0.1932786379054055,-0.0592985220530102,0.1498133278707491,0.0740840050472764,1.0,1.0,28.416666666666668,9.410643926920017e-05,9.384653832010424e-05,9.999501178685108e-05,0.0,0.0,5,<PROJECT_ROOT>/outputs/full_state_space_release_revision_dfm/initialization_audit_journal_candidate/seed_5
no_revision,exact,pre_third,T,12,0.2681974785489229,0.1863916666666666,-0.1095583333333333,0.1507827882200035,0.0746674458540707,1.0,1.0,0.0,,,,0.0,0.0,5,<PROJECT_ROOT>/outputs/full_state_space_release_revision_dfm/initialization_audit_journal_candidate/seed_5
release_dfm,exact,pre_third,T,12,0.2622054083586539,0.1806978182329605,-0.0338796606811601,0.1474139979711648,0.0740998242527457,1.0,1.0,0.0,,,,0.0,0.0,5,<PROJECT_ROOT>/outputs/full_state_space_release_revision_dfm/initialization_audit_journal_candidate/seed_5
revision_dfm_kalman_em,exact,pre_third,T,12,0.2690250529082073,0.1861645424827092,-0.1013544322953449,0.1512480572077189,0.0747477438778635,1.0,1.0,27.0,9.41555675577726e-05,9.44333070919679e-05,9.806826453532572e-05,0.0,0.0,5,<PROJECT_ROOT>/outputs/full_state_space_release_revision_dfm/initialization_audit_journal_candidate/seed_5
standard_dfm,exact,pre_third,T,12,3.0209640145847705,1.786596432371609,0.6318237465785966,1.6984103642432111,0.2060978216154264,0.8333333333333334,1.0,0.0,,,,0.0,0.0,5,<PROJECT_ROOT>/outputs/full_state_space_release_revision_dfm/initialization_audit_journal_candidate/seed_5
ar,pseudo,pre_advance,A,12,1.7654191514099524,1.2051614519067104,0.4652917545569501,1.0,1.0,0.8333333333333334,1.0,0.0,,,,0.0,0.0,5,<PROJECT_ROOT>/outputs/full_state_space_release_revision_dfm/initialization_audit_journal_candidate/seed_5
bridge,pseudo,pre_advance,A,12,2.719390256560005,1.966868572351848,-0.0577995330326413,1.540365218304199,0.122954268920275,0.75,1.0,0.0,,,,0.0,0.0,5,<PROJECT_ROOT>/outputs/full_state_space_release_revision_dfm/initialization_audit_journal_candidate/seed_5
indicator_revision_only_dfm_kalman_em,pseudo,pre_advance,A,12,2.6171026729571247,1.6272613465202674,0.5529369873411543,1.4824256726041376,0.1838136423982804,0.8333333333333334,0.5,44.75,0.0001809965730609,0.000116909521898,0.0004885797173249,0.0,0.0,5,<PROJECT_ROOT>/outputs/full_state_space_release_revision_dfm/initialization_audit_journal_candidate/seed_5
joint_indicator_revision_dfm_full_kalman_em,pseudo,pre_advance,A,12,2.5443341190996875,1.663748019871455,0.4799423566369432,1.441206818826937,0.1283156204127045,0.8333333333333334,0.5833333333333334,45.166666666666664,0.0001779151100232,9.559981172147464e-05,0.0004600414817341,0.0,0.0,5,<PROJECT_ROOT>/outputs/full_state_space_release_revision_dfm/initialization_audit_journal_candidate/seed_5
midas_umidas,pseudo,pre_advance,A,12,3.5290158748869644,2.4992822026164765,0.1420709389765957,1.9989677080757369,0.1782030330526486,0.5833333333333334,1.0,0.0,,,,0.0,0.0,5,<PROJECT_ROOT>/outputs/full_state_space_release_revision_dfm/initialization_audit_journal_candidate/seed_5
monthly_mixed_frequency_kalman_em,pseudo,pre_advance,A,12,2.8249467629985174,2.0994941056065444,0.4147483443113026,1.600156405204041,0.0668679102444797,0.8333333333333334,1.0,28.583333333333332,9.438332366821336e-05,9.464055731008136e-05,9.994961427105884e-05,0.0,0.0,5,<PROJECT_ROOT>/outputs/full_state_space_release_revision_dfm/initialization_audit_journal_candidate/seed_5
no_revision,pseudo,pre_advance,A,12,1.8557182512354309,1.3020311029988418,0.4314420060076449,1.0511488162759317,0.0628447985576086,0.8333333333333334,1.0,0.0,,,,0.0,0.0,5,<PROJECT_ROOT>/outputs/full_state_space_release_revision_dfm/initialization_audit_journal_candidate/seed_5
release_dfm,pseudo,pre_advance,A,12,2.991440691775283,1.8296848304237816,0.6805930626328327,1.6944648467114274,0.1954330717777631,0.8333333333333334,1.0,0.0,,,,0.0,0.0,5,<PROJECT_ROOT>/outputs/full_state_space_release_revision_dfm/initialization_audit_journal_candidate/seed_5
revision_dfm_kalman_em,pseudo,pre_advance,A,12,2.7479368662503822,1.917916142448025,0.4434984701820263,1.5565350948276175,0.1202078349310135,0.8333333333333334,1.0,27.25,9.368702992350288e-05,9.384493577611329e-05,9.97371524020595e-05,0.0,0.0,5,<PROJECT_ROOT>/outputs/full_state_space_release_revision_dfm/initialization_audit_journal_candidate/seed_5
standard_dfm,pseudo,pre_advance,A,12,2.991440691775283,1.8296848304237816,0.6805930626328327,1.6944648467114274,0.1954330717777631,0.8333333333333334,1.0,0.0,,,,0.0,0.0,5,<PROJECT_ROOT>/outputs/full_state_space_release_revision_dfm/initialization_audit_journal_candidate/seed_5
ar,pseudo,pre_second,S,12,1.80636785450895,1.2556746654369535,0.5226897566497067,1.0,1.0,0.8333333333333334,1.0,0.0,,,,0.0,0.0,5,<PROJECT_ROOT>/outputs/full_state_space_release_revision_dfm/initialization_audit_journal_candidate/seed_5
bridge,pseudo,pre_second,S,12,2.641525824642671,1.7711097679699084,-0.1769376545310969,1.4623410276312483,0.1416543684394836,0.75,1.0,0.0,,,,0.0,0.0,5,<PROJECT_ROOT>/outputs/full_state_space_release_revision_dfm/initialization_audit_journal_candidate/seed_5
indicator_revision_only_dfm_kalman_em,pseudo,pre_second,S,12,0.3876408412536449,0.2714175199866834,0.0277628796077949,0.2145968443171962,0.0499666035077172,1.0,0.4166666666666667,43.916666666666664,0.000207235935348,0.0001580523329671,0.0003802996763822,0.0,0.0,5,<PROJECT_ROOT>/outputs/full_state_space_release_revision_dfm/initialization_audit_journal_candidate/seed_5
joint_indicator_revision_dfm_full_kalman_em,pseudo,pre_second,S,12,0.3416195851347619,0.2585960954063137,0.0938670455278657,0.1891196105389226,0.0578920233788017,1.0,0.5833333333333334,42.25,0.0001656461134991,9.83981152374928e-05,0.0004335199397103,0.0,0.0,5,<PROJECT_ROOT>/outputs/full_state_space_release_revision_dfm/initialization_audit_journal_candidate/seed_5
midas_umidas,pseudo,pre_second,S,12,1.185701136523129,0.8855483407343961,0.2472677567448747,0.6564007068457572,0.3426148555537207,1.0,1.0,0.0,,,,0.0,0.0,5,<PROJECT_ROOT>/outputs/full_state_space_release_revision_dfm/initialization_audit_journal_candidate/seed_5
monthly_mixed_frequency_kalman_em,pseudo,pre_second,S,12,0.2770909189118266,0.2033370985618741,0.0794047051368718,0.1533967282578509,0.050465633790433,1.0,1.0,28.583333333333332,9.372632370715984e-05,9.333545536690683e-05,9.827650753848644e-05,0.0,0.0,5,<PROJECT_ROOT>/outputs/full_state_space_release_revision_dfm/initialization_audit_journal_candidate/seed_5
no_revision,pseudo,pre_second,S,12,0.2421589698249203,0.2081999999999999,-0.02885,0.1340585026579482,0.053174252227186,1.0,1.0,0.0,,,,0.0,0.0,5,<PROJECT_ROOT>/outputs/full_state_space_release_revision_dfm/initialization_audit_journal_candidate/seed_5
release_dfm,pseudo,pre_second,S,12,0.2582642308257391,0.2081058876889723,0.0751286071708888,0.1429743283911275,0.0543568266290083,1.0,1.0,0.0,,,,0.0,0.0,5,<PROJECT_ROOT>/outputs/full_state_space_release_revision_dfm/initialization_audit_journal_candidate/seed_5
revision_dfm_kalman_em,pseudo,pre_second,S,12,0.2355679717644929,0.1743022986183333,0.0863483176726515,0.130409745266714,0.0536812593600165,1.0,1.0,26.916666666666668,9.379384086786611e-05,9.461885017829474e-05,9.821544390128045e-05,0.0,0.0,5,<PROJECT_ROOT>/outputs/full_state_space_release_revision_dfm/initialization_audit_journal_candidate/seed_5
standard_dfm,pseudo,pre_second,S,12,3.090338191796919,1.7966787803152664,0.7390833352803426,1.7108022510935397,0.2284117924931744,0.8333333333333334,1.0,0.0,,,,0.0,0.0,5,<PROJECT_ROOT>/outputs/full_state_space_release_revision_dfm/initialization_audit_journal_candidate/seed_5
ar,pseudo,pre_third,T,12,1.7787008830053102,1.2297530640953738,0.4850208055197349,1.0,1.0,0.8333333333333334,1.0,0.0,,,,0.0,0.0,5,<PROJECT_ROOT>/outputs/full_state_space_release_revision_dfm/initialization_audit_journal_candidate/seed_5
bridge,pseudo,pre_third,T,12,2.4060543580403753,1.6816339326170198,-0.1948123079359753,1.3527031897432258,0.0874306539525077,0.75,1.0,0.0,,,,0.0,0.0,5,<PROJECT_ROOT>/outputs/full_state_space_release_revision_dfm/initialization_audit_journal_candidate/seed_5
indicator_revision_only_dfm_kalman_em,pseudo,pre_third,T,12,0.2702393807883894,0.1923293991978755,-0.1090233592376323,0.1519307621480405,0.0747701146957733,1.0,0.6666666666666666,39.416666666666664,0.0001378470073259,8.865617973197929e-05,0.0003718921384004,0.0,0.0,5,<PROJECT_ROOT>/outputs/full_state_space_release_revision_dfm/initialization_audit_journal_candidate/seed_5
joint_indicator_revision_dfm_full_kalman_em,pseudo,pre_third,T,12,0.2756585417814838,0.1945594285062266,-0.1050787650525729,0.1549774582198039,0.0751238093822245,1.0,0.75,40.833333333333336,0.0001361106957726,9.628180950583976e-05,0.0004118945259241,0.0,0.0,5,<PROJECT_ROOT>/outputs/full_state_space_release_revision_dfm/initialization_audit_journal_candidate/seed_5
midas_umidas,pseudo,pre_third,T,12,1.0049995063492765,0.8366962853283667,-0.4030590547246715,0.5650188381596907,0.1751954726845799,1.0,1.0,0.0,,,,0.0,0.0,5,<PROJECT_ROOT>/outputs/full_state_space_release_revision_dfm/initialization_audit_journal_candidate/seed_5
monthly_mixed_frequency_kalman_em,pseudo,pre_third,T,12,0.2670644925978617,0.1937389683519819,-0.0598584292306874,0.1501458143690956,0.074121159105703,1.0,1.0,28.583333333333332,9.28181234038416e-05,9.22090328105168e-05,9.732688187162676e-05,0.0,0.0,5,<PROJECT_ROOT>/outputs/full_state_space_release_revision_dfm/initialization_audit_journal_candidate/seed_5
no_revision,pseudo,pre_third,T,12,0.2681974785489229,0.1863916666666666,-0.1095583333333333,0.1507827882200035,0.0746674458540707,1.0,1.0,0.0,,,,0.0,0.0,5,<PROJECT_ROOT>/outputs/full_state_space_release_revision_dfm/initialization_audit_journal_candidate/seed_5
release_dfm,pseudo,pre_third,T,12,0.2622645428115425,0.1806055434507597,-0.0339522154364766,0.1474472438381082,0.0741033503692909,1.0,1.0,0.0,,,,0.0,0.0,5,<PROJECT_ROOT>/outputs/full_state_space_release_revision_dfm/initialization_audit_journal_candidate/seed_5
revision_dfm_kalman_em,pseudo,pre_third,T,12,0.2690390077778895,0.186178905811778,-0.101326130826916,0.1512559027481442,0.0747485860948185,1.0,1.0,27.0,9.442001787472069e-05,9.462098700346388e-05,9.807265912717206e-05,0.0,0.0,5,<PROJECT_ROOT>/outputs/full_state_space_release_revision_dfm/initialization_audit_journal_candidate/seed_5
standard_dfm,pseudo,pre_third,T,12,3.006460931357697,1.7612444779031131,0.6397601166449197,1.6902566137359485,0.2108598186240468,0.8333333333333334,1.0,0.0,,,,0.0,0.0,5,<PROJECT_ROOT>/outputs/full_state_space_release_revision_dfm/initialization_audit_journal_candidate/seed_5
